Timestamp,Station ID,PM2.5_Forecast_+1h,PM2.5_Forecast_+6h,PM2.5_Forecast_+12h,PM2.5_Forecast_+24h,PM2.5_Forecast_+48h,PM2.5_Forecast_+72h,PM10_Forecast_+1h,PM10_Forecast_+6h,PM10_Forecast_+12h,PM10_Forecast_+24h,PM10_Forecast_+48h,PM10_Forecast_+72h,NO2_Forecast_+1h,NO2_Forecast_+6h,NO2_Forecast_+12h,NO2_Forecast_+24h,NO2_Forecast_+48h,NO2_Forecast_+72h,SO2_Forecast_+1h,SO2_Forecast_+6h,SO2_Forecast_+12h,SO2_Forecast_+24h,SO2_Forecast_+48h,SO2_Forecast_+72h,CO_Forecast_+1h,CO_Forecast_+6h,CO_Forecast_+12h,CO_Forecast_+24h,CO_Forecast_+48h,CO_Forecast_+72h,O3_Forecast_+1h,O3_Forecast_+6h,O3_Forecast_+12h,O3_Forecast_+24h,O3_Forecast_+48h,O3_Forecast_+72h,NH3_Forecast_+1h,NH3_Forecast_+6h,NH3_Forecast_+12h,NH3_Forecast_+24h,NH3_Forecast_+48h,NH3_Forecast_+72h
2025-12-29 00:00:00+00:00,site_124,449.29034,218.91193,277.4302,254.9083,260.71265,226.61964,559.6787,327.28882,387.18137,439.85623,341.28275,281.2926,27.506329,41.202538,58.612892,41.287125,42.013283,45.712708,23.53816,13.544537,11.785842,21.691084,20.80583,21.91681,3.7609653,2.4707189,1.9664245,2.627112,1.9950603,1.8695488,5.938975,5.028468,42.488903,5.976592,8.814506,8.6863165,33.513157,37.57426,47.888493,37.701294,34.347748,32.464264
2025-12-29 01:00:00+00:00,site_124,446.68326,207.84003,253.6885,255.2918,235.445,243.58783,524.60675,361.34344,374.23447,411.38303,358.37424,320.34192,34.981113,44.8332,54.97539,45.25823,46.931847,46.524178,21.870028,15.404713,15.04568,20.511597,22.660652,20.24344,2.985709,2.136793,1.7051413,2.266753,1.5632863,1.6251904,6.3692117,9.839181,64.99398,6.990136,8.786272,9.075567,34.934086,38.116325,41.096516,39.16098,34.98503,33.089424
2025-12-29 02:00:00+00:00,site_124,355.28354,247.68756,268.1268,269.5216,198.0681,209.82895,425.39465,367.4688,448.29263,379.80914,260.56006,288.42007,33.176926,43.730907,55.82973,42.400276,47.630386,43.938972,19.908388,14.5354395,16.041473,21.202362,19.275715,18.080488,2.315534,1.9079378,1.9369045,2.0096874,1.3738155,1.1393856,5.3287687,12.283213,57.901424,15.384334,10.908598,10.121448,38.26448,39.338543,49.20631,36.169186,34.819035,32.351597
2025-12-29 03:00:00+00:00,site_124,274.3442,233.88216,278.0229,254.6291,200.5828,218.86723,366.46384,336.4818,463.50458,352.1125,275.0473,284.91046,33.19426,54.441242,53.647747,39.077248,42.764145,39.717587,14.286741,14.610284,16.885996,20.805607,16.551506,15.758996,2.0986776,1.9871405,1.9554223,1.9140128,1.4612601,1.1697129,5.6962957,8.355029,59.914948,8.88043,11.424423,9.227572,36.267124,39.91785,48.85746,34.816196,30.616783,31.289711
2025-12-29 04:00:00+00:00,site_124,243.28587,227.22205,287.6334,243.71349,200.8273,209.3086,292.73273,310.98117,386.89746,359.4839,274.1042,274.25198,27.85869,52.79541,58.27278,34.014557,43.483894,41.37491,12.018581,13.591419,16.90063,21.479145,18.884712,15.260185,1.7032315,2.050851,1.8621678,1.7059029,1.2653832,1.2576853,6.937407,14.098357,44.168976,10.627596,10.293107,9.899378,37.093468,40.96079,50.457874,33.95417,29.654306,31.681154
2025-12-29 05:00:00+00:00,site_124,182.71895,262.09836,271.96738,209.2509,214.11806,207.94592,227.23592,345.21283,385.9564,330.59424,275.26642,279.18875,30.037457,58.922623,69.10735,32.72998,42.64443,45.204926,10.402252,8.541358,14.404527,15.716437,15.576664,14.32581,1.5013163,1.9254628,1.8483205,1.3473922,1.2160226,1.2011578,4.9211717,13.471459,11.366748,6.6329885,10.054411,7.3899055,37.51522,40.406326,48.9608,34.479546,30.976084,30.752172
2025-12-29 06:00:00+00:00,site_124,176.4165,275.03207,255.7214,201.24341,208.7158,205.47519,213.41815,334.47345,368.31442,325.10254,285.3642,260.6351,29.856766,53.00353,75.09139,35.757027,46.55448,41.429173,11.627173,10.389155,13.609816,16.007,16.170301,14.6074505,0.9692531,1.2745574,1.727447,1.1300894,1.0314331,1.0459894,4.9768567,25.808216,6.705057,5.5762734,9.981099,8.742387,38.38795,41.058018,48.986485,34.31897,32.10683,34.09483
2025-12-29 07:00:00+00:00,site_124,177.9755,267.7304,255.71404,200.76161,187.84116,218.58896,213.26141,371.15332,345.48672,298.33575,302.40222,294.00418,43.452892,61.698627,87.63627,46.66091,59.033455,47.333347,8.914805,11.894475,14.603119,12.746162,13.130731,12.464304,0.99197364,1.2090673,1.855292,1.1766037,1.0206602,1.0682393,3.5108907,46.73367,5.9248276,5.9855604,7.548692,9.6461735,35.379086,38.945194,43.727146,33.8074,31.5492,30.972881
2025-12-29 08:00:00+00:00,site_124,176.75706,246.88028,296.51178,201.97083,188.04117,214.86702,242.15674,378.80853,388.4376,325.5633,294.2047,309.44885,44.42562,49.49065,76.12384,47.57643,60.495174,45.806877,8.834861,11.7848215,14.4282875,14.244598,13.621569,12.324747,0.9261365,0.95179224,1.9823413,1.022657,1.0182047,1.0295295,4.855774,51.954014,4.064479,6.433446,7.7256894,7.9237013,36.137646,39.72404,41.8512,35.533413,33.304996,32.7559
2025-12-29 09:00:00+00:00,site_124,181.06268,241.81729,301.31516,203.11993,194.77634,199.50706,260.74512,364.40942,422.52255,304.2265,309.88223,310.45435,39.76162,47.477722,62.307644,44.873734,53.7293,44.888103,8.7475815,12.146067,15.753558,13.753161,15.788254,14.598434,0.698828,0.7044909,1.8104872,0.8969705,0.80445886,0.9474702,8.607833,61.51695,9.549859,13.556037,12.945539,12.171088,35.085407,40.109154,42.093586,35.932022,30.40113,29.226198
2025-12-29 10:00:00+00:00,site_124,191.93863,219.55687,283.81262,211.70851,209.8754,211.48752,273.11304,319.2211,401.1269,316.95377,298.7162,305.75595,40.127457,41.136036,44.150845,38.673054,46.680634,40.856342,7.5140667,9.284692,16.0252,10.865115,11.203578,10.180695,0.72053665,0.72194433,1.6088585,1.0180156,0.7965668,0.9412669,10.382235,35.748,6.0900836,10.935228,16.203056,13.764727,34.62287,39.868813,40.891575,32.756077,32.90336,30.209562
2025-12-29 11:00:00+00:00,site_124,191.8427,219.1062,268.76965,230.01018,225.89633,207.84569,277.96527,275.7336,353.156,328.55035,315.8804,301.68417,43.033756,55.133633,42.351013,45.132877,47.938713,39.770123,7.991181,9.433288,17.019302,11.706294,11.956965,12.249768,0.63235754,0.88028425,1.5057648,0.8517643,0.85941267,0.91719085,18.401834,35.25451,8.273602,21.603838,27.382187,33.13294,30.72957,36.298634,35.5159,31.297638,29.952526,26.318518
2025-12-29 12:00:00+00:00,site_124,196.19978,236.1522,249.40726,254.45734,248.15567,215.82005,255.99535,316.6799,349.90887,334.06693,359.64655,306.1495,35.50325,47.35588,24.240635,42.431404,41.15797,35.59936,8.014816,13.282175,17.698542,12.045799,13.812896,13.89281,0.42407316,1.3763218,1.3570007,0.76308936,0.7515443,0.7465603,29.986034,9.310261,8.269383,36.147045,49.293205,53.832275,27.04867,32.466526,32.33358,29.814375,27.512953,23.641916
2025-12-29 13:00:00+00:00,site_124,216.41504,280.8743,259.9865,277.98514,265.5253,229.11671,273.4958,379.76816,384.7867,356.23975,362.76324,337.42874,34.27829,44.07022,27.2298,45.08068,41.917137,37.409164,6.383494,14.098262,17.118387,10.316676,13.159877,14.203166,0.53321403,1.8486037,1.3158965,0.9260928,0.8406766,0.8825812,47.0884,9.977933,12.639435,44.219887,46.079185,51.224606,35.129673,40.149635,38.405056,36.40868,30.186226,26.178732
2025-12-29 14:00:00+00:00,site_124,216.46785,299.94623,232.22496,266.36703,251.57275,221.32173,280.19202,441.49265,362.7135,375.7656,364.4501,370.631,36.9564,41.40459,30.436481,44.451355,45.836903,39.677586,6.9767876,18.363249,17.102024,11.599075,12.059997,11.964031,0.5861438,2.1233811,1.0706925,0.88737404,0.7970496,0.8140257,47.955067,8.178784,15.605991,45.549255,51.89277,60.986107,39.111828,42.991753,33.570347,37.22126,34.48233,29.466621
2025-12-29 15:00:00+00:00,site_124,209.56589,327.07123,223.27342,294.56012,242.61533,215.35603,277.73325,479.71027,319.98294,361.0255,327.5785,336.18106,56.687386,46.20476,35.600487,51.076336,49.96047,43.02773,6.4759417,21.779137,14.742048,10.540466,10.722747,11.661267,0.7632711,2.305177,1.2564913,0.9367893,0.79756236,0.9270937,34.8298,9.192913,11.6690445,46.129158,52.716335,50.996517,44.54283,47.423702,34.29642,41.208717,36.83164,29.762505
2025-12-29 16:00:00+00:00,site_124,223.31364,341.9119,216.11249,236.78217,233.30235,204.59741,312.8255,497.38608,311.92056,369.059,317.82684,325.44247,60.605465,45.218227,35.85882,56.022583,53.22774,46.21571,5.583994,20.31514,13.431393,10.107829,11.58172,13.716044,1.2187276,2.1771388,1.1840276,0.8568384,0.8223075,0.8412848,18.845514,8.022313,12.525891,44.798294,43.337406,42.749752,43.53195,45.032745,33.524414,39.197613,37.451668,31.382774
2025-12-29 17:00:00+00:00,site_124,237.5443,346.729,228.75356,243.5401,218.1533,192.34583,330.4024,471.31555,338.9477,361.41687,323.74203,303.0506,74.832504,41.308945,41.101845,72.89878,68.98107,53.84305,9.420051,21.035528,11.441474,11.234145,13.02717,14.398651,1.5883709,2.0766158,1.2710233,1.3796921,1.1422132,1.184054,12.272853,10.098074,12.29029,19.431866,20.93424,16.438189,42.25365,42.860195,39.058506,39.64347,37.578697,29.796785
2025-12-29 18:00:00+00:00,site_124,246.31905,293.03683,221.50076,269.99933,219.3472,187.32973,376.2994,427.09842,331.33844,401.50293,334.32236,290.5496,54.450844,41.643158,37.13732,63.427933,59.081345,50.434906,8.808044,12.5246525,14.774218,11.861297,11.853368,16.355282,1.5347058,1.7372625,1.3079871,1.8771793,1.4654667,1.237365,1.7342807,6.0810933,7.826597,5.4510145,4.64612,4.8872666,42.245705,42.10816,38.54709,40.689472,37.877525,32.175957
2025-12-29 19:00:00+00:00,site_124,254.47975,256.58826,227.74431,290.81192,234.8857,224.38501,361.4809,334.411,350.27527,417.59888,393.49377,359.46555,44.721085,31.392244,40.318897,50.039433,51.04844,46.380146,8.99237,10.757169,10.022641,16.0704,14.869806,14.9273405,2.070704,1.4294541,1.5591004,1.902134,1.8536294,1.6324263,1.9237036,5.3377724,8.880025,5.784239,2.2503068,4.249961,39.18076,39.29048,38.472404,39.969006,40.305927,33.34172
2025-12-29 20:00:00+00:00,site_124,259.45074,225.40279,230.13803,308.114,244.91527,279.4188,352.1093,281.5187,315.03058,415.64508,408.6562,356.84998,34.110394,30.423347,39.21905,45.640434,46.11234,40.21984,9.329106,8.560524,11.230391,16.63551,19.16567,16.526087,2.1917784,1.6679302,1.839348,2.352704,2.2293706,2.3092382,1.5626091,2.4288595,3.2516832,2.7896242,0.86110413,1.7559313,38.259506,38.47386,38.611385,41.71735,40.496185,35.61905
2025-12-29 21:00:00+00:00,site_124,295.85226,215.30559,265.4334,279.4176,262.6359,290.44257,384.21558,256.02365,363.06778,394.8293,399.68817,369.58694,31.558596,31.30958,49.02134,42.23406,37.465847,38.419395,9.794501,8.5751505,12.083227,16.542877,18.148392,17.560421,2.1770384,1.8705125,1.7075588,2.707617,2.2068365,2.2436836,2.642962,8.386574,2.5602155,5.1072493,4.7486506,4.248438,37.923054,37.315735,39.25434,42.49083,39.48543,34.6992
2025-12-29 22:00:00+00:00,site_124,296.06033,214.80508,256.5809,273.25293,244.62189,269.733,384.84256,301.63675,382.22726,415.0827,396.73035,358.1001,31.752068,31.05692,43.878727,41.995544,44.143185,39.093163,8.513207,10.1665,13.033016,15.449004,19.901287,17.148333,2.0100083,1.5807352,1.6382695,2.2417068,1.8817768,2.117846,2.5585082,6.0632825,7.092089,2.5369875,4.1527896,6.339361,38.830837,38.822247,42.307957,40.052063,35.965252,33.025875
2025-12-29 23:00:00+00:00,site_124,232.03242,219.53625,292.99918,306.9596,249.8866,259.8804,273.28665,246.40947,415.7956,418.2759,368.98477,348.61365,29.071335,35.599403,59.525047,44.344463,50.95868,46.607044,15.916246,16.156878,12.450712,23.245504,27.109974,22.99779,1.612782,1.4734285,1.4904972,2.1307492,1.7475054,1.9901718,4.336895,4.8926716,20.287115,4.687158,7.9407425,8.227121,38.063675,36.12231,38.659622,36.39996,34.396393,28.867495
2025-12-30 00:00:00+00:00,site_124,191.92787,197.26381,300.24835,264.30386,242.2185,243.40787,224.19183,234.9527,410.26382,384.9731,332.242,310.8426,27.724058,37.754345,59.070156,44.784775,47.11799,37.801556,24.911406,22.379957,15.717254,22.88337,23.788528,23.640558,1.956017,1.8609197,1.7977666,1.8915309,1.6852101,1.3843136,3.8652987,4.5482106,35.43883,7.8241816,9.080157,7.230816,35.34442,42.347294,44.70394,34.173557,28.130371,29.612343
2025-12-30 01:00:00+00:00,site_124,182.9221,214.66435,300.05618,230.01593,235.45439,256.54858,239.49878,245.09805,388.25366,379.15805,294.2948,284.29626,25.992107,44.867004,54.452972,42.788605,42.73088,36.502262,21.83204,17.367071,15.641633,24.540596,23.664442,25.37202,1.9965225,1.937773,1.9669068,2.0288365,1.355167,1.7561668,4.7301607,9.322307,55.907402,9.897376,9.557953,8.998673,36.313118,39.916214,41.48755,34.636185,27.703386,27.906315
2025-12-30 02:00:00+00:00,site_124,186.00223,214.6404,312.41916,232.7638,226.36115,234.46707,240.54878,260.84177,415.64536,370.97922,291.44644,302.69693,37.539307,54.649635,57.916233,45.645443,45.84008,41.01163,21.114481,16.04928,15.439736,22.320091,20.272068,23.69483,2.032751,2.044329,1.8813342,1.8195944,1.236495,1.4006983,5.052763,10.881545,55.99276,7.467008,10.368268,7.9626517,38.110703,39.064644,44.489662,35.0745,26.546438,30.810196
2025-12-30 03:00:00+00:00,site_124,219.9942,233.35873,324.033,230.2775,208.00948,222.1331,295.15985,352.42722,439.94174,369.55295,277.6746,274.41617,53.128685,75.593956,64.770775,54.614426,53.319527,43.161293,21.281738,17.670452,17.357944,21.383535,19.692125,21.589857,2.1810164,2.0185897,1.9804564,1.8599802,1.2236592,1.4008948,3.575782,10.132474,49.605247,6.2795672,9.39008,8.861576,35.248352,37.819603,44.376255,36.59908,23.581047,27.57566
2025-12-30 04:00:00+00:00,site_124,211.37537,209.74387,302.5921,210.09172,200.30478,217.2455,275.8637,302.7174,416.8276,345.4625,243.65646,291.3873,63.204567,85.93038,83.431656,61.124313,57.534958,39.767414,21.293402,17.435568,16.958275,20.50055,17.852793,19.821054,2.214933,2.1992986,2.0097067,2.1849174,1.3662869,1.2832772,2.9969459,12.019278,36.50976,10.245309,13.238749,8.728324,31.233982,37.07214,41.362274,33.283695,21.689993,25.831512
2025-12-30 05:00:00+00:00,site_124,254.8807,229.07841,313.72446,233.74619,197.75958,182.33368,330.975,368.58337,445.54236,329.73035,293.63962,234.98138,67.57001,84.8935,103.37782,59.49934,53.087467,41.432182,23.750893,18.296862,20.675661,20.817608,21.03447,20.826761,2.2364628,2.1829066,2.0015767,1.8563004,1.2046471,1.1517146,2.7243905,15.645824,12.008275,8.563165,12.863411,13.031233,32.585808,37.176,41.447773,31.061014,23.25857,27.343554
2025-12-30 06:00:00+00:00,site_124,259.98532,278.2253,306.242,218.09756,178.51262,190.14487,343.82654,415.8927,394.41998,311.92435,268.86655,249.68173,64.34711,76.64074,103.54975,52.169743,53.84825,41.90716,29.017391,20.602976,23.680458,25.07468,24.77807,20.385286,2.0742953,1.9412643,2.1099894,1.8045145,1.3216413,1.3706108,24.829939,44.8096,13.291691,13.946663,28.95762,19.650915,32.970642,34.832924,39.283157,30.439892,23.738176,27.433287
2025-12-30 07:00:00+00:00,site_124,267.027,303.32016,304.17462,206.22046,176.00694,173.76247,350.82663,429.0299,424.68472,319.93594,255.82292,251.354,66.733406,67.10735,102.638466,54.96864,48.65896,42.782043,25.517761,21.743313,21.684177,22.171713,27.2446,20.379084,2.1986732,1.9275465,2.5239174,1.8838379,1.3247048,1.3639923,0.0,58.631264,7.5990553,6.183844,14.468995,13.257881,33.89376,36.165623,39.086308,31.289215,24.174545,29.625458
2025-12-30 08:00:00+00:00,site_124,280.10532,279.77567,305.61636,216.13539,186.06229,188.64993,387.15472,377.89352,489.69327,321.55536,270.76602,255.98424,75.2954,62.899754,90.35675,53.651207,48.665134,40.946968,28.409788,22.160631,23.300198,22.254126,29.170818,22.134182,2.2327335,1.7141168,2.7122653,2.011994,1.4292043,1.3157504,0.88420796,77.01886,5.789612,7.232265,9.522311,10.548465,35.076103,37.602943,42.445293,32.924156,27.343418,29.222164
2025-12-30 09:00:00+00:00,site_124,278.09418,258.11932,349.4685,220.38876,191.86244,197.51506,397.88983,387.31125,458.9412,309.4287,273.99597,271.72693,86.5003,58.804947,74.06742,58.408062,51.86749,42.63227,27.347582,21.92891,27.89783,22.760035,27.272758,18.653532,2.0951903,1.5685967,2.9887326,1.9300538,1.4780037,1.4475725,1.9815278,66.530815,10.435959,6.344403,11.218881,12.508689,34.525818,36.34924,41.14955,31.34707,26.029617,26.84114
2025-12-30 10:00:00+00:00,site_124,321.67432,229.37764,332.5937,249.09816,198.83664,206.48204,473.7831,360.3799,490.28833,344.89258,294.21045,281.08823,92.51195,62.585102,67.04763,59.22615,49.20017,49.72201,26.881765,20.567743,31.764406,22.217585,26.856554,18.656427,2.1308122,1.3938564,2.667018,1.7646708,1.3422141,1.212799,5.0615115,53.07218,8.960111,12.490508,11.335712,12.551777,37.187542,37.978104,42.93045,32.4754,29.27059,29.600996
2025-12-30 11:00:00+00:00,site_124,311.67,246.47212,334.52277,250.90608,221.44649,206.20453,416.9857,314.87637,452.67688,340.54358,315.79434,291.72333,66.16006,60.622063,40.870594,51.219963,46.401585,47.400307,24.91226,18.580431,25.498804,23.191273,26.098606,21.389671,1.7374604,1.4144756,2.5048816,1.5521744,1.2151102,1.1652889,35.44132,38.05729,9.080346,28.13444,28.57051,32.670288,35.10021,36.227245,39.318977,30.79922,26.066076,28.142963
2025-12-30 12:00:00+00:00,site_124,283.07047,263.41568,291.0924,237.12697,231.72047,210.81448,353.29855,335.09998,352.58292,328.50653,325.29184,296.60226,58.13269,64.155876,37.41511,48.659096,46.838867,44.530174,25.348963,20.405901,22.291628,23.633148,23.516558,21.68649,1.1046044,1.3179046,1.5489842,1.3086907,0.9570762,1.0671712,66.84223,17.847847,11.439794,50.207478,44.198856,48.21605,34.72042,37.138718,38.876835,30.430557,27.725151,27.914255
2025-12-30 13:00:00+00:00,site_124,265.73895,323.63058,294.72598,227.33754,242.63037,220.65149,320.60736,411.24496,356.86417,300.9012,327.76505,318.9246,41.957333,67.48823,34.178726,42.431095,49.240757,42.153202,24.890932,25.386988,22.103743,23.701359,19.764519,20.595243,0.54423845,2.2637732,0.9116026,0.7621388,0.73135686,0.70727706,73.18453,9.309024,10.754567,55.626945,56.011574,63.870605,40.201923,40.524113,44.48203,34.329227,30.48843,33.019947
2025-12-30 14:00:00+00:00,site_124,176.6242,365.62988,275.7539,259.0585,233.34674,223.92943,259.3463,491.547,388.48898,316.38443,328.24173,321.16043,44.112896,63.420986,39.468925,44.9551,47.744747,40.36171,25.700798,34.083416,21.359522,23.000797,19.755966,20.116426,0.3991336,2.452287,1.1751733,0.8999766,0.63344514,0.69124776,60.554928,11.110442,10.910862,52.567715,60.964184,70.94619,40.28923,41.741512,36.899353,37.62079,29.932016,34.438663
2025-12-30 15:00:00+00:00,site_124,142.36218,481.32004,257.03073,245.59976,210.65816,214.21155,212.39487,592.8846,338.21548,280.77902,304.2242,288.6738,59.03471,55.127457,42.30854,53.450436,54.19898,43.583588,25.264666,41.18822,19.065355,23.433092,20.451258,21.044157,0.42541623,2.7665884,1.553976,0.9024536,0.52862954,0.65896106,37.172367,12.040341,10.574258,40.463627,48.862007,66.22537,31.831564,41.004784,37.60607,36.514786,27.486628,30.94425
2025-12-30 16:00:00+00:00,site_124,101.8704,512.9989,244.5786,229.91739,210.29733,158.05293,162.58282,532.8058,275.64825,264.34583,266.9515,267.54813,61.827183,47.376614,35.887424,54.16408,52.30688,39.351707,25.642967,45.959938,18.557587,25.592552,23.028072,21.139044,1.0332273,3.4401612,1.7330402,1.3326734,1.0453669,1.0181841,16.689264,10.161022,10.455594,42.53282,49.973404,52.812885,26.220873,39.48806,28.438683,36.112057,25.966833,32.97388
2025-12-30 17:00:00+00:00,site_124,139.68533,477.34872,213.31273,196.30478,219.59538,174.45923,247.27133,548.58453,296.00854,256.62808,269.8113,304.5382,71.76177,50.294483,44.203007,74.390625,65.912506,62.05111,25.807386,41.168667,17.794146,23.008572,19.893852,22.722288,2.1762252,3.0943458,1.8850507,1.7196622,1.5040734,1.7238537,11.390141,8.825574,8.131106,20.01816,23.462828,18.245022,26.331411,33.41857,35.21116,29.963171,29.197773,29.794243
2025-12-30 18:00:00+00:00,site_124,161.21036,400.52545,239.6392,218.33662,217.89148,193.60818,343.4037,472.82132,308.73065,337.8714,319.8516,290.5675,65.370804,45.77743,34.82688,75.300606,75.57562,69.5695,28.487942,35.736774,15.772809,22.12962,20.362814,22.090612,3.4012246,3.0839067,1.9241055,2.3149018,1.8101121,1.7718338,3.6187494,8.434046,11.990685,7.192821,9.893762,8.585406,31.255497,33.504528,31.28758,31.593618,25.065004,29.50882
2025-12-30 19:00:00+00:00,site_124,282.77475,332.19086,228.67596,291.55655,251.40501,204.78261,480.65656,439.30447,330.88495,437.4334,361.6972,333.11618,65.26595,42.960278,46.450493,68.57089,71.47753,67.80233,29.960361,27.961952,12.74663,25.954638,27.391924,21.097986,5.611547,4.314145,2.1402564,3.385535,2.8039086,2.172473,4.1677237,9.423727,12.730117,9.594724,9.188482,5.848566,36.887802,38.41859,37.743725,35.421417,37.428936,34.573162
2025-12-30 20:00:00+00:00,site_124,454.0138,307.67532,291.1587,353.7452,283.97134,296.478,641.3299,465.55988,404.16107,416.36646,413.735,370.46982,55.446285,34.61709,57.489132,56.609554,63.741375,50.07454,33.614445,22.285982,13.376097,25.121288,19.910336,24.12327,6.6733613,2.6224215,2.4371593,3.5711825,3.2812,2.3659403,4.2899036,14.784003,12.900242,4.403731,9.492404,4.8446236,41.322144,33.009167,41.421597,39.325756,35.958447,42.72039
2025-12-30 21:00:00+00:00,site_124,554.6242,277.79416,323.7719,385.0627,318.09647,319.85303,683.7637,480.33557,428.69855,444.0724,497.96286,385.8304,42.396774,37.40769,69.67479,48.72407,53.792213,45.118725,37.446617,18.805586,11.88126,31.06266,22.35048,21.764046,4.604443,3.050187,2.240142,2.8853621,3.5676377,2.718662,4.259041,14.977611,14.9647455,10.502036,8.31681,4.867166,41.54633,37.144222,47.750114,41.284737,36.389008,50.45058
2025-12-30 22:00:00+00:00,site_124,607.5955,282.1616,315.53394,391.45663,333.92645,326.69955,742.82104,446.27756,426.0551,470.4772,460.7565,420.49792,25.625032,33.939507,73.44674,35.087597,44.338005,43.252186,33.198082,16.982412,14.108867,42.422157,22.05966,21.166029,5.7301235,2.9468746,2.1055076,2.6789436,2.912331,3.1715837,7.948318,17.25323,16.768148,10.298542,8.138566,7.3555675,39.208126,30.363659,45.546497,41.51892,34.645008,49.44276
2025-12-30 23:00:00+00:00,site_124,579.0401,296.81625,314.7663,378.0487,310.96396,276.98718,672.2747,433.7996,429.67157,399.4455,409.44595,361.36557,22.153284,30.981936,79.952774,26.426527,38.287354,37.39418,33.08962,16.568123,13.833116,38.939285,21.846651,14.836283,5.7079186,3.0280182,1.9704998,2.421392,1.9066558,2.813007,9.105815,16.461369,10.454814,6.244952,10.264197,9.121318,37.726418,32.21788,49.268646,40.44497,32.156994,43.451637
2025-12-31 00:00:00+00:00,site_124,574.9438,328.70706,334.43866,321.61047,255.8231,247.71371,726.9594,459.3571,473.72482,392.31317,419.4055,292.33185,20.241827,36.07838,68.8419,28.37073,33.364075,48.41575,27.423504,12.251356,9.032139,20.235676,18.567516,15.933081,5.661363,2.9983132,2.1256132,1.9575839,1.7273479,3.4450028,9.076189,12.216508,25.199263,11.970335,9.377389,11.9856,35.70544,37.803913,54.65966,35.64925,33.366467,43.35258
2025-12-31 01:00:00+00:00,site_124,424.74704,310.20514,308.59814,274.98154,240.814,201.95631,503.8821,350.7058,459.30646,373.73032,357.98822,253.27725,20.894491,39.591675,56.108974,26.449463,30.75055,33.626537,24.045887,10.856834,10.383194,22.785421,21.03499,22.679537,4.8919244,2.3832848,1.9652419,1.7867362,1.5189073,1.8085788,10.527245,17.836765,37.414593,13.064049,10.127743,14.8133545,33.98445,33.377945,47.991962,34.86517,31.74731,39.726006
2025-12-31 02:00:00+00:00,site_124,343.89438,252.70734,273.90277,247.12592,222.57901,172.83247,466.6265,368.28476,428.5606,364.06787,334.41458,227.478,23.603258,61.27732,68.914856,30.172228,32.851265,32.556366,23.939615,13.662878,11.960752,18.95978,19.735409,21.29031,4.0048532,2.1561434,1.753896,2.0305502,1.6357017,1.5858737,7.6346807,13.824307,40.80803,12.107461,8.73887,11.948373,32.63252,35.90997,41.713493,34.66807,29.303888,37.91794
2025-12-31 03:00:00+00:00,site_124,307.6865,241.7013,275.85754,216.32628,203.79881,181.72496,412.2976,376.96304,405.6798,319.28317,320.43436,239.55733,24.500961,71.9465,60.016216,28.062641,34.93555,31.165821,20.583216,9.788866,11.569952,14.945827,14.518698,12.804742,3.8852637,2.4801579,1.7622739,1.9398371,1.9280143,1.7504789,5.8480597,11.099372,41.33499,12.487519,8.277182,13.366264,29.926394,36.103687,42.392216,31.291304,33.423172,40.054607
2025-12-31 04:00:00+00:00,site_124,322.0106,274.9891,259.07806,231.4532,202.4294,209.08969,397.95047,357.45206,356.92227,310.36707,318.9809,252.7819,25.083319,61.961708,68.46725,28.271814,35.558,29.955923,18.041803,8.767937,13.064682,13.961562,15.476798,10.898738,3.5645273,2.3112137,1.7760352,2.1862261,1.5855099,1.6984277,5.8491836,18.192444,29.75759,13.424329,8.655912,14.583084,31.340435,35.435326,48.30586,31.56137,30.654644,36.76902
2025-12-31 05:00:00+00:00,site_124,323.98746,256.26285,269.73773,243.3062,172.86386,199.68304,368.50467,362.5084,336.77325,284.3429,273.1088,251.47029,27.724892,57.63651,65.60511,29.567791,39.557167,32.68821,15.293555,10.293453,11.536599,14.36623,15.640512,11.000708,3.002489,1.9503287,2.0582395,2.4724252,1.4254814,1.5637681,37.95879,22.851278,9.738394,17.223532,23.077442,10.739156,31.684692,36.35163,46.35789,31.562197,29.24947,30.841354
2025-12-31 06:00:00+00:00,site_124,348.1786,287.0683,254.93478,249.71451,167.09767,203.26999,422.07404,422.55737,340.13385,290.3818,264.40384,235.0222,33.615704,47.275322,65.67624,30.911726,39.58811,37.52019,12.679837,12.899904,14.392244,12.38668,12.80388,12.136856,2.1910686,1.9621603,2.1656332,2.403084,1.5765097,1.4317569,5.7101364,29.019825,3.6620293,12.435232,6.0136766,10.094058,36.933964,41.042236,53.822124,31.617434,29.85944,34.145786
2025-12-31 07:00:00+00:00,site_124,258.42313,271.65222,281.70712,221.41026,157.05669,190.15088,307.7738,336.67615,387.3467,274.79797,266.63412,243.1484,33.64467,43.655415,59.599693,35.789837,39.29749,38.180386,10.035894,11.709212,11.421409,14.001029,14.763177,12.163986,1.1977422,1.2670044,1.639137,1.3863868,1.0634674,0.934987,3.4854898,42.17673,8.100359,11.718729,9.7979,9.766184,36.249645,39.989937,49.853226,32.971664,33.17694,36.23674
2025-12-31 08:00:00+00:00,site_124,169.85966,260.23138,261.6788,191.5216,167.2436,191.70001,225.57686,342.73633,393.07407,250.70753,259.1704,251.81369,31.077562,45.99838,55.627274,33.379204,36.72663,36.507584,9.277904,11.380759,12.838252,10.543399,8.783817,10.040871,0.79730064,1.2031003,1.7685425,1.0991371,1.1152155,0.7683497,3.5947678,45.27489,9.928859,13.139073,10.9016695,8.493502,35.36993,41.12685,47.44254,35.805756,34.25661,37.273792
2025-12-31 09:00:00+00:00,site_124,175.21126,244.32237,248.0379,195.09909,160.58447,200.19807,219.41045,292.9989,354.9088,230.95003,245.04344,245.56416,27.465225,37.004524,39.437656,31.034136,34.430565,33.276962,7.3634243,10.870343,13.479832,8.26461,8.244765,9.604934,0.78000444,1.0265739,1.7515763,1.0183481,1.0919505,0.72653306,5.778066,41.916172,6.8240023,14.255682,14.499072,7.962132,36.952473,42.169086,45.02206,35.490444,33.473537,30.075436
2025-12-31 10:00:00+00:00,site_124,159.05676,223.73193,259.39734,194.6053,160.4291,174.83736,209.05157,290.98904,355.26892,280.82745,252.66068,240.73056,33.80654,48.107655,39.584167,35.08011,38.724277,35.221157,5.7635612,9.695201,11.724947,7.496626,7.750496,10.541703,0.91894346,1.1542846,1.818591,0.93822825,0.96638423,0.7004808,6.7015734,32.918903,6.595585,12.651568,12.7009115,10.954418,35.574398,42.126343,42.840256,38.43002,30.901592,28.974659
2025-12-31 11:00:00+00:00,site_124,174.2119,244.21439,232.5311,210.73842,145.64134,176.48611,238.26236,350.47794,322.38254,253.32196,258.8284,242.26768,34.48257,53.57831,30.767353,33.57292,37.13715,34.4214,3.632282,6.514663,12.2269945,6.2489777,5.684781,11.660129,0.8879773,1.3560077,1.5051188,0.9533272,0.95740604,0.8188482,6.744367,13.094298,6.347901,16.125584,14.573749,11.317953,35.289562,39.72735,39.258568,36.391693,29.44788,28.152906
2025-12-31 12:00:00+00:00,site_124,161.38705,209.31438,201.03136,210.50041,138.13507,172.63196,214.89082,288.3683,294.78278,275.4377,271.4434,234.81381,34.038757,50.329876,27.918198,32.977276,34.13003,30.39768,5.3756204,9.397422,8.54357,6.8778114,8.3904085,9.313355,0.76842725,1.7031027,1.4656218,0.859996,0.9543012,0.88324404,10.652144,12.465639,10.490226,19.218699,21.335548,23.832323,36.83092,38.58889,40.795853,37.597984,32.450806,27.310825
2025-12-31 13:00:00+00:00,site_124,171.58543,222.74048,199.80505,201.54369,151.50772,168.3346,219.8419,294.06372,265.16898,234.96672,269.11838,242.25078,34.294506,44.812458,26.757923,33.72562,35.055084,26.849508,2.4396973,7.210229,11.858442,5.881633,7.832,9.460144,0.7885845,1.9885321,1.1989121,0.81949055,0.91554695,0.83787954,10.361301,8.837785,11.911626,26.868519,29.305555,40.153687,35.761803,37.964092,40.523685,33.709167,27.687794,26.96106
2025-12-31 14:00:00+00:00,site_124,186.45357,231.8633,193.4956,165.62227,129.36662,168.65569,241.08539,300.71457,278.809,201.33223,213.86032,230.1659,36.73832,31.374983,27.074802,31.747137,35.121326,28.021587,6.4379134,8.57977,10.602393,7.7423863,10.193751,11.072886,0.79911876,1.4892132,1.122341,0.7276502,0.84583783,0.90034676,10.74852,11.124329,12.50562,38.11377,38.08289,39.106197,36.30623,37.348957,33.799923,34.07038,30.911762,24.457216
2025-12-31 15:00:00+00:00,site_124,192.51747,249.29587,183.29936,163.39,140.79346,156.83255,260.38474,280.7028,249.2926,230.13896,234.39925,252.32556,36.590714,29.373688,28.152353,38.8142,33.6108,32.242573,7.6014924,10.397554,9.218155,7.982937,11.054497,10.463322,0.9067021,1.4826474,1.1684415,0.84526014,0.8411237,0.88100517,12.782625,10.809723,14.277609,43.24235,37.327312,43.37119,39.54388,37.554104,34.178337,33.726963,28.61013,24.56999
2025-12-31 16:00:00+00:00,site_124,234.29378,218.86249,178.66959,175.55614,140.67825,200.87325,317.33325,282.67834,253.5679,290.19427,233.40332,291.35007,37.11452,34.43715,27.770006,37.25731,39.669174,33.9066,7.925641,11.080268,8.951216,10.060813,14.8264265,14.334624,0.89017034,1.3055102,1.2415926,1.1567491,1.1800884,0.93656266,11.562903,15.336985,19.646496,40.431965,26.027205,49.582806,36.692028,37.73956,44.163654,31.534378,29.353888,28.418348
2025-12-31 17:00:00+00:00,site_124,213.2996,214.28238,174.37393,202.7983,145.02823,218.32516,302.92346,255.87405,231.76888,304.39456,228.42711,299.5296,38.480507,24.98007,22.255836,40.356983,47.40983,34.478577,3.6813731,9.171604,10.718095,8.157703,9.657902,14.753048,1.0056612,1.0434421,0.94961256,1.1511314,1.1979123,1.1125236,9.8936205,12.991142,16.66422,21.557638,18.41239,21.507416,36.230835,36.476036,40.256744,29.175447,29.981867,28.984123
2025-12-31 18:00:00+00:00,site_124,231.42209,197.20459,175.8934,217.43385,145.20427,218.02751,321.23474,278.99646,211.99364,313.72064,233.08224,327.7467,38.39064,27.932169,25.584314,45.016354,50.500145,48.365562,6.7088184,7.5482397,7.4242344,8.927692,12.22023,11.637134,1.3133842,1.2523621,1.0179687,1.6236287,1.213837,1.3647615,4.362702,11.001588,14.027154,14.839987,9.943516,10.514136,38.855602,35.725883,34.026012,30.844711,28.883686,26.631632
2025-12-31 19:00:00+00:00,site_124,252.89665,188.88145,186.58665,235.4879,161.53899,230.0887,340.32562,271.8368,221.68753,359.50052,303.65433,376.98065,39.379566,25.931217,31.541664,50.4037,56.8273,44.655354,8.096133,6.447045,6.9829946,9.807458,11.643914,11.532631,1.4162252,1.164448,1.1883546,2.2071033,1.5031359,1.8948916,3.4042463,12.171979,11.582571,10.882364,6.476166,7.283508,37.93054,34.705956,35.1506,32.77039,28.423891,24.778118
2025-12-31 20:00:00+00:00,site_124,270.04102,184.93932,188.81026,247.8172,199.0671,263.8528,358.59122,232.90685,254.96043,366.66965,344.4607,398.5831,38.3049,30.538523,38.419758,47.74592,52.429913,38.38113,7.9467354,5.7016063,8.500236,12.245762,12.924142,12.456984,1.3829386,1.2190112,1.3585182,3.0358968,1.7322013,2.4820535,3.589012,15.099027,11.022287,6.737918,5.6833296,4.703373,42.099995,35.85617,37.103607,31.897007,29.581005,27.925764
2025-12-31 21:00:00+00:00,site_124,274.22742,168.12825,193.78671,260.18484,176.94246,280.7376,365.46884,235.98949,259.47244,345.82272,351.23856,422.67538,37.392437,26.066294,41.94329,40.262577,45.131096,40.66646,8.434461,5.246154,9.094336,14.075407,11.897546,12.441297,1.3037212,1.2736478,1.3953564,2.8093762,2.1713333,2.6276655,4.357918,12.344215,12.27047,10.273725,4.8354063,3.3057685,43.611984,38.43223,36.474392,32.610825,29.284636,25.964693
2025-12-31 22:00:00+00:00,site_124,258.80048,133.98949,183.91504,270.95605,170.34196,246.05168,340.35855,233.7765,263.4884,317.8673,340.86298,404.82358,35.979694,24.295439,43.72462,37.81327,56.321,42.92573,6.904504,8.301057,11.00373,13.831254,13.829515,13.582626,1.1623162,1.2625045,1.1558449,2.458793,1.8958032,2.0275733,3.9521112,10.367057,17.01547,5.803627,4.3942847,1.9492834,39.0297,36.364468,41.835754,31.689154,30.949827,24.210863
2025-12-31 23:00:00+00:00,site_124,259.27213,157.06479,188.52042,301.46832,174.35124,250.27065,347.00058,249.01495,291.8163,362.59344,309.03146,380.8532,31.355412,30.826477,42.546253,30.544773,40.053925,45.83593,26.805305,14.798169,18.156584,21.483498,17.606207,21.523487,0.9235686,1.0312235,0.8962409,1.732607,1.7384275,1.7281042,5.33367,11.360944,13.150482,8.423817,10.646949,6.2286706,39.360226,32.93044,40.145084,28.963066,27.931736,23.71601
2025-12-29 00:00:00+00:00,site_1420,417.3485,263.65927,244.82062,297.19748,233.05637,226.057,592.43494,404.0501,327.8576,404.0752,360.38983,300.95917,53.461628,56.278572,65.16395,59.22331,52.153435,51.805767,12.441995,9.659387,11.818035,12.592282,13.970212,12.931031,3.398502,1.653485,1.519665,2.5714798,1.8512924,1.467241,7.5555587,12.079364,41.833233,8.765792,10.657553,10.640529,38.171448,41.233944,51.072895,40.473415,34.05733,31.170137
2025-12-29 01:00:00+00:00,site_1420,410.9831,238.89677,242.51785,292.26797,216.54652,227.81938,595.4769,382.66794,344.70093,412.7767,331.02002,295.82697,49.779995,60.805737,56.09669,56.36481,48.664494,43.3619,14.516069,11.107296,11.975954,14.271914,13.669451,11.720277,3.0938284,1.7385671,1.518166,2.3079953,1.556478,1.1430204,9.127359,16.325327,65.85114,12.435787,26.405893,20.245354,32.451923,39.5006,51.106415,40.11826,36.636402,32.47319
2025-12-29 02:00:00+00:00,site_1420,393.5735,232.2499,265.46017,257.95175,183.72844,194.81723,572.2206,418.3893,412.05408,391.65762,313.40567,278.71173,47.124622,62.70945,50.055317,47.94765,41.760857,34.74868,4.6754155,3.6006377,11.484713,7.2061214,6.335575,7.1957088,1.5709907,1.1327368,1.2775058,1.0972852,0.89187586,0.86410266,8.960194,14.711142,55.383743,13.0382185,12.15872,10.43484,36.584988,44.37872,44.70278,40.93042,36.181725,32.719448
2025-12-29 03:00:00+00:00,site_1420,343.55228,250.94524,243.88844,283.71545,170.04942,191.48433,512.92053,418.63855,400.52936,388.307,299.4068,254.92078,44.623768,79.605804,47.204853,43.359924,42.610153,32.412117,6.973014,7.7487497,8.667842,8.662615,8.24414,7.2410865,1.7624546,1.6912597,1.3386501,1.4790769,1.3467829,1.1521213,6.705447,13.453537,49.442375,15.936231,10.710276,7.9306207,34.90467,44.01092,47.99342,36.979553,34.136402,30.745161
2025-12-29 04:00:00+00:00,site_1420,354.2619,249.88461,264.02203,260.10663,185.34114,207.42833,586.09906,413.5355,403.37616,401.38846,316.32498,266.68265,49.55688,77.2908,53.61927,44.541252,38.469563,33.294884,5.6268063,7.636888,8.145848,6.736419,6.6703315,6.0429745,1.702791,1.695293,1.2240045,1.7318989,1.321893,1.0753651,7.6862345,12.324417,40.54688,14.017372,10.661871,9.113436,35.436848,44.47018,48.633514,37.25379,33.909187,30.129742
2025-12-29 05:00:00+00:00,site_1420,343.67953,281.22855,238.8943,273.7183,178.06065,200.53773,530.5798,445.9766,374.5981,368.5121,332.87677,263.29532,57.267414,78.34038,83.30805,52.41856,42.746876,35.4758,4.740581,6.3922486,8.716071,5.769411,6.0564013,5.888778,1.3838097,1.4225429,1.4342791,1.4849148,1.2549455,0.88287485,5.8090744,10.561372,18.467787,13.461103,13.102586,11.31742,37.069485,46.089813,47.754986,35.122887,32.686924,28.257805
2025-12-29 06:00:00+00:00,site_1420,314.59106,316.1667,237.43805,231.67085,180.47159,184.7547,484.4189,489.2318,398.10724,353.3638,284.9165,266.54257,62.116226,75.55947,80.75641,54.146225,51.929695,39.18714,5.2372236,7.5464363,8.242584,5.7253222,5.5296116,5.8424006,1.2047673,1.5239753,1.6367831,1.1859479,1.1604245,0.939782,5.742829,23.799246,13.090182,12.04529,11.545572,10.094888,37.151703,44.332882,49.7614,35.1781,34.33706,31.092644
2025-12-29 07:00:00+00:00,site_1420,303.31973,328.46442,206.0294,226.34042,191.27026,203.74425,494.14105,509.6538,378.2985,345.59222,296.74988,276.98798,63.902798,71.764854,78.14765,52.335556,51.931385,38.498997,4.1897764,8.647623,8.468025,5.8679223,5.870818,5.504896,1.0914365,1.2482475,1.5031738,1.1146965,1.00868,0.9608061,5.2550993,32.74272,7.902516,10.642078,11.52967,10.1386175,36.720577,43.909702,48.910946,37.1379,34.05867,31.68062
2025-12-29 08:00:00+00:00,site_1420,298.62805,298.36905,248.6064,224.5486,198.09875,198.93246,486.33484,495.21622,424.8568,344.81177,326.23618,302.10535,74.842705,68.52452,81.9143,63.16038,62.106094,52.676647,9.27611,10.774393,9.51184,8.5897875,9.696427,8.567814,1.5551343,1.4501821,2.2890863,1.372071,1.1682711,1.0341457,5.8742642,54.345913,9.568031,10.749311,12.67532,10.872472,36.38753,41.849827,47.784447,35.675735,34.900043,31.017113
2025-12-29 09:00:00+00:00,site_1420,264.25845,247.60847,280.91516,245.16927,216.90837,206.15128,433.99973,410.77762,455.8106,359.9703,309.45523,290.87756,87.61223,69.89297,80.91939,74.63241,68.541504,57.151585,11.265224,12.55122,13.024062,10.738392,14.035462,9.310663,1.250275,1.096612,2.1044803,1.2157161,1.0550281,0.99575126,10.256852,65.32934,6.984848,12.401728,15.803996,11.787157,36.85987,40.160957,46.22897,35.47199,36.987183,33.110275
2025-12-29 10:00:00+00:00,site_1420,256.41806,250.62067,283.24908,252.17546,223.45576,218.56216,402.93814,347.54245,413.47552,380.08252,329.5375,314.4153,98.039825,80.82441,62.750988,88.41469,75.63803,65.26736,10.642794,10.290678,13.078879,11.089981,11.204028,9.607944,1.1260523,0.9960881,1.4710913,1.2197707,1.0447936,0.9466526,19.525787,53.54254,7.507321,19.136158,20.929867,16.635857,36.52402,39.09999,46.03603,35.201153,36.63041,33.71178
2025-12-29 11:00:00+00:00,site_1420,244.16225,215.57083,282.7977,266.41794,241.04025,202.94632,375.48322,313.22214,387.9867,390.794,334.62912,321.18466,65.17771,76.15347,46.642143,66.07444,58.11616,55.634678,9.339303,8.143016,10.055129,10.726902,9.839033,9.817493,0.906804,1.1198901,1.4334619,1.0933781,1.0318502,0.9359566,36.903027,25.080763,10.234167,31.226992,31.785648,30.602419,36.82038,36.673504,41.982655,33.48336,35.05206,32.222794
2025-12-29 12:00:00+00:00,site_1420,275.20306,231.80898,271.481,270.32388,255.52425,231.28374,370.03763,299.32095,393.6492,391.9723,381.35962,330.71164,59.797688,76.42826,40.1465,69.59335,53.667736,50.354744,9.667156,8.536366,9.215647,11.465055,10.784303,10.080836,0.7795416,1.5137621,1.2358632,1.0864608,1.1245239,1.0505584,56.376064,9.172881,8.280709,43.465916,38.641613,41.47523,37.680416,37.607872,41.778732,33.84032,34.610855,30.701551
2025-12-29 13:00:00+00:00,site_1420,274.8056,248.72794,263.98386,285.18704,259.74597,216.06989,395.0277,415.91302,414.83405,456.08844,393.60623,335.27548,58.90527,72.40558,46.824966,66.34541,52.38446,48.87447,9.766457,9.458766,10.202676,12.378547,10.757566,10.839186,0.8002837,1.8695264,1.173264,1.0409435,1.0513489,0.92790896,74.71684,8.877391,8.402153,53.52843,51.123466,50.108486,37.855015,38.546627,44.67693,36.69596,34.243034,31.562489
2025-12-29 14:00:00+00:00,site_1420,310.11945,296.3151,260.66275,269.3346,248.4847,204.89758,481.7293,453.04065,400.48865,481.10007,368.3782,313.9517,73.92406,78.18706,52.887783,67.63463,56.310417,45.914932,9.360085,7.6572223,7.606507,12.805401,10.262052,9.223044,1.6219311,2.3492084,1.7249334,1.5280536,1.5384626,1.1743766,77.818,10.314852,10.601057,71.14622,59.041733,69.33025,37.121597,36.136333,35.990803,35.24274,34.49149,29.849558
2025-12-29 15:00:00+00:00,site_1420,358.53024,368.0769,257.7161,266.11755,239.81114,193.59453,556.6581,470.8491,397.81244,468.74268,373.58743,287.28848,77.925804,73.032684,55.418156,66.88314,52.587715,40.88795,8.253322,8.296522,7.463846,10.164816,9.692031,9.2231045,1.5915248,2.4272978,1.7004955,1.453648,1.5650041,1.154547,47.486042,10.8303995,11.754234,61.370102,54.83251,63.733105,36.695496,34.76255,33.701008,32.967117,32.481167,30.211145
2025-12-29 16:00:00+00:00,site_1420,330.61646,345.68515,229.13951,263.3074,225.36566,176.82831,507.1612,503.38608,388.72058,456.81628,341.45428,282.61264,65.12482,55.775543,36.759464,56.716866,49.401028,36.742516,6.7778773,7.2993298,7.4343166,9.040186,8.650829,7.8125,1.2541913,1.9266756,1.297745,1.0729817,1.3159722,1.0524848,32.299103,7.8705554,14.357552,47.651234,41.107864,52.936687,35.48115,35.569725,34.26793,34.15605,32.497684,30.757305
2025-12-29 17:00:00+00:00,site_1420,263.69043,310.27692,220.42212,258.50336,211.12196,175.3232,412.2988,455.12634,375.42856,391.28473,355.61118,297.31454,65.64075,52.932747,41.476868,57.243217,57.626347,45.450558,10.2619915,12.4073,9.597814,11.190629,15.021533,10.201565,1.417942,1.8943174,1.1201057,0.9053984,1.0863816,1.0106307,19.419518,8.439006,12.125952,35.768017,32.252068,34.7521,38.287334,36.8864,33.83313,37.84703,33.44702,30.269793
2025-12-29 18:00:00+00:00,site_1420,266.17722,282.01483,235.23357,273.58548,208.83821,205.9903,392.47858,426.8111,368.4623,397.35718,328.70224,289.35162,66.06336,52.39555,48.175526,72.01435,63.41765,55.382145,11.9037485,11.478318,10.357265,13.238196,14.59891,11.379925,1.674929,1.3418981,1.1570559,1.5911655,1.3908087,1.2079282,11.779931,12.9918585,14.795225,16.523314,12.661074,15.23247,35.931442,37.765064,37.02015,37.820457,31.357635,31.81604
2025-12-29 19:00:00+00:00,site_1420,292.8845,257.94183,238.29506,289.32318,213.35986,234.1133,437.56155,403.3094,360.89966,436.38303,351.84808,354.70914,62.74574,47.590237,49.620495,72.958664,63.719177,53.83537,8.965177,8.15135,9.900515,10.61203,11.809205,9.832172,2.1006727,1.712955,1.230761,1.8067698,1.5414053,1.3136419,5.9715853,10.246159,10.725364,11.75965,9.463462,10.633276,34.666916,39.068043,41.143333,37.58286,33.046097,29.977583
2025-12-29 20:00:00+00:00,site_1420,314.18378,250.36623,262.68744,286.00943,218.33702,276.18915,476.4734,413.0978,381.25436,439.95822,351.01617,399.19995,57.721455,42.6563,55.86355,67.5051,58.670624,47.508743,9.558129,11.486933,9.309455,9.600218,13.976492,10.043674,2.441323,1.5652964,1.3579935,2.064314,1.9705297,1.4745607,4.9587674,9.233245,7.7155166,8.934762,6.5812464,10.87671,34.226997,36.39059,40.201572,41.054558,32.561646,31.26339
2025-12-29 21:00:00+00:00,site_1420,325.60712,248.31448,246.7784,303.67975,238.42143,285.04535,497.0594,407.00577,406.53717,439.33978,364.97827,408.06668,57.559994,43.55585,70.20047,66.46088,56.73009,51.22119,10.298381,10.336477,10.527989,11.552114,14.839192,10.7394905,3.0440223,1.7866229,1.3796269,1.9842961,2.171411,2.0779538,5.4853344,14.105353,10.510395,7.638399,10.902255,9.615836,35.886597,33.260548,39.291325,41.202755,34.05669,31.117569
2025-12-29 22:00:00+00:00,site_1420,359.964,268.36893,255.68512,316.04303,251.57289,294.77277,531.9245,415.16818,445.03036,456.31293,350.8093,399.23404,51.42335,44.545414,61.324535,54.612965,51.365948,50.15749,11.293152,9.315428,10.5419855,11.9528885,17.784983,11.724015,3.5247777,1.7676907,1.5357833,2.1381478,2.3648868,1.723861,6.9990954,10.643819,8.1198225,10.107377,8.822645,11.2419405,34.746445,33.28577,40.78145,39.056774,36.530807,32.23049
2025-12-29 23:00:00+00:00,site_1420,387.92725,223.66699,225.17606,305.80743,278.72113,319.001,575.51886,405.6683,425.12964,470.15765,395.64743,405.26923,42.133568,44.873676,60.294903,48.945496,46.34615,47.231293,12.427558,9.319032,10.995242,14.79278,14.190087,12.696609,3.2351694,1.7287208,1.2877718,2.2675064,2.3150153,1.8718845,5.9784913,11.280169,20.579048,6.115578,7.6688333,8.203441,34.27913,36.699085,37.848846,37.737366,35.548206,32.28801
2025-12-30 00:00:00+00:00,site_1420,362.3334,252.5132,274.25046,296.7023,242.34097,249.4267,542.472,393.59354,392.28125,416.56607,395.2427,383.6819,48.77344,55.286667,63.854324,51.200325,48.027996,47.692215,13.784001,11.275015,12.533872,13.973392,12.924677,13.478939,3.0807319,1.6998268,1.4627477,2.5075686,1.8435302,1.8369608,8.72491,7.2495604,21.105947,8.291426,8.578305,8.216852,37.791027,43.74296,43.65112,37.600174,33.174397,33.413757
2025-12-30 01:00:00+00:00,site_1420,303.2753,240.23782,286.97403,266.43094,201.73941,225.32716,484.20514,365.76416,422.746,396.6339,368.82556,343.7869,49.405613,57.890163,50.410606,50.214973,43.328335,44.998474,12.338569,10.742713,12.053454,13.427483,13.05369,11.853236,2.4598036,1.8557147,1.5290118,2.1884124,1.5956762,1.7473917,8.588905,12.0329,45.2358,6.427316,17.066866,18.06286,31.64789,37.305187,43.499203,35.235493,30.647099,35.35986
2025-12-30 02:00:00+00:00,site_1420,351.10153,246.05974,272.48917,270.65146,192.11664,196.98656,554.52826,414.8976,435.7326,372.2226,355.64212,314.0857,54.34923,68.32058,48.586014,51.824703,41.19814,38.276615,6.138625,5.146287,11.137847,8.234321,9.156501,9.320275,1.4200909,1.154631,0.89794874,1.3132005,0.93298924,1.1550418,7.8708344,11.254849,49.909943,7.0369244,9.512971,8.039531,35.98751,41.408443,41.420868,32.746925,28.936934,31.542313
2025-12-30 03:00:00+00:00,site_1420,309.5852,247.68175,271.73013,254.3503,165.22682,185.72891,494.7843,398.7068,408.19604,354.33887,322.3528,293.3905,57.412376,81.92777,55.258583,53.145718,41.563316,39.757034,6.367236,10.782595,11.703015,7.833667,7.7648954,7.898265,1.0783532,1.1918631,1.0056243,1.1756701,0.9967681,0.9454635,6.0881705,10.865504,49.840347,10.017959,9.161766,6.5545497,35.883858,42.913456,44.632607,32.95724,26.554295,31.30733
2025-12-30 04:00:00+00:00,site_1420,285.5388,209.76442,252.31155,246.98375,157.9085,182.38472,457.21204,356.07138,377.36487,338.382,298.33978,275.15323,69.15456,80.06807,63.407337,58.377647,48.2507,43.34012,6.6344733,7.5073724,9.769196,8.1246,7.6683655,7.736602,1.1579728,1.2569284,1.1373934,0.95306575,0.8626867,0.9397463,6.644819,13.80549,42.904423,13.978885,9.957415,7.719438,35.405243,42.400887,47.175507,31.488459,26.71294,30.349335
2025-12-30 05:00:00+00:00,site_1420,258.4184,265.67462,227.11572,244.64922,163.98051,159.7177,419.80496,433.86847,377.43634,337.78452,299.7687,267.61917,87.30892,88.279144,85.71661,64.32681,53.078434,52.00491,8.668056,10.635421,11.281927,9.629864,10.407803,9.633623,1.0320051,1.1194224,1.339401,1.1076365,0.9350989,0.9713449,5.8384647,20.086279,25.154541,12.282189,12.926723,10.092473,36.98278,42.205296,44.805122,31.39551,28.888184,30.519955
2025-12-30 06:00:00+00:00,site_1420,252.07475,281.5997,224.03703,200.52791,159.51631,158.1626,418.112,434.30322,366.46368,320.7193,279.14142,251.21475,86.45169,80.006325,85.89944,66.08188,52.772755,52.804375,5.115739,9.464861,9.323237,7.016858,7.5500574,6.491725,0.9067279,0.9017886,1.415296,1.0759408,0.9326772,0.7765652,5.213337,31.364416,13.145542,9.030065,12.630778,8.582909,35.579784,42.48648,47.316643,30.973139,28.189064,29.868551
2025-12-30 07:00:00+00:00,site_1420,235.62369,250.90425,220.73935,204.88745,168.87407,161.51993,397.69766,420.90448,357.71313,312.46854,269.1361,258.77982,69.6537,64.22511,79.58966,55.943645,48.970947,45.822903,6.4530144,9.336374,10.135914,7.117023,7.626454,6.966572,0.80582196,0.8197658,1.6267755,0.74940205,0.8151725,0.8755619,6.2573924,35.929115,5.777713,8.955204,10.313056,10.384287,35.8092,39.164352,47.94322,31.842157,26.920061,30.502666
2025-12-30 08:00:00+00:00,site_1420,245.78354,240.16316,234.39845,206.99065,175.70764,171.0288,415.1224,343.6735,411.47702,312.27704,276.92606,280.43936,79.79455,58.866512,80.790146,60.16133,48.08061,48.11678,7.716788,8.940052,9.058985,8.596283,8.442901,8.076862,1.8281995,1.3915541,2.4939723,1.5243025,1.298449,1.3551061,5.8246408,54.354527,8.150498,8.094838,11.590932,12.431391,36.184883,41.101837,46.7394,32.603165,27.960676,31.791924
2025-12-30 09:00:00+00:00,site_1420,276.58105,222.96274,243.2547,205.55772,171.57675,183.82442,447.12686,340.30423,420.26102,343.9352,290.37027,266.25818,88.97561,61.646915,77.63281,62.534954,54.988678,51.509247,9.50459,10.922648,9.587863,9.221878,9.719385,9.127534,1.6461694,1.1646471,2.438096,1.5010226,1.2278792,1.1560248,6.6128855,52.687195,5.0551825,11.824665,12.300915,14.779491,35.834,38.251965,45.68943,34.022877,31.149437,31.000189
2025-12-30 10:00:00+00:00,site_1420,267.77673,198.00194,272.40707,207.7861,208.06447,218.55434,433.62762,287.1976,445.08173,374.10873,310.09567,287.43076,84.88601,58.291096,66.42975,65.174545,54.016945,51.664738,9.873757,10.459512,9.6854725,10.995838,10.005947,8.975083,1.6320823,1.2474558,2.4303143,1.5896792,1.3871487,1.2254043,22.441347,49.00588,7.401035,23.38938,19.167442,22.514082,35.713078,37.07371,41.92453,33.65852,34.9466,31.991552
2025-12-30 11:00:00+00:00,site_1420,331.37418,228.50848,293.63663,241.94125,218.28789,202.00299,515.8335,329.46735,441.4758,355.6003,333.25626,283.01355,78.11168,76.17466,49.034912,64.40973,56.6432,49.79013,11.170856,10.911106,9.752035,13.068779,9.8774185,9.214946,1.7955484,1.6283413,2.4078379,1.810434,1.5323818,1.2884387,47.91478,31.76891,8.706053,32.192387,36.88846,31.4125,36.421505,37.309887,41.223846,32.83749,31.088995,32.31255
2025-12-30 12:00:00+00:00,site_1420,383.20865,282.41937,275.81015,268.08356,236.6129,215.46465,552.33307,376.78528,413.02042,354.0091,362.50272,324.8123,73.086914,87.69798,42.301083,65.9826,49.76934,53.35521,12.131109,9.186318,8.526318,11.98239,9.077757,9.714875,1.6875387,1.433569,1.898159,1.6130397,1.5663936,1.3828105,72.01634,8.853853,6.611146,52.44912,41.983505,47.003174,36.242275,36.25754,41.3703,32.34018,32.53392,31.468567
2025-12-30 13:00:00+00:00,site_1420,324.2993,300.6091,300.72226,244.28825,243.36188,211.57597,477.78915,426.29895,405.4313,358.79556,350.40848,308.19443,62.686966,74.84516,41.582405,49.708706,42.327713,44.174263,12.011058,10.253895,8.6451025,12.660219,10.574533,9.687607,1.3368359,2.1807709,1.6593486,1.339881,1.2371671,1.1585157,80.681274,6.9213233,7.5447493,60.505024,49.2547,57.65234,36.646744,34.9792,42.119602,34.38279,29.604235,30.961008
2025-12-30 14:00:00+00:00,site_1420,243.74998,259.81946,269.40814,252.42993,222.28777,199.74147,411.00046,388.14413,359.44464,349.12402,349.60068,302.0097,50.076538,64.91944,38.8393,47.405685,41.22362,41.16934,8.943675,7.093564,7.2393885,10.8847685,9.741218,8.823862,1.0072562,2.060381,1.5123453,1.1349071,1.015623,1.0690576,77.89589,5.5843143,10.254586,73.5561,59.2035,67.78572,39.017887,36.143505,36.39379,33.616924,29.468359,31.946785
2025-12-30 15:00:00+00:00,site_1420,184.77953,262.09268,252.70248,279.08792,213.05663,213.59071,324.37753,406.28476,349.2556,366.197,321.75763,334.2198,48.608177,67.007324,43.380863,49.371494,45.55717,42.340183,8.490875,10.423119,7.1964617,10.340874,10.018353,8.864215,0.7107466,2.5208414,1.4128394,1.0010256,0.97797847,0.9932436,56.8713,6.295717,7.8870673,66.56964,60.202297,62.397926,39.044037,34.271416,37.182407,36.08364,30.234133,33.496517
2025-12-30 16:00:00+00:00,site_1420,150.81017,274.03363,223.59415,248.54596,208.66505,195.89224,268.77338,454.2744,337.49634,396.37466,347.25314,320.002,70.74706,66.48467,48.79057,61.491436,51.977695,48.42623,7.1570377,12.085986,7.0870104,8.872768,9.286159,8.976552,1.1582843,3.0806646,1.4919009,1.1564461,1.0239829,1.0388098,30.809542,7.9778633,9.464971,58.432087,56.329445,54.936447,38.0605,37.99869,35.400696,39.798637,31.384096,35.190132
2025-12-30 17:00:00+00:00,site_1420,184.12256,314.10922,219.51012,259.9843,204.1798,191.42728,318.5698,457.72018,345.0262,393.357,342.91284,286.01193,82.149376,62.196194,46.54851,74.3281,69.38629,60.463596,7.527865,11.581277,7.3723674,8.960964,9.739543,10.069533,1.5276462,2.411668,1.4200406,1.1143129,1.0468873,1.0452515,15.244217,12.828542,13.083316,34.54885,32.579803,33.085476,36.8287,40.997303,35.633083,37.460197,30.915586,32.30877
2025-12-30 18:00:00+00:00,site_1420,232.06583,285.38342,241.38417,289.88498,217.3051,169.93008,374.23535,438.66006,328.91635,389.96954,346.3512,282.53683,81.62593,62.231808,51.47231,87.33784,81.57869,75.94129,11.850896,12.129009,9.938637,11.479182,14.914087,17.04203,1.8068483,2.3811555,1.4240134,1.6172903,1.446876,1.2591622,8.795837,13.933711,16.286612,16.645908,14.134163,11.337921,36.458294,36.89351,36.66173,36.218697,32.41686,33.60985
2025-12-30 19:00:00+00:00,site_1420,250.684,236.42328,206.45552,316.02887,223.30783,219.699,397.58536,380.2339,322.02512,422.57867,384.24844,337.12445,75.30535,54.605873,45.123257,78.22703,76.392006,73.520706,5.3789697,6.5401855,4.737163,6.683242,10.466041,9.935983,2.5962734,3.1165867,1.8026471,2.370331,1.9181906,1.874697,5.6223683,12.7196245,10.505749,15.562395,11.012137,8.442482,34.585148,39.517868,44.83623,41.047318,33.382477,34.785694
2025-12-30 20:00:00+00:00,site_1420,331.3047,279.26425,244.20403,304.72705,228.19658,298.8884,525.76306,416.50485,387.406,441.5561,442.9066,398.5492,57.326344,38.192783,47.785225,65.1043,54.81733,53.475792,6.571792,5.0794106,5.5768933,6.5746984,8.828249,9.853005,2.439324,2.105232,1.5751507,2.5239835,1.8880154,1.7580973,5.413106,12.303909,6.643192,16.125164,10.190003,5.4419155,35.630608,38.13849,37.334713,40.21617,34.328808,38.196495
2025-12-30 21:00:00+00:00,site_1420,359.65533,258.9303,254.36519,322.382,239.2999,305.14185,528.8931,446.32224,402.952,458.31195,475.4441,384.63092,51.546627,38.688698,56.8365,53.990913,45.13054,43.234592,9.144494,7.4515047,9.306592,9.4020605,12.730813,12.05603,3.0837142,1.855641,1.5056632,2.8819602,1.818056,1.7861485,6.260812,13.82808,11.9455385,11.483434,10.08899,8.136268,35.2852,34.934982,39.41697,41.16752,34.300472,38.522606
2025-12-30 22:00:00+00:00,site_1420,348.24533,246.42996,272.1746,342.25406,246.04868,283.04156,520.96045,407.55115,417.4289,454.08374,432.72726,383.14334,44.384945,35.848263,51.915634,48.274628,49.97112,41.900402,10.000223,7.580252,11.495687,11.358402,13.933633,12.601361,2.742023,1.8627753,1.5304234,2.5410466,1.756612,1.6637471,7.7491016,13.83835,21.152048,7.748471,10.632006,8.338933,35.819977,34.325726,39.466553,40.339745,35.640167,36.72932
2025-12-30 23:00:00+00:00,site_1420,307.86893,226.90068,269.02698,322.6952,222.78816,279.39398,444.24435,371.2504,413.80682,404.21875,412.93216,317.7978,38.159943,37.846207,55.887287,47.173607,44.520397,33.839348,11.302749,9.7146,12.437939,11.683678,14.482684,10.900797,2.6820881,1.7798139,1.4726111,2.0613027,1.9814817,1.5734438,7.1045833,16.151323,25.550615,9.442005,12.569664,8.645047,35.820587,33.174667,46.47336,39.010925,34.565918,33.371708
2025-12-31 00:00:00+00:00,site_1420,293.17667,235.31189,284.89496,303.85223,210.25273,214.02307,443.18674,388.71133,440.3885,397.16904,359.2544,266.6418,37.235466,51.90873,48.725636,40.102383,36.457752,32.07868,13.57956,13.426169,15.978355,11.981322,15.7262745,11.728606,1.9506928,1.3699373,1.3736064,2.1336071,1.46172,1.2662483,7.3948646,14.761825,42.645508,8.955058,11.717822,11.521312,38.943916,38.161507,52.46943,40.815285,35.031242,36.009274
2025-12-31 01:00:00+00:00,site_1420,243.36467,218.73337,237.40112,268.10507,201.19191,212.49055,384.0103,353.6353,392.41815,345.21924,355.03464,274.28827,37.93279,52.217255,49.888412,41.03542,38.79954,30.78483,12.679726,13.693872,14.302812,11.489565,13.075464,13.016773,1.9558722,1.6882342,1.4051023,2.0446405,1.3546095,1.1750518,12.027487,18.47338,58.108818,17.858248,23.952967,14.440492,34.309383,39.46611,48.15196,40.027817,34.793625,34.132553
2025-12-31 02:00:00+00:00,site_1420,294.6267,211.31973,266.41864,261.88434,176.18146,190.98277,433.9132,398.00662,419.22745,377.96292,349.79544,269.3051,30.693508,60.083668,40.817043,28.293163,32.30463,23.635334,5.1247916,5.5086827,9.806176,4.757373,7.8034854,10.863582,1.1388003,1.3133957,1.0744548,0.86564624,0.7441415,0.7424099,8.423978,10.280539,48.468803,10.06353,8.47586,9.301347,32.61702,45.434772,50.771706,39.29756,35.036655,37.916325
2025-12-31 03:00:00+00:00,site_1420,373.1906,223.24844,275.2425,270.215,188.92766,192.32782,551.25006,449.4847,386.9053,335.5609,335.95322,267.7887,32.595116,58.384827,48.160465,31.432007,32.840675,24.72811,7.4517817,8.171088,7.9435344,6.7945123,9.000476,7.348271,1.7429757,1.6945689,1.3582116,1.4773692,1.178442,1.2253717,5.5612903,11.6737995,40.328114,15.610238,8.289698,11.253255,38.70849,45.31413,54.50337,41.211163,33.36624,35.58441
2025-12-31 04:00:00+00:00,site_1420,284.3119,198.75987,251.01422,241.2578,172.52417,180.37175,402.29767,348.92062,331.7826,345.66678,310.95218,248.11076,26.464022,45.53076,48.235157,28.856947,27.810862,24.779175,7.733199,7.6453767,8.744675,7.6543818,9.750675,6.8775134,1.4358891,1.4840276,1.3703426,1.274567,1.3012872,0.9555101,4.6085887,11.999232,28.971462,12.440814,7.2348924,10.173215,35.008133,43.918842,50.901222,37.286743,31.633032,32.19606
2025-12-31 05:00:00+00:00,site_1420,240.32497,235.5664,258.1057,256.54138,152.895,187.23624,374.56558,376.84045,353.9127,321.84146,287.47186,236.21205,31.150967,51.002663,61.513805,31.453974,30.423437,27.086987,8.812318,9.2704115,10.8670225,8.302687,9.783366,8.104634,1.0746987,1.2804364,1.460523,1.1345696,1.1016771,1.0677774,6.54715,27.361227,15.69267,12.819507,11.67048,11.333215,36.97181,40.915028,49.849213,35.36599,32.125095,32.00024
2025-12-31 06:00:00+00:00,site_1420,164.59212,242.96223,242.47363,188.12706,161.3013,177.0717,317.26935,383.98782,370.22177,294.27765,268.9551,247.77977,35.20626,41.848743,62.598515,29.85362,29.472332,25.218946,6.884281,8.6627445,9.151221,7.6933427,8.581826,7.3491035,0.99190336,1.1655781,1.5995774,1.1535954,0.9917531,0.9967542,4.5910573,30.191141,8.148582,11.293396,10.089497,10.31882,39.1435,42.65652,48.220406,36.21966,34.24967,34.03565
2025-12-31 07:00:00+00:00,site_1420,188.10704,253.28432,254.41862,199.19435,169.0956,177.51282,327.95807,351.1059,388.62402,304.75122,279.06738,231.37067,41.575752,47.96643,65.22675,33.539833,34.89909,23.60528,6.860621,8.545417,9.639283,6.908357,8.131128,6.9320726,1.3565799,1.3118519,1.9712269,1.3424836,1.4140822,0.9240878,5.368622,30.641108,10.890596,15.397632,10.013283,7.785903,37.32638,40.957085,49.059086,36.870724,34.196884,33.598778
2025-12-31 08:00:00+00:00,site_1420,244.7159,264.59955,282.2356,183.42224,167.45998,179.81447,412.33853,379.30634,380.4341,289.455,276.65918,236.77985,46.211258,48.560493,51.609234,36.180347,33.76092,21.484016,6.4513507,8.54929,8.644487,6.6353345,6.6323147,7.320839,1.501206,1.3412342,1.8418303,1.263658,1.4351263,1.0086855,6.0230465,45.35361,8.331626,19.05692,7.8965487,8.087462,36.89702,40.285564,44.207863,36.655178,34.105637,31.89269
2025-12-31 09:00:00+00:00,site_1420,187.09488,243.68813,265.1988,210.1265,183.28264,198.09756,306.83838,368.038,382.41867,317.42468,295.46594,248.70763,49.720516,48.518505,52.889545,44.376736,50.175606,32.86387,4.9625325,8.339026,6.6922975,6.0270853,5.286862,5.9090147,1.3646951,1.395507,2.0111098,1.2146602,1.3882152,1.0973043,10.399147,45.116035,8.154589,20.531004,11.646671,10.212092,38.112648,41.94061,41.637684,36.582817,31.706106,32.680004
2025-12-31 10:00:00+00:00,site_1420,167.96538,247.4264,273.5873,206.38945,201.3453,186.30943,278.5443,350.6505,363.63898,311.5902,294.34628,247.25761,56.64137,56.33577,50.585583,53.63429,53.28291,46.367172,4.490018,5.4786887,6.0263886,5.197711,5.047034,8.1427145,1.1196352,1.4078753,1.8174623,1.1613097,1.0383673,0.8657657,13.419802,28.470163,13.303694,28.352152,14.196506,12.273266,39.172474,42.30509,39.46754,38.91003,34.043503,31.893373
2025-12-31 11:00:00+00:00,site_1420,168.11322,236.35596,265.1987,208.96043,175.86124,191.51889,252.29599,347.3769,336.8785,305.8958,300.15222,249.88216,70.38111,74.85216,61.095932,75.07658,63.100044,59.491096,5.555231,5.9693108,6.110141,7.2290397,6.295247,6.6922765,1.3758963,1.6519345,1.976996,1.3301249,1.2066108,1.1142946,15.707101,10.765664,13.020899,27.97293,20.168528,19.610785,37.61047,39.05821,39.10997,36.705917,30.66586,31.024174
2025-12-31 12:00:00+00:00,site_1420,196.17072,227.32544,238.99173,231.79092,161.53456,177.19434,310.17554,361.82962,339.3183,313.0366,309.09436,256.76086,53.73964,58.430073,46.20422,46.57013,49.646267,31.433239,5.9037943,7.188344,6.4642267,7.2686253,7.259805,7.742007,1.3227556,1.8622628,1.928981,1.1824319,1.2609054,1.1008704,17.106283,9.143256,12.952896,27.790762,29.662851,35.707027,37.897537,36.76981,40.881832,37.647675,31.19932,30.591251
2025-12-31 13:00:00+00:00,site_1420,228.91275,256.1297,224.38812,198.96881,152.22446,175.0646,332.5137,377.53287,304.87085,285.7246,300.94217,259.44458,50.09812,49.183807,36.003876,42.14251,42.1832,33.102367,6.04274,7.368403,6.4843593,6.557647,7.068928,7.7510962,1.2894458,2.0027747,1.6342646,1.0428946,1.275284,1.193213,18.346283,9.969085,14.506194,33.014874,31.480406,42.156876,37.50677,35.851364,38.46292,34.897503,27.985613,27.405638
2025-12-31 14:00:00+00:00,site_1420,234.14673,254.29358,177.20761,182.93608,141.19405,167.3084,329.42484,333.25272,251.15683,259.61752,290.38446,253.66786,46.426327,41.079647,30.736433,40.39934,38.977375,31.583485,5.4050903,5.1409354,6.1355596,6.938449,6.922432,6.6738644,1.5937614,1.9336945,1.6742495,1.0828414,1.3116825,1.3849634,15.877045,10.807444,15.973976,40.479527,33.78842,41.40719,37.809906,36.25989,34.93692,33.629807,28.511719,27.00079
2025-12-31 15:00:00+00:00,site_1420,247.42119,260.2931,181.754,171.39194,149.17496,157.18973,357.56973,354.46127,273.6816,243.62154,250.71484,269.37436,49.202694,42.22944,31.477839,40.72514,39.84111,30.776611,5.2455044,5.003278,6.0167966,6.554907,7.647589,6.4645405,1.6626819,1.8587923,1.5727394,1.095643,1.3061689,1.4298812,16.071589,15.360513,18.776962,42.141174,37.831585,46.61285,37.013935,34.49943,34.450043,32.174774,28.967846,28.557222
2025-12-31 16:00:00+00:00,site_1420,270.80942,247.55266,194.64902,174.52432,126.10688,156.99054,391.67627,346.75418,267.5536,259.38544,265.3486,311.1011,48.36524,37.797016,28.281067,41.84837,40.856506,26.558767,4.738887,4.889279,4.7064185,5.8657227,6.485735,4.6562076,1.7326874,1.85737,1.4601336,1.2156992,1.3092953,1.1595441,11.725754,16.705761,23.537004,40.236034,30.12965,36.660378,36.042854,34.936317,31.574577,33.064346,28.566675,30.055338
2025-12-31 17:00:00+00:00,site_1420,291.07568,231.55708,190.94974,214.86089,141.05824,176.57932,418.68542,341.63925,293.21735,314.61423,246.7313,300.84705,59.734596,34.605587,30.768745,48.556934,45.97837,38.361423,4.390575,4.5732307,4.3656325,5.0163236,6.3115783,5.7938952,2.0103943,1.6668657,1.5830215,1.7553755,1.1892939,1.5700052,10.966846,17.539837,20.325739,24.110525,22.438807,27.64385,40.17389,33.935005,32.161552,33.715443,28.44434,27.335411
2025-12-31 18:00:00+00:00,site_1420,295.68195,199.72314,193.58943,225.94666,125.75134,178.60751,445.26764,311.54843,266.35477,327.68076,265.76746,297.41763,66.20823,37.646824,32.033936,62.637486,51.24028,49.12397,6.0298085,5.208918,4.832241,6.5661764,7.825478,5.7095714,2.4459276,1.7831312,1.798932,2.4398146,1.5989803,1.9221843,7.4877615,12.133418,23.323425,18.128376,11.7482195,12.315768,39.06896,35.859375,34.86085,36.408886,29.26913,29.899576
2025-12-31 19:00:00+00:00,site_1420,325.45856,190.40735,199.02614,268.37775,167.72125,229.18465,508.71298,315.30136,254.66295,377.08322,289.42715,388.53226,63.78304,40.180477,31.81949,74.271355,55.06257,51.57772,6.492622,4.988677,5.589316,7.6971016,8.621758,9.002113,2.6047115,1.60454,1.6827818,3.0005598,2.0266082,2.3018742,7.238738,13.306893,23.367657,12.644052,11.552568,7.817661,38.705387,37.223892,35.58501,38.9626,28.98766,28.305408
2025-12-31 20:00:00+00:00,site_1420,281.55804,191.7992,207.57625,241.36008,192.70927,279.77072,462.73953,265.38126,268.0213,396.85266,328.02838,432.0621,59.954765,35.634052,42.81955,65.450775,48.806026,49.16004,5.4839444,4.699156,5.49122,7.3548036,7.210856,7.9165983,1.4166313,1.1142272,1.3254683,2.2722692,1.7589258,1.6813242,7.56133,13.955967,22.471958,8.4647,10.826222,4.478608,38.06081,31.41158,36.79247,36.45917,28.433613,28.15209
2025-12-31 21:00:00+00:00,site_1420,285.19315,158.27225,194.0499,257.01215,169.98659,298.38846,442.68246,278.04178,288.2511,388.7717,346.90198,441.7821,55.96115,36.888947,51.74898,58.541115,43.01686,48.184345,5.4598827,4.848202,6.074596,6.6940017,5.6979933,8.59157,1.4561391,1.1031984,1.5159124,2.1406927,2.0638738,1.8884844,7.961534,19.802639,23.56718,9.447035,10.320565,3.3804443,39.92412,31.048037,36.88785,32.411957,29.727829,26.061604
2025-12-31 22:00:00+00:00,site_1420,265.22375,167.5565,207.2419,243.99803,183.27736,247.06444,421.36743,309.11508,298.30072,364.28348,325.19418,418.27194,56.283962,40.558174,53.782913,54.40352,43.202255,47.516464,4.827072,4.5061555,6.2433634,7.7275333,5.711312,8.783274,1.3120991,1.139935,1.5014329,1.516898,1.8568437,1.5983169,6.787841,16.253756,22.855005,11.787998,8.741822,3.6036003,37.253777,32.97273,39.14993,34.841576,28.640469,26.436153
2025-12-31 23:00:00+00:00,site_1420,243.85992,177.35619,190.47452,235.6832,174.44838,232.76714,374.82053,293.5129,329.63425,357.241,338.1691,379.14612,50.17556,42.32794,53.701897,52.42466,41.44406,46.446434,4.1570587,3.3399103,6.6720366,6.56477,4.3342266,8.314789,1.0791055,1.2183028,1.237808,1.4021187,1.6975726,1.654041,8.846215,18.411829,31.494802,8.663182,9.053473,3.5868583,39.679737,31.36586,37.13426,36.2436,28.668434,25.978827
2025-12-29 00:00:00+00:00,site_1421,430.57007,224.38058,289.7358,254.23325,241.47937,219.39493,563.8509,394.603,442.337,449.32016,355.91882,305.32248,48.69243,45.85659,62.896446,54.42927,53.407787,56.133095,7.2637353,6.320834,9.151997,8.481731,8.395146,9.63738,2.2166417,2.2208765,2.0514703,2.7391121,1.7592001,1.5542351,23.598179,14.69214,34.724632,12.812654,21.69388,9.7189,54.397423,51.223515,57.042088,50.796318,43.826508,43.47397
2025-12-29 01:00:00+00:00,site_1421,389.4515,223.14403,254.28763,254.31552,227.46117,222.54648,461.91287,374.21545,408.5965,409.43524,364.90836,315.0282,39.706196,42.82413,48.50327,50.089855,54.01109,45.370094,5.5475388,5.354416,8.813855,7.9869237,7.6312118,8.104126,1.7017727,1.7361987,1.8826724,1.8626705,1.5897647,1.3649404,9.198188,8.689402,49.413933,8.651082,8.27277,13.493268,52.697636,51.89928,54.532585,52.25755,46.40264,44.507366
2025-12-29 02:00:00+00:00,site_1421,281.6546,217.59097,268.42377,256.68826,190.01245,183.07109,336.56766,320.53934,442.25772,366.60364,288.66107,295.52054,37.10922,48.4831,50.18425,49.832386,58.441776,46.791008,5.032749,5.5466323,11.418929,7.3959055,6.008754,7.4655023,1.1962079,1.4979509,1.5992423,1.4609418,1.252317,1.1118025,16.580688,20.968971,61.608017,17.10189,14.748017,10.489155,44.24047,47.633816,54.108994,43.324738,39.209103,36.317455
2025-12-29 03:00:00+00:00,site_1421,246.11731,222.989,258.511,257.37567,200.82014,192.98697,309.53082,339.23846,435.97897,373.33414,289.70853,304.81775,40.27558,56.829617,50.835354,50.713573,53.368294,45.086376,4.872706,5.941755,11.894915,9.655631,6.4358873,7.4316626,1.4513445,1.7371337,1.6555074,1.631726,1.5175165,1.3003162,16.081148,19.669811,53.542248,13.29673,12.409633,11.528173,45.493137,51.72953,55.38622,44.461178,40.64224,40.628334
2025-12-29 04:00:00+00:00,site_1421,223.89923,237.0692,281.1763,247.90813,206.59146,211.99109,289.35297,331.3476,389.45398,380.43634,290.51904,291.72366,36.248344,56.990887,47.3801,43.08171,43.1252,41.68966,5.421621,5.3997054,14.310817,7.374577,6.6357126,7.2766576,1.198013,1.6400994,1.6011543,1.4425199,1.1449139,1.11912,15.817199,18.49151,32.68187,13.999569,11.735693,8.925816,50.052204,52.713356,59.692356,48.9483,44.84453,40.89499
2025-12-29 05:00:00+00:00,site_1421,191.38757,257.92374,260.13602,223.36505,203.03166,195.39021,232.0051,376.97815,373.02673,349.35477,288.68347,296.65494,27.909039,49.422363,50.490005,40.056824,35.95778,37.539368,7.076988,9.146762,10.020784,8.555888,8.969994,8.872435,1.134215,1.4961395,1.610516,1.2130271,0.96171093,0.94816357,15.824521,24.554668,18.851746,12.268172,11.1455555,9.037466,50.022415,54.167458,57.866238,47.8878,45.478287,41.57043
2025-12-29 06:00:00+00:00,site_1421,172.51079,268.50827,229.6576,213.89246,227.3289,223.86293,209.99191,335.38568,374.13632,301.03128,288.18146,278.11426,24.463612,45.270832,52.714355,40.18568,33.045605,32.28246,7.326086,9.465256,10.769554,10.128261,7.4943247,8.471065,1.0593675,1.4885336,1.4863563,1.1103342,1.189503,1.0183702,16.23815,37.159866,13.593577,9.24166,8.894896,13.670966,48.65668,52.236504,59.677197,43.987392,45.52891,45.818085
2025-12-29 07:00:00+00:00,site_1421,181.52666,281.9496,227.76361,217.25488,225.08261,229.28436,206.98221,294.40015,324.17642,260.4534,269.38058,307.51456,30.482534,38.595116,56.879925,42.312496,36.834656,34.692497,7.692003,15.445362,9.805212,13.872344,9.090103,8.900593,1.0160692,1.4058119,1.4373745,1.0930082,1.0574315,0.9673521,16.753181,49.912746,15.576325,11.304396,16.97129,14.538769,44.73982,53.347908,51.468395,43.734806,45.08969,44.006622
2025-12-29 08:00:00+00:00,site_1421,170.15065,252.2492,260.6897,221.69557,216.68687,225.2862,220.29391,337.08136,361.55844,286.41876,262.927,307.2455,32.39357,36.482777,53.266502,41.264027,36.35435,34.5123,8.370654,11.449602,11.882482,10.425628,9.68902,9.146967,0.9701804,1.2088541,1.6655487,0.9848139,1.0368096,1.0296336,20.134869,52.72777,11.902351,11.105375,16.352121,14.538441,44.703014,53.205578,52.512905,44.053867,43.38891,40.10233
2025-12-29 09:00:00+00:00,site_1421,163.81616,230.13382,264.0215,203.68121,224.3745,232.01747,242.82483,300.7274,414.8537,289.3919,304.68768,307.41458,33.31252,33.61714,51.020542,40.178886,37.81642,34.2814,8.014258,9.405823,10.454026,8.550035,8.449506,9.034336,0.9024343,1.0380933,1.770835,0.94494426,0.86134374,0.9614793,20.024418,59.54384,10.149139,14.510997,14.0068,18.57836,46.538513,53.626484,56.95084,46.294453,45.866405,43.472286
2025-12-29 10:00:00+00:00,site_1421,171.66936,191.4733,272.14954,222.83746,215.70438,232.81134,245.1236,269.00436,392.83157,311.51614,301.61838,337.53043,33.187393,33.906708,49.594257,40.479584,36.803673,33.762646,7.5953665,9.0931835,9.2565155,8.795011,8.090361,8.9949,0.77462703,0.8718092,1.7250278,0.919699,0.91738546,0.9232225,23.906807,47.708397,11.177213,18.196732,25.423521,20.787922,46.89153,54.453125,56.374855,46.090916,49.098213,46.09339
2025-12-29 11:00:00+00:00,site_1421,151.60463,187.05652,244.17908,218.97086,216.08057,211.81754,221.72719,251.6624,393.34546,298.1521,302.06436,318.1654,29.671734,46.60832,43.398247,38.286564,34.128735,31.182924,7.377204,7.3606358,7.969138,8.06087,7.397848,8.344435,0.65092796,0.9758444,1.4022361,0.90275186,0.89269316,0.8501933,23.54501,26.320843,9.893717,25.090508,28.728605,32.503166,47.01495,56.560383,51.47215,46.470257,46.739815,44.020855
2025-12-29 12:00:00+00:00,site_1421,153.95132,206.97296,244.00078,247.30797,239.84132,213.87863,218.06384,298.50436,372.96765,298.76987,331.8917,291.47348,33.001934,57.21873,34.792274,40.932007,35.98769,30.899786,7.1171823,7.507488,7.8488193,7.354447,7.3269925,8.745335,0.68392766,1.4670262,1.3837259,1.0331466,0.9248631,0.9229931,23.093584,8.86562,8.743978,24.637238,37.00401,41.6903,47.444344,54.76768,48.590313,48.67711,47.8265,44.64815
2025-12-29 13:00:00+00:00,site_1421,103.5223,238.48225,253.87099,266.818,238.04105,201.27187,214.7382,398.81723,403.3884,343.10165,378.34888,281.8935,25.64042,44.658848,32.231606,38.980404,34.611664,29.202227,7.136322,7.3677197,11.256149,8.057963,7.997848,8.408571,0.6120196,1.9955013,1.4142959,0.942383,0.82607436,0.92502636,26.747349,8.245959,8.924205,30.695528,40.0289,44.49896,47.8221,53.811928,51.65716,45.435894,43.186253,40.43942
2025-12-29 14:00:00+00:00,site_1421,108.957184,254.54742,242.41121,261.782,217.13268,202.9097,206.70145,442.24005,403.80252,292.4772,353.6518,297.0612,26.45773,50.80988,37.431683,37.0027,34.81537,33.99262,7.9195495,8.6171665,11.157844,8.67462,9.470924,8.25874,0.66854596,2.7547688,1.2744806,0.94729185,0.84565043,0.9387864,26.933939,8.695864,11.898059,36.087746,44.13715,47.98565,45.17741,50.38845,45.23522,46.138245,42.550503,40.312737
2025-12-29 15:00:00+00:00,site_1421,183.15733,306.1614,217.63393,280.1062,249.7765,216.23607,227.632,455.6814,359.13992,349.77988,351.25244,316.78735,69.946304,60.308285,38.464558,46.554413,44.453373,30.073097,5.7599006,12.29247,5.0055814,7.5909543,7.981298,6.2728047,0.88614535,2.56675,1.4685149,1.1992987,0.87173444,0.9983551,45.234608,9.616915,19.727856,53.580753,48.78025,44.93771,45.276226,52.36544,46.73668,45.042664,43.58881,43.973267
2025-12-29 16:00:00+00:00,site_1421,193.14049,306.84988,212.91125,242.14769,234.14798,210.90659,228.17757,467.23413,347.2183,374.8428,365.0195,314.38608,40.334755,45.502254,35.98797,44.4552,38.899216,39.989277,7.1051435,12.125398,7.8542647,9.878531,8.807851,9.146505,1.0248443,2.882018,1.5309273,1.1151899,0.9802518,0.9391003,5.3640113,8.819517,12.066734,21.01512,21.226973,19.594551,37.055397,48.331497,43.55253,38.346596,33.55121,38.210022
2025-12-29 17:00:00+00:00,site_1421,208.6538,307.4194,212.51973,245.1515,215.3213,185.29933,254.9885,447.24454,376.76788,399.3134,334.1751,284.9044,39.530262,43.054768,29.89886,42.300797,40.43102,40.74504,6.71243,12.874456,8.124522,8.091856,9.040326,8.165971,1.2097915,2.3346972,1.4467463,1.0100496,1.034747,0.91050047,13.875261,9.492245,11.647922,23.792938,22.793255,21.733562,57.28556,58.384747,51.279007,55.49349,47.60373,38.917473
2025-12-29 18:00:00+00:00,site_1421,217.67159,268.5977,215.03728,269.1726,216.77853,182.26955,278.48154,416.8677,368.4177,400.72244,344.71814,272.4398,40.968964,42.739014,33.406254,44.97393,44.808792,47.89779,7.383048,8.974742,7.7019596,8.400269,9.59092,8.137933,1.2806209,1.8505245,1.6280249,1.4652712,1.3912296,1.1785977,9.728472,8.485251,12.627029,17.402866,16.07441,24.199759,63.031013,61.105633,56.41383,61.919453,54.63189,44.29647
2025-12-29 19:00:00+00:00,site_1421,237.0203,228.6684,219.31396,264.88107,223.89096,208.79161,304.11652,332.92343,338.43732,413.78943,369.32425,301.91644,30.90823,26.997322,32.105534,41.31978,40.45815,42.859375,7.113723,6.6544695,8.059585,9.233627,8.4263735,7.5245605,1.3584398,1.2085975,1.3902916,1.6505007,1.4717206,1.4180958,9.896292,9.150963,7.8735914,12.331916,9.298751,9.571661,57.302204,54.35945,53.300858,57.135727,50.48526,39.388706
2025-12-29 20:00:00+00:00,site_1421,230.34854,207.39995,229.40746,285.09503,210.0196,246.70969,286.04626,301.0786,327.46973,431.54074,372.37927,344.69333,30.067888,22.92759,34.98279,46.93973,42.83792,49.950226,7.2382035,8.954715,9.17854,9.095522,10.161705,9.54724,1.217054,1.0780132,1.5598313,1.9433172,1.7348452,1.8027802,10.207737,8.951495,8.771548,10.632705,7.6153,6.52648,57.843433,50.30719,52.971474,54.70099,51.414337,40.968025
2025-12-29 21:00:00+00:00,site_1421,189.4822,175.85951,260.0261,269.94666,206.3531,235.93127,234.34975,251.04593,387.27335,426.59375,389.91574,340.23267,29.898424,36.297424,48.082016,45.10179,42.637672,45.94573,7.8203235,9.171094,10.852276,10.522594,8.095682,9.237896,0.9926634,1.1113838,1.460448,1.9291011,1.6489702,1.6746483,11.705941,16.04274,14.398133,12.845377,10.961503,7.4186664,50.12604,50.12112,51.291786,50.855537,47.41199,38.02517
2025-12-29 22:00:00+00:00,site_1421,148.5416,157.72461,257.1081,263.21854,237.4302,242.73624,182.49985,206.51169,373.9432,461.32678,413.10187,368.47128,28.653194,39.5563,47.77212,43.32085,46.87057,48.20319,7.522678,14.103153,12.85018,10.588628,10.521852,9.09861,1.0327549,1.2192253,1.5907149,1.9034222,1.6850928,1.9528117,7.499867,10.474999,15.348465,7.552595,11.515637,10.580459,45.14836,45.83194,49.74347,47.860767,45.906754,34.845375
2025-12-29 23:00:00+00:00,site_1421,137.37149,150.59814,270.0963,263.08453,256.4599,248.80019,174.75798,205.74603,372.5555,472.88614,390.6759,374.5941,32.724804,33.37903,48.849808,49.254395,50.37081,45.734802,7.5384665,10.460577,12.293272,12.505361,11.121349,10.794813,1.0184991,1.2374074,1.6034054,1.9173493,1.4735394,1.5989281,8.525009,9.83939,24.90236,5.67632,7.5272813,6.793254,43.427723,43.748848,47.55656,47.891125,43.404026,37.317574
2025-12-30 00:00:00+00:00,site_1421,149.39386,156.44519,296.9672,243.98798,232.6051,254.66794,173.64764,223.42723,366.97156,416.34576,354.8399,327.93747,37.068768,40.163086,56.769756,54.612755,51.911793,47.34587,7.290869,7.8455234,13.314012,9.754579,9.260791,14.368637,1.40773,1.5012941,1.770402,1.6899681,1.6389456,1.6746565,8.929458,8.354198,33.000134,7.220042,9.805277,7.7240214,46.41925,45.169674,49.906754,42.169434,35.67286,34.01375
2025-12-30 01:00:00+00:00,site_1421,246.18591,237.77478,273.1449,237.95433,268.57336,269.84198,197.47485,293.22516,316.18317,376.2958,346.93112,302.16806,41.10459,42.303997,47.66155,49.547176,44.76213,49.10002,7.864592,8.265114,11.367807,9.13889,10.094625,14.055596,1.5236441,1.5826135,1.8345712,1.6538796,1.5238769,1.5934882,10.060328,16.400673,45.54073,14.2264185,9.868739,22.626842,43.965656,44.2415,47.897236,39.638485,36.046356,45.234283
2025-12-30 02:00:00+00:00,site_1421,138.68051,159.51352,276.3657,221.71265,212.1049,236.70425,169.73756,239.77042,348.04578,339.00238,330.50317,330.86655,43.115246,55.414032,48.93965,54.83798,57.00518,48.859207,6.893114,6.5051384,11.607083,8.418485,9.021707,12.437544,1.3848559,1.7248851,1.7830995,1.4368681,1.3135809,1.4942709,7.7623334,15.308059,44.13626,11.101192,11.758503,14.758738,37.01673,38.68559,46.11632,35.42713,27.938112,36.555004
2025-12-30 03:00:00+00:00,site_1421,175.30504,214.5818,288.09177,219.61388,195.32272,208.35718,220.00693,305.17868,394.7756,338.22992,297.16534,310.05103,43.83292,66.911285,53.797745,57.306496,54.98643,48.46017,6.3996525,8.74836,10.487304,8.842683,8.47759,9.341779,1.5610178,1.8269,1.8475208,1.581595,1.2913846,1.644899,10.130417,20.072788,43.8185,13.681847,14.251534,11.225733,33.343548,41.68135,46.019268,33.513187,25.921824,29.841013
2025-12-30 04:00:00+00:00,site_1421,155.50142,192.01288,281.3928,209.0229,196.54149,207.91124,186.75986,264.05817,355.51547,318.54785,279.99924,302.49475,44.320843,61.420063,60.57205,58.988792,50.666428,47.107983,7.185308,9.338414,10.762561,10.156846,8.479541,9.262601,1.6699837,2.0035913,1.8796196,1.4851013,1.2261536,1.6250191,6.8049207,19.21443,36.45991,14.540905,12.705261,13.154076,40.05072,45.325314,49.416325,36.971703,31.224522,33.211647
2025-12-30 05:00:00+00:00,site_1421,169.25601,226.85846,260.73447,216.82947,186.68973,185.05487,207.2877,326.95844,378.55466,324.56802,294.29645,260.66257,59.146477,73.199524,98.73836,68.96002,55.271442,53.75123,7.3874106,9.970603,14.7120075,9.8414135,8.889691,9.070171,1.777976,2.025519,1.8832016,1.5005958,1.1798041,1.2431694,4.513182,18.175262,15.763228,12.222045,9.10745,9.740261,41.989376,45.05828,51.015377,36.806393,31.950045,32.659863
2025-12-30 06:00:00+00:00,site_1421,191.61015,259.92938,279.92435,210.03094,163.33835,182.9979,246.01662,375.65652,373.43256,326.28778,283.81082,252.00264,64.48341,73.720985,100.525,62.220974,56.497326,50.799618,8.17226,10.578784,14.174148,9.663511,8.736018,10.719782,1.7990512,1.8889289,2.0478563,1.4417065,1.1890697,1.4620794,2.1287258,38.24894,8.632691,8.776751,7.5715714,10.845703,39.41977,43.751774,47.0772,33.864185,31.333315,32.819073
2025-12-30 07:00:00+00:00,site_1421,207.48837,278.5093,263.5584,207.59206,174.7458,171.30421,274.7573,389.21213,420.77924,296.07278,278.80194,263.58133,69.30823,59.954285,95.77963,58.688175,49.18788,46.93995,8.759005,10.97877,10.480841,8.632432,10.660583,11.231722,1.9455789,1.6471698,2.3136387,1.5956466,1.3057569,1.275244,1.4023091,60.95115,7.623128,7.073516,9.542708,8.996341,38.55861,41.423786,44.092373,36.138042,27.856762,30.30017
2025-12-30 08:00:00+00:00,site_1421,235.09839,256.611,256.47787,202.884,186.25523,166.04967,322.7717,372.17758,448.11212,303.2416,277.72678,277.9922,61.255806,54.101025,80.38084,46.902824,44.147255,39.08658,9.081585,10.512323,10.541252,8.1970825,11.432165,9.153515,2.0522974,1.6936185,2.9613726,1.5444306,1.3935661,1.3028708,3.5168386,67.40807,8.545377,8.6475,8.638233,9.387898,37.90326,41.944393,43.88284,34.377827,27.740677,28.843964
2025-12-30 09:00:00+00:00,site_1421,238.55392,227.927,276.50018,198.32593,195.31786,166.7308,357.3585,370.2957,411.8098,303.50262,279.39972,282.57712,76.6816,56.229267,84.26358,59.40194,49.551826,46.45926,8.996331,10.3890085,9.291751,8.679602,11.613246,8.27764,2.1027744,1.5357959,2.9383752,1.6737267,1.4803185,1.3957039,4.6121373,62.13741,8.248255,10.101089,9.573024,9.976946,37.84157,43.90115,43.819653,36.508484,30.546148,33.78502
2025-12-30 10:00:00+00:00,site_1421,246.3055,184.70638,273.11798,209.88222,206.12016,210.63504,346.13165,314.02954,465.58618,325.76855,285.61337,306.9285,78.080284,64.32986,71.07271,58.927967,48.116333,52.908947,9.169858,9.034767,9.270455,10.464495,10.676825,8.786185,2.1749578,1.6378487,2.7329948,1.7857654,1.5255079,1.4812595,12.364332,54.25583,8.5242,21.966036,15.7303095,13.660267,42.532738,46.14479,45.9455,38.94942,33.763046,36.80751
2025-12-30 11:00:00+00:00,site_1421,278.34424,229.72849,281.91455,213.99393,204.42865,210.88379,371.30728,317.4813,450.0423,344.4318,318.00787,302.58722,53.95642,59.194405,51.683586,48.137634,45.03429,44.33541,9.062808,9.185368,10.549666,11.49259,9.550443,10.328903,1.7679641,1.7114202,2.8153863,1.6034821,1.336883,1.3509914,42.636982,36.750454,10.00006,30.051863,34.164543,30.283022,43.50914,45.56386,45.747856,37.36301,33.849255,36.22638
2025-12-30 12:00:00+00:00,site_1421,264.16415,229.17058,257.17618,220.66963,224.22287,218.8442,307.5412,362.73856,358.18045,333.81802,323.4148,303.22818,42.124798,64.26126,48.20562,38.30113,36.954945,40.08942,8.424768,7.7026834,8.522429,10.836184,10.247153,10.40786,1.5685586,1.7600633,1.78733,1.4628638,1.2890992,1.3954649,72.08497,20.14834,16.876694,52.087414,44.267704,49.23723,43.805134,47.379066,48.24374,40.12676,33.610443,35.31622
2025-12-30 13:00:00+00:00,site_1421,294.17807,294.4994,259.35425,223.54382,231.61812,222.87541,374.62384,437.06088,383.59338,313.50064,330.05087,313.35153,58.98682,84.766525,53.307583,50.992676,53.03943,47.550774,8.674431,7.716561,8.717687,10.865768,9.658472,9.197934,1.6884289,2.4404948,1.9310027,1.4116797,1.3427022,1.3992702,111.92396,17.59758,14.524162,82.090576,67.78973,76.87034,44.96778,47.119785,48.790253,40.667,32.157406,34.53992
2025-12-30 14:00:00+00:00,site_1421,292.09238,330.54727,304.47348,237.66342,238.42952,219.32037,423.38925,480.34158,424.92603,362.9868,336.142,331.30078,45.54767,98.714645,51.45971,45.46342,45.803867,45.238922,8.148528,8.44898,9.784657,9.213689,10.433159,9.801221,1.2271765,2.7224565,1.721136,1.264039,1.1936946,1.1273407,118.09535,19.012255,20.672344,89.985435,91.68839,79.02899,40.675198,42.367134,40.155464,35.994884,30.535309,33.67492
2025-12-30 15:00:00+00:00,site_1421,151.08636,359.28876,235.61655,232.2252,196.39273,209.88264,252.55785,569.7703,389.30127,318.01065,319.16385,326.504,62.885105,78.469475,59.16301,52.70453,47.113422,46.33445,9.54164,15.627323,10.118624,13.545524,10.522251,11.052246,1.071373,3.3108022,1.733606,1.1820999,1.0258838,0.997578,75.38737,15.978183,12.245756,67.04761,76.61084,76.53906,33.74616,44.956154,42.73543,37.813023,29.557627,33.26961
2025-12-30 16:00:00+00:00,site_1421,115.900345,398.18646,245.24704,194.27994,200.33531,158.01843,230.79524,553.8923,355.8847,294.93155,315.25507,298.10995,77.94684,83.84315,60.117508,58.505157,51.983593,45.221172,12.438012,18.47901,11.2413025,13.408813,15.32521,12.101548,1.573013,3.7466927,1.6428196,1.1535382,1.0118308,0.9127602,32.526024,13.219244,13.299154,67.63623,67.744286,67.897156,33.191334,44.8385,39.569847,41.73327,31.322699,35.413013
2025-12-30 17:00:00+00:00,site_1421,138.16197,424.12033,238.97385,192.53883,219.54095,184.58537,284.6843,564.1205,354.1558,309.66785,318.39886,289.1432,86.47885,75.26444,51.74775,68.85873,70.15164,66.016594,22.259247,28.655807,14.606735,19.099669,15.159563,17.798035,2.0552158,3.5879428,1.5797911,1.4583166,1.2319177,1.171644,11.009908,11.102563,13.085687,23.68377,31.498838,30.338097,34.322956,45.92934,39.094593,36.736282,31.637415,33.813583
2025-12-30 18:00:00+00:00,site_1421,156.14024,329.32248,245.49796,230.77922,215.23628,183.43193,313.1178,463.09512,371.91452,362.40326,348.61316,307.5248,89.49601,67.442245,54.08314,89.14652,93.877045,85.81522,11.483492,18.1324,9.171522,11.977639,14.443438,11.363678,2.8550148,3.6902156,2.0246484,2.4078681,1.765303,1.693051,5.166039,8.978512,10.0226145,9.014639,9.729623,7.0561743,41.29974,47.98395,43.600716,41.224567,36.9725,43.166
2025-12-30 19:00:00+00:00,site_1421,249.7791,296.33286,230.71773,285.59473,247.83795,203.87494,429.35825,428.2886,379.00543,436.13092,375.79703,308.36075,84.32245,59.10481,54.78541,81.66217,85.38074,77.36078,13.257131,14.300518,6.9087796,10.742521,12.308802,11.057677,3.736979,3.5920982,2.1568472,3.1368604,2.462781,1.9799302,4.489201,10.309213,11.610536,11.102525,8.506666,8.368647,44.01044,50.04967,47.86547,45.50498,39.570736,41.873955
2025-12-30 20:00:00+00:00,site_1421,258.83716,267.0087,251.93916,304.30463,245.69785,240.27681,403.52045,397.57898,375.9365,429.9583,409.38623,296.30658,79.70388,54.810627,69.49195,72.7645,85.88799,78.63078,12.054833,12.702785,7.708853,11.580193,14.00101,13.262134,3.742146,2.8636687,2.2504778,3.0880756,2.4846623,2.1066682,5.3811097,11.926419,13.35685,12.184081,8.477138,7.0132775,41.976974,43.1377,46.008045,43.275112,38.86318,41.003742
2025-12-30 21:00:00+00:00,site_1421,259.07755,282.9068,265.52542,320.10776,260.9414,246.13545,395.45047,370.3381,385.6625,430.79358,424.6128,323.30997,83.070755,54.757843,81.91034,70.12526,80.68299,75.87091,11.708257,13.81557,7.8606243,11.670933,13.00594,14.250402,4.3492923,2.9498205,2.2303298,2.964572,2.776744,2.0062313,6.0725293,13.984072,17.247404,15.606156,8.866622,8.303218,44.77232,42.447414,51.28562,45.334957,39.863823,40.907158
2025-12-30 22:00:00+00:00,site_1421,317.66904,270.35568,279.79956,313.513,250.38805,262.5605,465.11386,381.3805,398.5318,434.95572,447.3352,324.46283,85.60897,60.947178,92.60329,73.54807,82.895325,69.57632,12.463147,14.007821,10.948608,11.798932,13.480958,12.126519,4.1579976,2.860864,2.0542336,2.6820028,2.6885738,2.2883604,7.2630124,17.24596,33.75997,20.63143,10.11516,10.076449,47.104233,39.924217,50.97391,44.762447,38.954037,38.98889
2025-12-30 23:00:00+00:00,site_1421,352.62485,268.93378,304.8723,331.9101,241.60197,229.06047,509.54013,393.9808,441.23325,408.22162,395.85083,321.02423,74.544586,55.00468,86.56509,65.29105,67.33933,55.64206,12.907456,13.851518,12.758294,10.881347,12.638486,11.6696615,3.681108,2.7987902,2.051147,2.5308106,2.5489755,1.7733083,6.793762,17.075552,33.24342,14.445536,10.294864,10.535259,42.862484,37.854412,50.677437,42.91502,37.689552,38.67773
2025-12-31 00:00:00+00:00,site_1421,385.68665,289.73233,338.98355,308.1557,229.07848,229.23788,569.4277,394.7399,477.28998,392.82825,398.64456,288.97354,55.228584,51.331295,72.90487,48.30423,49.369137,40.56558,13.564431,11.264213,12.417446,10.647777,13.060766,11.701701,2.5396154,1.9978787,1.9738417,2.2632031,1.8979661,1.7076724,5.273149,13.444232,34.90499,11.089289,9.468528,8.749396,48.27767,44.151455,55.56375,43.763435,38.02103,35.277363
2025-12-31 01:00:00+00:00,site_1421,424.2632,336.557,326.76736,256.0546,235.10933,201.07707,595.85016,422.7779,497.2098,423.71848,374.3953,254.77873,58.923588,66.58149,72.84455,51.875893,51.78488,41.586292,13.225441,11.921996,12.296194,10.796751,12.227875,11.175712,2.121533,2.1368594,1.7968035,2.4280977,1.5452406,1.120843,17.932137,18.819305,53.87574,23.455923,27.957993,14.601406,47.995667,46.63966,55.469067,44.97467,37.889614,39.481434
2025-12-31 02:00:00+00:00,site_1421,416.53104,310.2025,316.01465,230.32307,212.77765,180.72368,585.133,452.82834,485.82114,376.74713,373.7114,218.76828,60.387863,71.573105,69.752594,46.643158,46.983383,36.702293,11.088155,11.514859,12.733945,11.024201,12.169491,10.657369,1.6136887,2.0154305,1.5759486,1.9545876,1.3937027,1.0866207,7.790432,14.360925,44.451694,16.057335,9.23741,13.423435,42.255753,47.42843,51.739822,40.764294,32.6065,36.758205
2025-12-31 03:00:00+00:00,site_1421,354.4166,267.8246,286.7414,248.07138,206.11456,199.19481,428.35175,400.05655,416.71063,340.48044,330.86734,242.02019,51.892174,64.02531,58.215126,46.347645,42.944607,31.71926,12.194863,11.564381,11.446555,10.420484,11.634906,12.214196,1.8533671,2.176364,1.589261,1.822249,1.4771053,1.5338345,7.383406,11.940544,45.29121,17.711964,8.866344,13.650547,43.114418,49.886234,57.560165,45.012222,33.54158,35.188038
2025-12-31 04:00:00+00:00,site_1421,360.88785,288.13205,274.22238,246.67921,215.50616,206.71927,474.69516,423.12573,400.98413,335.62985,327.784,244.97968,41.19086,59.525887,56.455753,41.294445,39.8046,29.581379,11.021002,10.476475,10.924372,9.14083,11.342419,11.121302,1.6307995,2.0598564,1.6071547,1.6385773,1.324717,1.2375787,6.3020864,14.121123,32.596855,17.052658,6.7244353,11.709003,49.87222,54.3311,59.190704,46.388306,34.84822,32.751648
2025-12-31 05:00:00+00:00,site_1421,300.87958,268.29318,259.6822,258.5961,188.59706,199.07233,368.66278,364.8703,375.86307,309.64005,287.39624,246.76396,45.32823,60.840584,73.23612,46.243958,39.698963,36.8303,9.040863,10.706295,9.512409,9.409579,9.670088,10.31098,1.19457,1.5011652,1.5547996,1.5020334,1.075751,1.1284312,5.349084,26.07972,9.472065,17.314936,8.566352,6.8394766,49.926296,53.548866,56.689697,46.60921,36.184437,34.30298
2025-12-31 06:00:00+00:00,site_1421,239.8389,258.8636,255.16628,210.08241,182.75288,195.11766,300.71622,350.00104,378.23135,313.97577,258.66168,248.23526,38.687267,47.510933,68.4076,37.323864,40.463665,35.969345,8.978681,9.927452,10.576694,8.8435335,9.487647,10.314434,0.95287275,1.0596741,1.6793692,1.2982737,1.122615,0.89170647,5.7540894,36.43766,7.048264,12.056073,7.6641026,8.439335,47.12106,48.81987,56.11411,44.30963,35.99863,34.629776
2025-12-31 07:00:00+00:00,site_1421,168.913,245.50012,253.79977,186.41425,186.12695,193.58551,209.31586,300.45633,404.5875,271.99637,250.7407,267.40466,27.36022,33.89837,55.569347,30.449669,30.386385,29.607706,8.575326,10.637966,10.045353,9.502399,9.196303,9.017552,0.5618483,0.8380767,1.6300511,0.8918563,0.96868753,0.73216045,10.568407,40.931416,11.961222,13.324862,12.489201,12.223666,45.018066,49.40712,52.29349,42.962902,36.34075,34.871967
2025-12-31 08:00:00+00:00,site_1421,147.80502,240.28049,267.04758,173.03503,181.47632,198.69748,176.41425,305.88324,392.9708,236.64018,231.52594,285.43063,33.06424,41.88775,57.329567,32.067287,36.861923,29.44667,7.545017,9.439463,10.321753,8.89068,8.497168,7.970112,0.5781503,0.86477906,1.8640411,0.8157678,0.9608813,0.6826042,9.748214,44.050232,11.221902,15.301556,12.994157,11.642105,44.040527,47.585876,51.52889,44.59642,37.26608,36.33093
2025-12-31 09:00:00+00:00,site_1421,170.73865,244.01988,274.18185,191.80978,169.84232,202.92516,207.86623,327.16547,428.2793,249.95943,253.4518,260.78796,35.440098,39.829967,45.075962,34.202576,33.251236,24.86536,7.2376885,8.976303,9.792407,7.613602,8.418444,8.00816,0.64529204,1.0281793,1.9777685,0.78642756,0.9821888,0.61699206,10.265358,47.742233,8.472481,13.495649,11.462328,12.813788,46.135254,52.03927,51.420246,46.18223,37.899776,35.545742
2025-12-31 10:00:00+00:00,site_1421,166.03896,216.0054,303.88962,208.21748,185.05865,192.3258,199.57103,319.4593,435.49005,296.10156,264.15036,264.24197,33.37568,47.248665,48.683346,34.847557,36.63305,31.259502,7.531674,8.73652,9.685714,7.8036766,7.7510023,8.196792,0.69544727,1.1050732,1.7913859,0.7964937,0.8233865,0.65362215,17.519728,39.76727,9.154464,19.415152,16.815336,14.880771,48.850372,52.90996,53.508568,51.6514,39.403446,34.994286
2025-12-31 11:00:00+00:00,site_1421,161.44681,221.21826,253.1752,208.5083,170.91875,194.9536,206.04427,321.02197,398.63345,289.2942,283.6071,268.3204,26.765778,45.74142,35.374603,27.50512,27.61993,22.040619,7.142905,7.2043757,8.339666,8.4106455,7.4663005,8.931607,0.5137988,1.173629,1.4772114,0.63820475,0.7178637,0.6288869,23.535536,20.91877,11.159804,28.003115,20.253653,25.755821,48.71742,52.588276,55.17629,49.794624,39.828167,35.910458
2025-12-31 12:00:00+00:00,site_1421,156.6129,209.97781,222.13184,218.14108,154.3224,180.00821,200.12927,302.92697,336.02325,295.93277,284.60733,255.01535,35.92383,52.480816,35.06517,34.167957,32.244583,27.325354,6.701297,7.2753096,7.602471,8.193101,7.5490313,9.7512865,0.4787115,1.4795587,1.4253016,0.59913707,0.666037,0.6796229,25.06834,13.127196,12.727219,31.09782,33.900646,40.395382,49.650322,49.03428,50.104187,48.41934,37.945366,31.500278
2025-12-31 13:00:00+00:00,site_1421,158.35217,235.14214,234.39752,206.89333,165.6425,173.32607,212.71034,311.74933,316.81152,247.88507,263.55988,249.16125,31.92465,49.527374,31.929787,33.635136,29.707253,23.47179,6.4433904,7.4602876,7.486033,8.158004,7.735643,8.566355,0.51059586,1.5988233,1.1196405,0.56774455,0.63586664,0.6368114,29.6614,9.275655,14.174853,39.741436,40.913197,45.90096,48.57829,48.01407,50.20075,45.83821,37.531425,29.940702
2025-12-31 14:00:00+00:00,site_1421,189.6468,239.0553,201.55048,173.93532,138.42168,180.69998,241.65947,335.54602,298.54376,211.60544,217.91942,252.95319,31.427887,41.424854,28.041624,28.752972,28.25484,22.77914,6.2584014,7.133007,6.8888946,8.007451,7.606429,8.475034,0.51829296,1.3015804,0.8489921,0.5775802,0.5726961,0.73981583,32.472595,12.6355505,17.807596,54.234497,42.345284,40.985767,45.525707,47.71683,44.255,43.50011,35.547455,31.781992
2025-12-31 15:00:00+00:00,site_1421,186.26714,264.29788,200.15147,165.50137,152.25761,165.79724,244.07697,304.03763,248.58063,203.60594,234.74066,271.81458,25.178356,37.576584,22.90972,26.148373,26.852118,18.063828,7.058516,6.6017885,6.5159235,7.6168256,7.286471,8.289151,0.5560851,1.0499743,0.98033744,0.48909906,0.6083136,0.7006049,31.77222,13.405227,19.696112,58.235634,37.636078,41.887936,45.26185,48.153286,47.731144,43.17882,35.90155,32.021328
2025-12-31 16:00:00+00:00,site_1421,209.1358,243.73343,197.28458,178.03047,163.73221,191.9822,283.9801,298.89102,251.47339,252.96303,232.4326,278.45566,30.627216,35.6643,22.748116,26.304934,28.579449,21.854109,5.9813805,6.535273,6.39275,7.9434423,7.899417,8.946979,0.6071869,0.89900994,0.9069039,0.5191095,0.53999656,0.59671354,25.572939,13.360543,23.628698,49.706463,38.7454,45.169964,46.617832,47.987305,50.069473,42.4656,34.45475,29.151148
2025-12-31 17:00:00+00:00,site_1421,218.91826,226.59099,180.18407,201.12195,152.10399,196.46834,298.49286,270.4684,234.92369,308.4842,227.45203,275.2456,42.94108,38.756763,27.764362,42.260525,45.50074,38.81838,6.4655814,6.987201,6.2615414,7.8732715,8.263213,9.023099,0.79339856,0.7921888,0.75378776,0.74341846,0.65825605,0.82322145,26.193897,16.029142,23.372,33.104534,30.210653,38.249928,46.787537,46.764145,44.740498,42.342342,36.315132,28.665611
2025-12-31 18:00:00+00:00,site_1421,230.30856,205.20407,173.0899,221.86333,164.23192,209.55595,311.9462,273.90952,242.4432,328.23502,236.38876,322.2448,45.787533,32.39881,28.38103,45.199184,44.87795,48.89826,6.2098637,6.1566687,6.4501443,7.310843,8.478756,8.795603,0.9595311,0.75419766,0.95697236,1.6800268,1.1039062,1.2162004,18.847876,17.24006,16.047194,19.346416,16.50418,17.35288,50.215965,47.33703,43.130753,44.032795,37.247112,27.147972
2025-12-31 19:00:00+00:00,site_1421,256.99686,195.4609,186.5779,252.67429,160.60707,226.3591,347.64276,282.21414,254.41896,376.64334,333.50867,381.66272,43.473904,28.607428,33.192543,51.734325,55.933243,44.078987,6.921151,6.546543,6.9544888,7.6608005,7.8111405,8.055967,0.9102638,0.8350172,1.1765211,2.1973786,1.4141855,1.6297902,9.739322,15.079047,18.437584,13.020014,9.909379,9.256674,49.31886,48.073284,43.888153,43.401436,37.48134,28.194233
2025-12-31 20:00:00+00:00,site_1421,260.18097,190.98782,186.40335,249.95653,191.11784,271.77902,362.41742,256.17017,268.44083,422.46774,353.25015,410.41504,34.600933,26.439487,32.058422,39.304096,46.448513,42.682526,7.2639556,6.505488,8.881808,8.233253,7.19119,9.597195,0.7298924,0.753361,1.1945664,2.353814,1.2698661,1.7384249,11.649146,15.77787,11.8941,11.269739,9.463656,6.4741864,49.853905,46.022972,46.966057,44.21901,38.234875,28.457165
2025-12-31 21:00:00+00:00,site_1421,246.00995,169.29106,197.73654,237.25688,189.17494,278.92294,362.20636,269.28128,295.1486,371.67896,336.06427,418.07565,38.06759,26.618294,40.39026,41.721306,40.179058,35.595325,6.890075,5.769478,6.502838,8.759084,6.9629965,9.24102,0.7522965,0.92032677,1.2630671,2.2010646,1.3815646,2.1993427,10.499236,15.515108,18.018599,12.333607,8.855656,4.9219203,48.638412,45.535328,46.44572,42.106396,38.523132,28.28182
2025-12-31 22:00:00+00:00,site_1421,258.1878,133.98282,191.87585,245.63193,186.26682,240.20227,359.2511,252.61595,293.1908,358.05963,348.67953,414.49857,39.853832,30.105682,41.581074,42.506554,58.404648,49.37592,7.6687646,6.203655,8.981781,10.081999,7.64766,8.727542,0.85369235,1.0522443,1.1335636,1.8547784,1.5927335,1.7732773,8.549656,11.475223,24.135757,9.565148,9.323983,6.6179137,45.80874,43.05643,47.78257,40.090645,35.898106,23.84612
2025-12-31 23:00:00+00:00,site_1421,260.06406,158.88177,182.77113,247.99255,174.89742,232.02599,355.68594,255.28645,312.96353,353.00125,320.468,397.52866,34.96236,32.395336,41.335365,37.3505,46.52105,50.705227,7.6387105,6.7400675,9.408266,9.807608,7.780166,8.660234,0.5862921,0.93162555,1.0289497,1.9130212,1.6651021,1.5270469,14.247738,17.585314,31.450489,12.236953,10.898537,6.8881593,44.125813,39.986572,46.62129,39.962006,32.71266,23.590494
2025-12-29 00:00:00+00:00,site_1422,522.0818,294.33197,327.38913,366.00345,216.35002,249.81348,624.5101,392.13885,398.87527,456.7188,369.81128,328.8501,68.87481,53.206573,76.767494,68.032845,71.41291,56.88622,18.578672,10.835749,11.489295,15.202982,15.98359,13.498587,3.1278453,1.8901622,1.4175243,2.8405805,1.5099946,1.6910478,7.9086266,9.787302,35.036736,7.7472587,9.771159,9.171545,131.65927,120.340385,122.45539,101.89828,116.76582,93.92134
2025-12-29 01:00:00+00:00,site_1422,457.89694,282.49283,278.95563,329.54172,212.09027,255.8439,575.6597,391.27295,381.89163,400.6799,352.23877,339.1671,58.861156,55.03005,71.55838,50.931,63.611423,50.727768,16.039162,11.267574,12.759687,13.655977,15.753963,11.496589,2.898876,2.4391224,1.7734479,2.7563047,1.4963561,1.6723193,8.39905,11.469606,60.98942,7.997546,17.04923,15.947437,127.5082,117.51749,127.83979,105.18601,119.11623,96.855896
2025-12-29 02:00:00+00:00,site_1422,444.15466,310.75543,302.76932,277.7205,156.13058,207.65417,563.079,430.60318,448.31995,383.3834,305.37192,272.58286,61.108944,71.40035,68.39501,54.799618,57.224777,51.53131,19.54765,14.998831,15.017772,13.23173,13.112045,11.501779,2.4904494,2.0336616,1.7610776,1.974844,1.1966047,1.5667783,3.7794678,8.896562,69.381836,5.939399,9.460487,7.1652293,100.333565,96.35543,93.744705,91.14336,77.45701,73.57062
2025-12-29 03:00:00+00:00,site_1422,332.17148,262.78226,271.40622,280.5298,215.59787,222.72382,398.25098,391.20023,410.11926,357.04712,292.1047,280.76166,71.56491,108.987625,73.04692,66.12683,67.56509,52.42408,20.220566,17.359905,16.55473,16.647741,17.16088,14.124891,2.4811306,2.0746474,1.7598178,2.172328,1.5035228,1.5149662,2.6400075,10.199071,72.291115,5.3368287,9.808648,7.676895,80.742516,83.75244,79.93182,83.65364,62.19844,60.714787
2025-12-29 04:00:00+00:00,site_1422,272.89264,243.69063,276.37286,242.971,197.84431,207.67393,316.23145,360.85672,371.88327,319.7406,274.91235,284.00803,56.494442,86.87532,71.81338,51.860798,54.17011,45.79739,17.415844,15.199142,15.539897,14.827853,14.528586,12.848013,2.1019092,2.0938287,1.6313046,1.8293515,1.6790584,1.3069931,3.4366665,9.24487,48.521168,6.230615,9.899158,9.383026,73.82767,81.38845,74.447914,74.44621,64.52956,60.175327
2025-12-29 05:00:00+00:00,site_1422,240.55244,282.98782,294.02295,231.0087,205.49681,201.94739,286.7568,378.49463,420.07303,299.01633,297.06775,269.69632,54.696003,84.153564,88.02579,51.427856,55.286594,46.873135,15.590896,16.85982,14.793371,13.303037,12.667669,11.98953,2.1221688,2.0680442,2.0619323,1.6365912,1.3110312,1.4132764,2.7844524,20.41096,13.823941,6.8470674,10.053499,8.43324,81.49552,88.51825,81.744576,82.44684,70.42267,67.04174
2025-12-29 06:00:00+00:00,site_1422,232.62846,262.5033,256.27805,207.61919,196.52307,177.91443,281.67154,348.757,395.01602,305.24347,285.7343,263.48697,41.973064,72.27349,81.26113,40.846687,44.316612,46.101322,7.3543277,11.087419,11.058038,8.509658,9.437312,8.927282,2.138786,2.1172445,2.4032366,1.6694769,1.5789448,1.4977607,5.89962,34.05653,9.883614,8.253872,10.916298,9.268376,101.57714,108.096954,99.68902,96.9695,84.76375,73.80104
2025-12-29 07:00:00+00:00,site_1422,222.67857,301.02557,260.0948,193.3719,183.04352,183.64885,267.2955,367.8458,424.0576,310.98163,270.95963,273.03253,44.3664,70.36033,77.32454,48.508484,46.6617,43.209846,6.1370387,10.866548,10.571148,7.1836305,7.3157015,7.372245,2.1706486,2.0136764,2.4968672,1.6099051,1.4911877,1.4450171,10.756042,50.552013,7.665287,11.684791,11.36821,11.493252,102.274506,110.29029,99.53868,94.25122,91.2565,78.25357
2025-12-29 08:00:00+00:00,site_1422,239.52356,290.80185,259.47784,201.39902,194.97974,198.24799,291.91898,389.38297,433.44727,320.65863,291.85266,313.71542,59.536175,73.76817,86.374084,52.28286,51.450455,51.526966,8.455204,13.437818,11.057321,9.417995,10.547592,9.464328,2.298492,1.7731436,2.8093858,1.788844,1.472607,1.4288797,9.105471,56.818142,6.5409794,8.852481,12.290949,10.992797,101.53621,106.91198,104.66989,92.69856,93.126686,80.07354
2025-12-29 09:00:00+00:00,site_1422,239.35838,274.62524,280.2374,204.52713,204.4587,185.85303,324.83737,373.96313,460.03906,309.29294,307.30695,343.9311,60.554268,61.45224,62.255486,49.176235,52.028698,47.181797,7.9258766,11.697124,9.774282,8.594798,9.666205,9.072759,2.110641,1.6783084,2.9742572,1.6920052,1.4001272,1.3724403,18.090555,59.95689,8.378006,11.982111,14.011883,14.756534,104.53962,108.37241,108.72065,97.05306,93.75547,81.67249
2025-12-29 10:00:00+00:00,site_1422,240.6746,246.78445,279.5784,216.85832,217.67226,207.62978,340.63925,335.7658,453.77942,308.7496,325.83365,328.32028,74.72218,66.78525,63.0464,59.910366,62.681488,55.432617,7.4410343,9.781215,8.868461,8.701648,8.881778,8.7055855,1.9328983,1.4325544,2.5657368,1.7067118,1.4348854,1.3281721,16.761036,33.11494,6.5477777,15.024888,16.748716,16.025238,90.14799,88.64492,90.266266,83.898125,83.62156,77.31287
2025-12-29 11:00:00+00:00,site_1422,273.47397,249.77634,290.7466,251.19804,232.94427,231.78714,387.10037,341.344,420.70718,343.67896,323.03284,347.37173,79.274055,97.66061,63.453423,68.790344,68.10207,61.64398,9.436664,10.374936,10.435099,10.943936,11.444584,10.557227,1.7082859,1.7784117,2.4191115,1.4593027,1.3565676,1.3578435,30.265673,19.2032,6.874084,22.336561,24.344826,27.994787,97.0971,93.93232,94.69494,85.95742,85.08319,76.106415
2025-12-29 12:00:00+00:00,site_1422,288.3476,261.4518,279.71133,234.96043,252.07687,207.68944,371.07013,405.99524,398.87048,340.89734,344.34372,335.41388,74.76783,88.35478,44.695507,66.30864,62.379467,62.082302,9.399371,11.122191,9.604152,11.103328,11.039879,11.320226,1.8106622,2.3121562,1.7335455,1.5198466,1.4326334,1.513069,43.341324,7.847494,9.054709,37.21247,36.21447,29.921473,94.407036,100.57805,95.08417,82.40821,80.753876,73.74536
2025-12-29 13:00:00+00:00,site_1422,301.07242,289.06705,289.56256,234.13629,250.55035,205.97415,400.05194,419.1994,364.1025,365.7495,362.49988,336.93585,69.516014,76.58218,44.655437,58.53881,59.347492,56.526855,9.057019,10.86167,9.744874,10.065548,11.017104,11.629799,1.7886397,2.2470558,1.9382265,1.3759466,1.3693588,1.4976044,64.24841,8.4799185,12.137588,45.047787,48.019905,34.97803,99.35646,103.62078,102.5246,86.98339,81.34637,71.51127
2025-12-29 14:00:00+00:00,site_1422,290.1195,325.42947,274.00797,230.99673,248.30751,217.73465,372.0467,450.43326,357.7009,350.5947,347.92148,361.5516,57.66701,73.99036,36.01272,59.099648,57.1181,53.43852,6.529438,8.269105,6.6626635,9.487205,9.470655,8.035703,1.7108485,2.9488475,1.8522522,1.3923982,1.2841959,1.3572431,80.67761,8.871827,11.266212,57.027405,61.114365,64.51691,108.81283,111.95307,98.025536,98.103455,87.12809,81.323
2025-12-29 15:00:00+00:00,site_1422,257.15778,315.6181,256.44034,237.35184,238.34561,213.75508,345.03214,450.91452,348.62717,353.8281,341.2422,332.41687,67.0162,64.694695,39.23887,57.231365,57.85525,46.749226,5.634849,8.344548,6.1078634,8.230086,8.403416,8.084866,1.6678671,2.8649917,1.9792231,1.3281873,1.3563259,1.2277162,55.067116,11.7477,15.337384,62.634853,59.321274,65.79383,94.83519,98.75318,86.732315,80.35353,77.23297,73.93705
2025-12-29 16:00:00+00:00,site_1422,221.4447,300.71417,223.7581,248.23857,225.05052,190.10948,304.2625,464.23813,321.00385,341.1087,323.72183,270.04205,73.01965,59.92229,39.657387,57.164963,54.915535,43.259518,6.038547,8.115454,5.510211,9.061027,8.363941,8.083186,1.8319033,3.043296,1.8893726,1.4842297,1.3353297,1.196549,38.513268,10.26202,15.336038,68.050896,64.04668,52.232018,93.54475,96.28541,79.32133,83.44247,83.96093,74.89479
2025-12-29 17:00:00+00:00,site_1422,275.75803,327.89355,265.017,248.58447,208.5278,182.47835,367.06247,452.70694,336.1837,354.15958,333.5955,269.5744,95.02738,62.316097,45.883514,79.83726,76.05758,61.716244,6.5132556,8.559834,5.9745345,8.659613,8.91748,8.865487,2.6555805,3.1828203,1.9828298,1.6618365,1.5282274,1.439436,13.913982,11.53583,13.307895,25.038868,28.237839,19.89363,92.32431,94.813995,81.365036,80.565384,77.72877,72.881645
2025-12-29 18:00:00+00:00,site_1422,302.56055,282.95343,237.38667,234.55011,211.19801,183.82938,385.92346,388.98416,321.8713,369.82855,371.23523,304.6118,72.93546,60.71039,38.964653,72.98062,78.24125,69.46266,8.0597105,8.6356,5.7177,8.918531,9.453364,8.521156,3.3509493,3.0460846,2.077203,2.1687105,1.8544257,1.7299521,8.543804,10.62262,11.587311,12.060401,11.56509,10.052228,92.2721,90.150536,80.71507,78.995186,78.95702,70.97566
2025-12-29 19:00:00+00:00,site_1422,301.60864,262.58997,230.95505,269.1774,229.693,222.74065,431.12558,359.0241,318.30536,415.9932,427.605,359.28552,69.96064,49.518204,45.48508,70.847855,80.83057,69.686295,8.276069,10.672756,5.1242023,9.359698,10.632618,10.303238,4.6299057,3.2131696,1.9971356,2.4391062,2.381022,2.0405793,5.9398637,10.523588,10.507437,11.761997,6.8457065,6.9773326,95.66915,96.001335,85.513435,83.582954,79.88791,72.57991
2025-12-29 20:00:00+00:00,site_1422,347.97034,254.88966,239.5982,260.6456,203.2561,243.40411,494.13455,374.73547,350.29443,430.0993,372.73517,348.00775,55.099087,41.257748,60.340527,58.777325,58.31039,49.78562,8.741734,7.430128,4.1860204,8.737687,9.819504,9.366168,4.297616,2.106795,2.135874,2.5120904,2.6572342,2.2052147,7.580681,9.564508,5.8335695,7.546979,9.027747,6.168215,98.33157,91.79742,91.01533,90.6835,76.79391,70.44591
2025-12-29 21:00:00+00:00,site_1422,381.54715,256.87512,251.57272,305.75177,248.69504,287.10413,518.6934,359.75848,405.31967,456.07465,425.00354,377.10425,52.471153,44.23623,81.54404,60.295197,59.018,49.053555,9.155839,6.923514,4.790659,11.622979,10.494151,10.048868,3.835912,1.9578633,1.9957271,2.5037138,2.443655,2.3533995,6.921128,11.002446,6.931543,8.763935,6.962856,5.891948,99.67451,94.01237,94.18868,92.988945,76.99065,72.27223
2025-12-29 22:00:00+00:00,site_1422,382.99716,203.55081,238.80594,311.23676,240.81718,293.1457,517.2727,362.4046,351.72504,476.68893,415.4776,376.67352,50.5958,39.966797,87.355804,62.109135,55.841053,49.93846,9.574532,6.147798,5.959987,9.697792,10.765799,11.189353,3.3940947,2.1737232,1.7222549,2.4353175,2.2265832,2.2244658,7.8874645,7.399841,7.9370914,6.266027,6.9772134,5.656786,97.36114,82.05891,90.12766,91.24506,78.94173,72.42292
2025-12-29 23:00:00+00:00,site_1422,370.74896,199.37894,265.44852,289.79883,242.3515,267.25555,494.29617,368.70825,411.40225,457.6082,381.54507,359.42554,58.217533,53.774223,97.12805,68.61058,62.930187,54.011967,8.093944,5.6357594,7.7403545,9.506803,10.394677,9.670178,2.9578402,2.1999106,1.5807817,2.296368,2.1249034,2.0410259,6.700587,9.573855,20.220407,6.1637187,7.2898602,6.5272136,91.15223,80.41739,80.479416,82.214645,76.08392,68.49918
2025-12-30 00:00:00+00:00,site_1422,291.57516,209.3345,315.53696,288.2623,253.89479,240.5572,347.1434,291.54138,409.60214,372.01743,386.70087,285.42957,61.947327,61.010998,76.66351,76.511284,67.484375,60.423187,15.732434,13.543167,15.336535,13.785418,14.089154,12.707735,2.6492739,2.0650954,1.8641883,2.3580296,1.7000047,1.5443491,6.9061656,7.7768626,36.68991,7.6350536,9.016835,8.247196,87.41917,75.12473,78.335785,82.56357,67.34221,67.28891
2025-12-30 01:00:00+00:00,site_1422,257.00815,211.42409,300.57376,261.85953,261.93323,245.08589,283.5597,293.84537,372.9751,369.36142,343.40182,284.8203,65.87887,77.48903,73.73466,79.18019,65.276596,58.31258,19.463394,14.11545,15.032286,19.89062,16.349295,13.046907,2.6994004,2.356988,1.6838275,2.2621865,1.3511974,1.5080565,12.664216,13.736135,65.133545,9.344018,18.039394,13.061087,78.20358,79.51861,78.60798,82.36196,67.7467,69.179405
2025-12-30 02:00:00+00:00,site_1422,255.16792,236.09874,297.6642,278.6588,257.76633,217.20613,312.6757,319.70758,401.57913,372.33582,348.6622,288.06976,66.78332,99.88943,71.88611,78.39893,71.763435,54.780376,23.788572,17.99668,14.275475,22.120087,17.353548,14.422672,2.5832336,2.257621,1.6683505,1.8376546,1.2604462,1.0437895,6.538384,11.528711,58.1413,9.614993,13.0510235,11.84753,89.06127,86.74279,84.20771,86.61933,72.168106,68.7339
2025-12-30 03:00:00+00:00,site_1422,267.56674,239.84505,313.71054,256.30658,232.06757,188.73598,370.64444,392.9115,453.7416,362.60294,345.98984,285.74637,78.87733,99.37705,71.39613,76.365005,69.75342,53.2622,29.471468,20.296652,14.73979,21.981674,16.546917,17.462904,2.7174644,2.2354221,1.8818187,2.0249686,1.5673022,1.1291251,5.8803825,20.545626,42.042442,13.469305,14.759233,13.172726,99.59921,98.02409,94.33161,92.39654,70.99484,70.42437
2025-12-30 04:00:00+00:00,site_1422,274.80997,219.78186,307.16113,260.68076,217.19492,181.34961,376.34283,336.58014,456.42447,321.7177,297.5318,254.1514,73.012276,102.357666,87.846664,74.523636,58.131077,48.081024,28.783907,18.79886,14.617583,20.619186,16.440876,15.931645,2.50655,2.119336,1.8859363,1.7136813,1.4559594,1.0748063,6.44873,20.413353,39.884342,9.198248,18.482021,14.659915,96.29924,94.9995,92.36502,88.311226,67.57487,65.90894
2025-12-30 05:00:00+00:00,site_1422,270.64746,246.2226,306.3467,237.02498,193.83363,172.56433,352.853,374.6703,452.07907,309.84714,294.62405,241.67578,67.55383,96.31007,92.37005,69.92566,52.929996,46.949524,30.922495,17.901403,15.547293,17.903042,15.795822,16.345154,2.3784904,2.1722255,2.0201652,1.4867425,1.233505,1.1441503,5.0416965,26.980196,18.764832,11.142854,15.472547,16.802755,91.91751,92.531654,87.42751,80.491486,70.30097,68.77219
2025-12-30 06:00:00+00:00,site_1422,286.59348,275.2984,309.54272,216.32652,177.49098,167.72527,370.403,387.70407,427.12244,299.06735,294.32437,254.52098,70.07193,72.37852,99.87472,63.337746,52.7902,48.604675,32.9799,21.977352,16.645819,18.704004,15.903701,19.650173,2.5452747,1.8786862,2.3810122,1.6587126,1.2984797,1.3343756,5.0499554,35.18841,14.477478,9.732821,15.09744,12.7471895,86.15633,87.914185,83.05793,75.572205,65.70154,66.549736
2025-12-30 07:00:00+00:00,site_1422,288.13925,274.04095,323.41974,214.62305,179.2347,160.5711,399.65268,378.3997,467.8765,314.28687,272.50485,256.79932,73.80945,69.80494,103.61692,62.230415,49.774734,48.59734,33.497974,24.07922,17.893305,19.293211,18.102882,18.497581,2.7409914,1.7076936,2.5646493,1.7856014,1.4042723,1.6606137,4.4439497,46.3637,6.5598745,9.94061,14.291655,13.82412,84.34336,85.071556,78.55993,79.53846,64.00892,62.509346
2025-12-30 08:00:00+00:00,site_1422,311.48438,266.2631,309.1252,212.34201,176.3331,159.06818,435.90552,387.3486,491.94067,318.9203,273.58408,261.4919,80.65184,68.50654,87.56763,61.191875,53.22685,49.166424,35.874454,22.314392,18.344683,20.29375,19.358927,16.998121,2.470828,1.5565964,2.9606783,1.9407964,1.5047867,1.3817986,6.774232,68.297226,6.633418,9.476603,15.891712,13.831525,84.74855,82.30746,76.39776,79.34716,67.516815,59.141087
2025-12-30 09:00:00+00:00,site_1422,278.32324,236.12703,331.89536,220.24684,199.27817,162.41425,393.81714,334.29147,467.1935,311.73364,269.34732,273.49582,67.87652,54.25384,76.69533,53.528816,48.30218,41.28057,35.098766,21.95,19.08575,19.766846,21.418188,16.594955,2.0371187,1.4721705,3.0603526,1.6824254,1.3324822,1.2191445,10.248632,54.65972,6.602678,9.787317,14.143329,16.068602,81.41202,81.089775,75.98357,76.39182,71.5342,61.619007
2025-12-30 10:00:00+00:00,site_1422,241.74686,188.43877,334.43213,225.1988,196.42319,185.97842,311.854,282.47903,468.0862,323.07303,287.1424,289.7667,61.36134,54.23483,59.004765,47.01471,46.273758,40.515903,36.95151,19.805435,18.152508,22.8892,21.782211,16.002888,1.928531,1.485358,2.9293287,1.6071281,1.2395694,1.3181884,12.923277,46.048313,7.163236,12.487681,16.997044,12.801904,81.2377,77.619415,79.05486,76.713745,72.449036,62.039608
2025-12-30 11:00:00+00:00,site_1422,227.07018,183.09067,288.08597,214.70927,209.35683,189.65926,318.46527,278.31836,399.17868,286.00488,299.48157,269.1635,56.363453,54.564644,46.509468,44.50415,42.01243,42.77295,36.306072,17.203062,16.826923,20.833464,19.829874,16.922392,1.736073,1.617945,2.8275,1.4172809,1.1374733,1.1824218,15.425141,19.595917,5.4131827,16.541191,21.994358,18.020458,78.803955,76.93237,79.098015,74.58217,67.26983,60.58979
2025-12-30 12:00:00+00:00,site_1422,229.87987,219.2037,278.77994,251.5049,207.94885,195.6975,298.07117,371.1151,350.46378,302.08734,300.9709,296.68478,50.517475,57.35481,48.47921,51.398956,46.033737,40.99353,34.135147,16.706356,15.931567,21.937561,21.229345,18.179386,1.697783,1.8310121,2.1818972,1.5367249,1.237691,1.336278,34.38991,15.371605,8.93007,36.403404,40.714756,33.206272,74.371574,71.758736,70.76398,71.27129,63.833992,57.569115
2025-12-30 13:00:00+00:00,site_1422,231.75781,253.28783,303.11584,243.33202,216.2642,204.74487,294.0427,428.11664,389.22852,302.253,340.01743,346.82736,47.144585,63.945568,49.087044,55.183697,44.27885,40.359467,32.333134,18.771566,15.456498,22.759083,21.339317,19.252028,1.596788,2.3919508,2.4110668,1.5367793,1.3040138,1.3486968,49.137444,13.743362,10.171442,40.608116,42.871143,43.83238,77.58808,85.570656,78.18546,72.85698,64.289,60.29412
2025-12-30 14:00:00+00:00,site_1422,225.21437,305.5254,307.79712,224.20775,214.15869,214.50735,276.89777,456.9785,414.21838,291.286,320.3023,322.2952,45.570965,68.58278,48.01031,47.958958,48.885773,42.136948,30.215342,19.277884,16.459482,22.650074,19.009703,20.094471,1.4319154,3.0205657,1.5921999,1.6613984,1.2744693,1.2703695,63.88922,10.4760895,12.122446,48.15387,56.31029,55.5579,79.245255,83.41197,77.13588,77.70713,64.52569,61.403854
2025-12-30 15:00:00+00:00,site_1422,199.3531,384.64328,300.23773,214.55434,210.49396,237.68787,264.13947,505.19278,419.4273,305.21582,315.49777,316.59183,68.15523,72.31999,51.420692,61.067566,52.796837,44.852604,29.558744,23.848373,16.159721,22.166506,15.062521,18.021198,1.5776751,2.4741213,1.6370623,1.2845272,1.2356808,1.1892072,36.99458,9.846014,11.826554,46.02875,52.18636,42.36912,72.56145,74.602715,67.90748,68.77112,61.338173,57.963936
2025-12-30 16:00:00+00:00,site_1422,169.94145,427.445,283.04913,216.31137,197.62013,202.27792,285.8789,548.71045,387.07184,296.92065,322.17676,320.41107,79.96623,70.73442,51.143272,59.59033,56.40161,46.376446,29.92523,26.252682,16.081247,20.703371,17.277157,17.898512,1.7697861,2.445456,1.5771474,1.326741,1.0821588,1.0973753,16.421906,9.545207,10.644928,43.77338,46.47575,46.29197,67.01712,80.451126,59.866856,67.105415,58.87963,54.150146
2025-12-30 17:00:00+00:00,site_1422,195.88554,412.977,279.6457,204.96065,195.4921,182.13544,305.47266,506.6607,329.44717,325.70456,331.887,305.87952,92.16351,67.28473,44.374123,76.59969,74.86036,62.956043,34.587685,28.984882,14.255119,21.205948,17.497759,16.762255,3.2889564,2.9329472,1.7972925,1.8156155,1.4891003,1.4314272,11.60513,11.1840725,11.657382,22.601315,29.981491,27.986977,68.26633,74.943565,57.803238,65.90377,54.69977,54.541904
2025-12-30 18:00:00+00:00,site_1422,282.7747,377.35727,251.84206,283.98425,235.62886,175.76282,428.49857,464.4065,320.5694,345.13892,338.5551,304.0924,79.97563,47.650978,39.31846,75.39955,84.78834,73.83171,43.501984,24.775654,16.396898,27.325737,26.726068,19.846827,5.2057905,3.4086246,1.561259,3.193119,2.7207458,2.004334,10.90981,11.456997,15.286647,12.095029,8.816787,7.1128683,80.70207,84.34312,74.920494,81.841064,68.49396,62.164974
2025-12-30 19:00:00+00:00,site_1422,307.3108,348.03546,251.34993,341.4343,291.95868,222.28949,498.17746,444.39374,319.83392,447.6544,436.22287,326.02145,66.480415,42.577396,37.544373,72.44398,80.670395,66.39036,33.247967,20.68824,13.651552,27.677923,26.169962,21.89605,5.3178997,3.4724953,1.9784653,3.420754,3.2191403,2.1866033,7.9045167,9.539709,15.263979,6.9663196,7.747603,6.243685,79.24474,79.71722,68.336876,76.31083,66.585915,63.70124
2025-12-30 20:00:00+00:00,site_1422,339.36053,332.72162,266.77805,339.38223,335.61267,265.04507,491.8219,407.75314,380.5883,448.86618,451.12177,402.92722,61.64823,42.47201,47.58944,63.142338,68.34227,57.959446,37.290493,16.256762,11.093133,32.434574,30.370857,21.672915,6.2567472,3.1431272,2.0528297,3.7170138,3.5054576,2.7984548,7.0024495,9.847516,12.7830105,8.235042,6.8322105,6.9602733,79.18344,74.715164,73.73174,82.72263,65.206795,64.12273
2025-12-30 21:00:00+00:00,site_1422,420.45932,315.8969,278.2282,348.5701,325.2661,286.32114,559.55676,432.92487,421.73987,430.73114,513.1836,401.4769,68.31776,46.52244,83.46356,59.96435,71.69784,61.43195,37.318913,13.916791,12.53643,29.543455,28.768206,23.368654,5.008171,3.0365386,1.808809,3.014323,3.1656775,3.1440303,8.941449,15.121403,13.793387,10.301626,8.368766,7.806071,91.590256,82.01158,90.01747,93.66762,79.35444,79.31019
2025-12-30 22:00:00+00:00,site_1422,485.5734,338.7777,325.47437,379.88156,369.69025,251.02208,621.95593,442.67126,444.93802,462.99374,518.8129,380.58154,48.88226,42.88987,78.62584,47.131847,48.471172,36.566624,36.5635,13.0991125,11.945982,27.293715,28.83304,19.745718,5.818126,2.6082704,1.9884641,1.7297255,2.5065086,2.5155976,9.1910095,16.061224,8.236481,9.391384,10.851549,8.717428,88.00204,79.07042,88.39886,87.97213,74.43447,77.31662
2025-12-30 23:00:00+00:00,site_1422,433.5,337.27014,314.57642,380.1225,315.43762,249.28893,550.5604,404.24338,457.17337,401.0396,470.67883,328.54697,56.025665,44.780235,84.24958,50.321175,51.38729,37.045837,31.019337,16.037638,14.08647,26.271597,26.255955,21.36007,4.8531556,1.9702516,1.7873929,1.9925734,2.9126863,2.5152674,9.844452,14.62889,15.148507,9.203153,11.962711,10.368981,84.08656,77.14345,88.591866,86.58772,72.09358,75.38959
2025-12-31 00:00:00+00:00,site_1422,398.06647,306.38083,329.6971,344.74695,274.3614,220.63089,499.22278,364.0584,461.4076,391.2349,428.33762,249.39421,53.989346,53.25988,73.82655,49.09297,48.519287,38.778927,25.978924,13.992504,14.405021,19.757446,18.984472,15.386778,3.8752015,2.1596844,1.7731818,1.8055367,2.4301908,2.2016647,10.07921,12.787463,22.539734,10.075206,13.016581,12.912371,89.51132,78.00219,87.08953,84.09514,72.581474,70.86445
2025-12-31 01:00:00+00:00,site_1422,338.05807,305.04492,299.36142,315.83356,239.22017,200.90172,440.06277,384.39557,413.97052,387.9185,399.4614,240.21739,58.3284,59.372227,70.44756,50.243923,54.4612,38.921227,20.996096,13.343564,13.1987295,14.365614,15.27612,13.154528,3.763749,2.4758234,1.7936286,1.330028,2.2680128,1.5390695,16.552784,19.722158,47.5008,20.031078,22.149317,16.144108,79.8289,80.11379,82.46285,84.48478,72.84205,72.084465
2025-12-31 02:00:00+00:00,site_1422,380.02557,309.43616,294.79413,275.4015,211.4285,206.0322,504.96155,357.40585,424.98535,385.2757,389.45053,224.10963,54.853962,76.3272,64.14183,44.164574,44.30871,32.589554,18.63957,13.370153,11.522621,12.280167,13.549002,11.380548,3.8491728,1.9388038,1.6119214,1.7427835,1.8707917,1.4231826,12.561433,13.411541,34.02881,14.50812,10.978918,12.645032,90.73932,92.5238,89.26063,83.16736,75.29759,74.594345
2025-12-31 03:00:00+00:00,site_1422,402.76245,313.6705,281.7359,288.0461,229.85754,198.54099,512.1176,412.9391,431.12637,340.8801,330.3995,223.5025,61.19899,87.492805,65.70762,51.46093,54.83866,33.457287,18.029243,13.96017,13.430318,13.1678295,13.405034,10.190553,3.4276776,1.9776821,1.7889807,1.5839932,2.00147,1.5896976,9.577955,8.604449,43.92384,13.765647,11.104921,14.975453,113.77836,114.25986,106.466385,93.124504,92.46108,76.8673
2025-12-31 04:00:00+00:00,site_1422,390.19547,306.1516,276.6099,241.47382,222.02525,198.87094,555.7353,418.03732,399.98044,338.4075,349.10965,254.59033,66.3077,86.03453,72.60377,50.68529,47.16725,34.618145,18.00743,14.074485,13.330391,13.6843,13.724115,9.186672,3.0121632,1.8412298,1.6107454,1.820208,1.7516779,1.6437025,8.977582,11.442958,41.11159,14.117548,13.624239,14.659912,104.71274,108.17663,105.06272,90.98959,85.50259,76.40759
2025-12-31 05:00:00+00:00,site_1422,408.2986,303.54642,306.18878,267.62067,202.12054,202.73701,584.64215,470.60657,368.6421,319.11447,311.93,244.7807,68.149284,77.02775,95.05956,52.726784,48.37345,39.700703,20.168625,17.758247,14.151213,15.711336,14.727262,9.240013,3.0094543,1.8045384,1.8889916,2.1696796,1.7542541,1.7621806,10.209389,18.869328,15.682778,14.108889,14.10021,13.618348,109.30048,106.685555,110.16409,92.92174,85.95658,74.2399
2025-12-31 06:00:00+00:00,site_1422,429.39548,270.4097,308.53098,246.6989,188.78212,203.7763,587.47833,445.04324,397.19162,333.52945,286.04272,229.35873,65.17806,83.92944,92.99363,47.696293,46.51112,36.427357,19.177727,15.574953,14.783033,12.282796,13.258797,10.656681,3.5039217,1.658571,2.3769116,2.111699,2.0810297,1.4740214,11.592501,23.1871,9.937077,15.321162,11.930463,15.450989,96.37071,105.99096,104.74018,90.77684,76.58058,73.25815
2025-12-31 07:00:00+00:00,site_1422,401.50494,271.34274,377.66037,250.80264,204.2889,206.59395,505.94943,388.4852,423.27295,316.44565,255.74777,229.93163,61.22912,65.43459,87.68188,48.348755,40.12383,36.987377,19.652227,19.344576,14.6552305,12.499507,15.701902,11.679117,2.4135234,1.6815497,2.3075101,2.1765754,1.8238753,1.5025064,7.7025685,34.773174,8.042898,12.411533,10.90266,9.350752,88.18271,91.24265,92.96159,80.87245,69.32612,63.28113
2025-12-31 08:00:00+00:00,site_1422,242.3562,235.56955,348.84833,176.98938,180.71825,185.81966,303.13687,321.129,398.07477,273.63324,254.71611,265.35608,46.03993,54.71958,61.34872,39.08654,40.998524,36.301636,18.055614,16.894579,15.3026,13.282482,13.248985,12.8917465,1.7410648,1.3382325,1.9871169,1.5936418,1.5220841,1.3408041,10.715011,48.314854,10.26762,16.001783,12.668492,10.068426,76.218216,81.00725,78.007835,71.959915,61.451977,54.610672
2025-12-31 09:00:00+00:00,site_1422,196.21024,226.96985,302.65833,182.50655,173.12144,193.97215,273.9806,319.331,392.30353,266.01147,255.80898,273.04092,59.939545,59.443466,57.831276,43.359837,48.830635,37.713467,19.300573,17.786932,15.629371,15.377529,13.690102,14.469259,1.7142878,1.4054585,2.5954196,1.512111,1.4614003,1.3006178,14.552051,43.249165,10.949065,21.664663,16.484276,14.1367,74.95115,76.22188,78.51685,70.94068,57.566875,54.807373
2025-12-31 10:00:00+00:00,site_1422,202.00597,238.95107,327.88293,229.51143,190.36209,194.98254,275.36932,321.21436,387.78656,263.7365,268.68088,278.08142,60.23435,58.76991,48.208084,50.55826,53.454105,40.463116,19.290735,13.91462,15.127195,13.826961,13.517318,14.629403,1.8395126,1.7361467,1.8868523,1.5323367,1.3670149,1.2715831,17.621445,26.07481,11.544174,20.808496,20.521202,14.970619,70.1484,71.78624,70.89213,65.374405,58.702564,52.35406
2025-12-31 11:00:00+00:00,site_1422,218.77,225.4331,292.64597,218.92577,188.7142,206.73158,280.29214,333.3731,353.9009,254.08049,260.51907,283.45728,49.35961,60.335247,41.015102,43.530613,49.526325,39.264347,19.157549,14.019926,14.080562,15.215652,14.745199,15.137979,1.7926885,1.8336172,1.9780269,1.4402188,1.347074,1.360599,18.63496,12.491293,14.110956,29.508852,21.10626,25.822514,47.9983,46.94726,53.124046,57.294685,37.72143,40.140194
2025-12-31 12:00:00+00:00,site_1422,221.01053,226.97539,292.46158,211.731,171.5734,231.30392,276.83185,297.9457,333.80716,245.80095,246.57907,263.67032,50.544094,51.53131,39.183598,44.722557,43.69096,40.681923,21.125809,13.400809,16.53301,15.877296,16.713573,14.471232,1.7356585,1.9103026,1.7239739,1.3641905,1.3367031,1.4176855,22.167501,13.482979,15.726864,28.280346,30.31522,40.562134,38.560204,42.08813,43.08763,38.07873,33.786392,31.746593
2025-12-31 13:00:00+00:00,site_1422,206.08083,243.32428,233.62396,181.8401,152.47005,182.46423,255.66768,331.13602,315.8851,233.44717,247.01056,267.7162,47.40738,47.28724,36.689392,39.6963,40.126835,32.210354,9.007089,10.28269,9.208539,9.583309,8.73746,10.747929,1.2599984,2.0068963,1.2675757,0.971691,1.2374187,1.1726841,20.3302,11.20924,19.513689,35.88845,31.402723,38.75212,60.574936,60.577908,51.859364,60.4637,40.807728,40.395782
2025-12-31 14:00:00+00:00,site_1422,211.78552,252.93134,223.58661,170.1106,140.10365,187.59946,264.02686,317.52682,267.29742,211.93312,250.71855,277.22754,46.726982,55.356346,37.46065,36.64186,44.52515,35.51709,18.961138,13.366085,12.404211,13.910136,14.509122,14.066886,1.7177682,2.0741282,1.5744901,1.2782091,1.3563129,1.3693677,32.262585,15.949223,21.033989,51.63806,50.893284,58.36813,64.942764,62.39441,52.841583,58.249104,49.23138,48.191967
2025-12-31 15:00:00+00:00,site_1422,232.14702,275.78995,217.18347,164.72784,133.15512,174.06644,304.42902,300.26764,265.1727,230.40414,231.67322,268.27417,52.78962,49.371967,38.127224,38.189835,38.920067,39.261475,18.158918,14.411293,12.134678,15.516331,13.884538,14.332776,1.7745183,1.8048451,1.5467904,1.3147233,1.1109436,1.3630909,18.052572,11.831835,15.08201,42.896706,41.13843,46.56346,82.141,79.78244,59.071762,69.81734,54.99285,58.11889
2025-12-31 16:00:00+00:00,site_1422,235.45499,253.68993,195.94785,186.39061,142.59334,199.8771,310.4983,278.39212,232.04826,228.7178,250.54395,270.2396,58.75275,50.429535,35.785484,48.13601,44.480892,40.98389,18.879808,13.230942,13.021203,13.577365,14.791164,13.615189,1.9035658,1.8038058,1.5801866,1.2613934,1.2006732,1.6470447,16.457644,14.98906,16.98903,37.88347,36.672226,46.49006,86.01779,80.01725,62.918945,74.77698,60.127846,58.771584
2025-12-31 17:00:00+00:00,site_1422,247.685,219.806,190.52399,182.01909,144.46806,205.62283,323.578,260.99313,256.5421,262.2637,259.43384,278.18277,55.797318,49.35009,36.93741,54.60961,53.33684,47.982605,18.648458,13.219414,11.170679,13.947286,14.328339,13.203245,1.991697,1.5860643,1.4570172,1.4073311,1.292154,1.5623869,12.804425,14.607516,16.388542,25.549122,25.090797,24.399012,90.90284,81.04551,70.73606,74.11814,64.89264,60.666264
2025-12-31 18:00:00+00:00,site_1422,264.58298,206.65416,206.69106,208.51602,148.83086,208.33192,327.4996,258.29825,264.27396,319.40808,280.8851,304.9863,60.750427,45.132477,36.80657,63.294212,51.48895,56.460762,19.556524,12.46961,10.832627,15.180604,15.540598,12.747983,2.0445492,1.2952827,1.3991966,1.9945666,1.5722047,1.8122077,8.860613,11.661661,15.181302,15.356919,11.689478,12.811015,95.78119,82.6106,73.08414,78.610466,64.847855,61.96394
2025-12-31 19:00:00+00:00,site_1422,284.34976,202.41815,202.21773,285.96704,187.6895,290.74588,363.78525,267.84674,266.95752,366.19232,369.97147,397.5881,61.59325,48.333447,39.2989,69.60544,51.67931,55.126762,16.299866,11.476765,10.263818,14.440931,14.539354,12.132867,2.0379846,1.2366767,1.467948,2.4640977,1.5791199,2.2353938,9.724394,13.9620495,17.541914,13.64913,9.346302,10.805118,95.56923,84.98878,77.47178,80.40534,62.864044,62.23027
2025-12-31 20:00:00+00:00,site_1422,278.7637,211.7674,194.87148,308.92657,233.36386,339.897,385.79733,240.30524,267.9482,384.02176,441.8796,424.46375,53.57084,37.578354,42.435326,60.840416,48.666077,52.130306,16.301558,11.718028,10.641786,15.971561,14.021574,13.183734,1.9229279,1.2790147,1.705869,2.878504,2.0861287,2.5693526,9.863649,13.102232,19.503334,15.083349,10.087609,8.749062,93.37916,78.58099,75.76369,80.36928,63.08486,57.25522
2025-12-31 21:00:00+00:00,site_1422,295.68256,200.3701,194.75058,330.34216,224.76039,335.09897,376.6689,253.08878,278.25507,406.16147,386.9999,439.16544,51.012947,36.093857,52.910507,58.4901,52.600906,46.706715,18.273348,11.703181,12.3265705,15.725269,14.185263,13.526625,2.001633,1.3228709,1.8773335,2.742919,2.3082542,2.9898884,9.7392435,14.600582,17.109816,13.169584,9.267145,8.8333435,91.192314,75.086586,77.852066,77.09547,65.62744,54.87294
2025-12-31 22:00:00+00:00,site_1422,296.7918,164.73154,190.0738,310.6943,200.39442,297.5322,387.63846,273.2724,315.00107,327.7929,375.96698,416.01624,55.07353,43.588535,58.593227,56.468914,57.697044,50.172134,18.003252,12.895026,14.189982,16.577898,15.620659,14.724017,1.9953885,1.1828079,1.8681087,2.5076537,2.2851288,2.3529181,7.9541793,15.308747,14.92269,10.958933,9.3621,6.0531025,89.32822,78.37781,77.580765,78.61587,65.83532,56.422062
2025-12-31 23:00:00+00:00,site_1422,283.94525,165.47466,176.96687,281.43713,206.92476,268.2033,374.07922,246.8526,294.77832,347.25015,340.06555,395.52362,50.4692,41.47905,51.954605,49.21955,47.28758,43.624355,19.312386,13.256348,13.978324,16.060522,16.875214,15.293961,1.7983521,1.4659522,1.7187817,2.0812674,1.8713645,2.42955,12.34841,13.578876,23.181686,14.4601965,9.8072405,7.2846713,87.78853,72.97843,76.68474,74.25013,62.12618,54.919537
2025-12-29 00:00:00+00:00,site_1425,448.9506,242.3865,295.71292,266.11664,243.11548,234.59772,604.05695,380.88428,380.54126,464.28406,344.42712,303.34848,43.00779,37.44992,65.94213,54.452362,49.88481,50.82477,19.955479,12.597126,11.598466,14.642082,16.36945,14.015543,4.047998,2.2357304,1.5128387,2.45002,2.2670207,1.8788993,8.205668,5.2650223,28.143503,5.6742105,7.5038195,9.89345,116.524895,100.8565,111.15284,107.55233,95.777756,94.07041
2025-12-29 01:00:00+00:00,site_1425,320.79855,218.22089,253.24072,268.65198,205.63405,218.84479,406.13605,347.73798,357.08582,382.4516,326.7238,324.75125,42.220657,40.87447,60.608868,48.269714,46.95801,42.48063,7.435989,6.3991413,10.378144,5.9473825,5.7682147,6.168141,3.0596416,2.5453556,1.6584381,2.483455,1.9535702,1.5828624,8.675489,7.697309,50.77331,8.728418,8.490891,5.2659206,105.43303,101.328125,102.22329,107.280334,94.70818,91.366875
2025-12-29 02:00:00+00:00,site_1425,356.66333,267.80737,278.76678,271.18848,190.52754,204.12886,473.63202,420.1972,450.84836,410.91043,290.00473,292.5111,44.54766,57.512825,67.1665,55.529793,51.24087,50.74589,16.767939,14.104085,14.684265,12.111665,15.2117,10.222127,3.0436084,2.0586252,1.5960265,1.9548613,1.4864306,0.94906557,5.176049,12.2304325,44.772232,7.5172057,9.589048,8.133196,111.76269,110.45435,106.26006,106.961716,90.84301,85.14406
2025-12-29 03:00:00+00:00,site_1425,280.62027,238.8571,267.2574,281.46585,207.96465,218.66563,375.54706,368.65793,474.23096,380.61856,285.2452,310.40488,51.408573,77.68537,59.744305,59.041992,52.669086,50.694733,16.543982,13.954892,15.1709585,11.857036,13.193593,13.1465845,2.7996247,2.2869885,1.8811204,1.93731,1.6152686,1.400469,3.3886435,9.952617,45.50133,9.079193,8.561042,7.4762235,102.204735,102.84901,101.36419,96.78707,77.75863,79.79249
2025-12-29 04:00:00+00:00,site_1425,239.2417,246.27109,297.0598,256.53317,222.36093,224.18546,321.87585,361.05756,406.56744,390.52417,285.65628,289.07187,50.34931,83.466385,71.74086,56.10456,54.754074,45.440758,16.953125,14.39766,14.929762,11.788085,12.189264,13.154983,2.816141,2.4911425,1.8400337,2.1283338,1.5177397,1.3297716,3.9417698,12.89882,40.275177,8.429886,10.713696,9.044409,108.47922,108.33552,109.15965,104.090096,93.05943,84.55823
2025-12-29 05:00:00+00:00,site_1425,302.46118,272.81815,297.79272,249.14723,199.39687,199.91731,436.33154,486.67908,437.42252,397.79373,302.68152,293.21255,43.294456,77.46311,81.882675,44.874195,46.26847,47.36757,16.773874,13.087413,13.719692,10.767678,12.048813,11.754677,2.7637377,2.7086234,1.9401617,1.6500777,1.3580495,1.4124227,4.3183727,11.089487,11.167432,7.6993737,11.087647,7.7505045,118.988434,119.38504,107.605705,101.156906,88.27808,78.81409
2025-12-29 06:00:00+00:00,site_1425,266.44092,288.8169,289.90744,234.84242,210.17476,202.19627,354.13486,428.30823,437.12476,343.9158,298.47928,281.85422,47.542206,76.96787,90.22656,51.37694,49.834618,46.698494,16.741951,16.8954,14.119475,10.6312065,9.149184,8.424242,2.6258707,2.5327716,2.0629544,1.6766227,1.5594532,1.3438901,2.3759804,22.352196,3.0993402,5.292,8.027501,9.802915,110.31665,111.91594,109.51576,96.8003,88.23666,79.19265
2025-12-29 07:00:00+00:00,site_1425,237.6163,280.8301,265.10843,230.36906,193.6419,213.02414,323.42764,391.77444,440.3635,313.7374,304.25354,330.8843,43.033413,59.668705,79.25714,45.21292,50.741337,42.337185,17.66744,15.201694,15.664387,13.611916,12.008461,10.602181,2.72539,2.5160472,2.2069921,1.6676451,1.5458138,1.7887365,3.1342242,33.627075,1.3445808,4.1144123,11.537512,9.504942,102.347496,105.58676,101.19776,93.422295,89.37172,78.97926
2025-12-29 08:00:00+00:00,site_1425,230.93582,259.7746,343.9343,240.06401,202.59988,216.32828,301.0466,394.76538,451.21942,323.7712,304.40564,343.33868,53.133163,61.228867,73.95143,56.589653,52.419518,48.125286,19.264296,16.493631,17.17761,16.401937,14.358581,12.676859,2.564361,2.1551397,2.6238587,1.7646621,1.524374,1.7040032,7.1343307,50.380184,6.81269,5.407534,11.213504,12.628772,100.93381,99.42177,97.78035,90.58617,88.60363,77.4489
2025-12-29 09:00:00+00:00,site_1425,212.78468,245.7525,334.92722,225.012,208.61024,212.11143,296.75934,368.20038,474.13672,323.1341,322.89487,337.76428,63.743423,62.251453,70.44901,60.98587,55.65169,53.36588,19.958,18.546152,17.054792,16.127024,17.017443,13.754561,2.5834498,2.0158877,2.8973029,1.8393315,1.5596825,1.7788297,7.2605824,52.53994,9.151245,9.777392,11.014438,10.151908,104.41503,106.46126,100.9726,98.91752,91.75224,75.94803
2025-12-29 10:00:00+00:00,site_1425,237.53284,231.1427,307.88593,243.2505,233.04645,234.30472,368.87643,346.1807,453.51898,329.52542,334.24863,364.526,71.19791,69.434685,71.52313,68.35688,60.827065,53.510456,22.039703,19.544533,16.153746,18.854069,18.228807,15.126654,2.4790952,1.8693599,2.2192466,1.9265727,1.7047824,1.7583189,9.850259,27.13694,7.589856,9.972555,16.201714,11.995786,104.09981,100.94584,103.52457,96.49945,90.85062,77.46403
2025-12-29 11:00:00+00:00,site_1425,230.80812,224.54959,275.5124,250.84894,235.29346,227.00168,364.71036,319.78424,418.71945,369.36578,327.29108,338.07233,79.00111,93.54497,69.150856,79.374794,63.707653,61.112682,20.228424,16.60211,16.439074,18.710941,16.597775,14.241056,2.3387074,2.0277822,1.977293,1.7222539,1.7090174,1.5770608,19.7507,15.707871,9.443648,19.228281,22.828812,24.976728,103.462776,100.948044,102.91733,97.68597,88.82578,77.093735
2025-12-29 12:00:00+00:00,site_1425,232.52448,271.91855,275.69382,264.2495,245.1793,228.9355,353.0619,389.1717,417.53946,382.51456,369.4183,342.832,57.111362,69.37065,44.875774,60.208206,56.181847,46.49542,20.984018,17.11535,14.935553,17.86923,16.375975,14.996068,2.21091,2.1780932,1.6562288,1.9029458,1.6933222,1.6558099,37.27083,9.679364,8.733709,30.874651,34.518654,29.347075,103.992256,104.34614,99.95883,95.829544,90.38821,74.85396
2025-12-29 13:00:00+00:00,site_1425,238.28891,311.00952,298.37274,276.43112,253.63551,227.87228,325.46207,455.7005,441.4918,405.47952,375.21512,354.3555,54.469265,71.70579,44.369583,61.96007,55.778297,47.586143,20.459362,16.228146,15.762588,18.220547,16.466389,14.82134,2.1286147,2.1828213,1.618682,1.640499,1.6209137,1.4829788,46.249596,8.050049,10.096869,33.804756,38.642918,33.970936,108.65432,108.329506,104.80663,93.3781,84.216934,83.37008
2025-12-29 14:00:00+00:00,site_1425,239.05951,321.38336,278.61826,265.73462,243.55995,232.02202,328.5207,484.25967,416.7928,402.0735,375.06744,370.7834,60.264595,67.8102,45.89717,56.333485,61.61729,45.948166,19.799839,15.561914,11.905168,18.369507,13.915284,12.760841,2.1004446,2.6403975,1.7354583,1.7013423,1.5086105,1.5127202,37.876812,6.8576665,8.291983,36.37833,38.134384,39.996902,108.92919,107.86376,95.38226,97.54904,89.8051,82.62732
2025-12-29 15:00:00+00:00,site_1425,254.07608,351.09628,264.18378,288.0562,243.60475,226.33965,375.84,543.2545,370.82587,394.44717,351.39124,348.8146,77.71665,69.884254,53.348137,72.102196,61.993256,54.127735,19.744259,20.309456,13.468675,18.33815,15.321207,15.473639,2.5837293,2.7358322,1.9671923,2.0384333,1.5379559,1.5520484,21.959219,9.291611,12.073493,30.502306,32.915005,37.93723,109.22608,107.86575,95.891266,98.30475,84.93823,78.096924
2025-12-29 16:00:00+00:00,site_1425,311.13934,374.54758,251.20216,239.36765,229.98128,219.31221,448.00864,549.8621,398.91565,404.98737,339.885,329.0987,87.09518,70.49424,52.487675,83.94422,62.554142,57.746582,21.850975,18.800085,15.572803,20.691261,16.276943,14.707147,3.0447118,2.673082,2.0288572,2.0778778,1.6600161,1.669233,14.231457,9.998847,17.214075,35.11358,29.7371,32.925037,109.579956,111.87787,93.41363,103.04219,83.946686,74.49961
2025-12-29 17:00:00+00:00,site_1425,349.4159,376.12796,245.38783,251.72253,238.22366,207.78311,508.09802,516.0616,377.99524,396.97208,365.74207,332.562,80.7812,63.645397,47.265305,80.806465,69.32425,61.27178,21.364939,19.450695,13.03706,17.673565,18.669537,14.541021,3.4688022,2.1572812,1.7153974,2.079149,2.012698,1.7404615,6.2210083,9.166903,12.153915,18.343527,18.951569,15.242367,108.92686,106.7675,90.923615,99.3534,83.63658,78.01221
2025-12-29 18:00:00+00:00,site_1425,358.40036,313.6824,246.38704,249.47482,211.22,200.07324,507.35403,451.31476,365.21176,400.56433,349.8772,305.92545,71.57891,60.361187,47.97069,78.01551,77.399376,67.98105,21.706816,19.313791,13.210814,16.12983,19.774712,12.060257,3.5474937,2.0875537,1.605315,2.302127,2.0789757,2.000372,3.921515,6.754335,10.575334,6.6952386,7.7547984,5.692637,118.65633,110.97916,92.84957,106.751724,87.5688,82.910805
2025-12-29 19:00:00+00:00,site_1425,333.73877,266.7963,244.13655,278.88235,226.97903,233.35378,492.9993,406.6411,357.42377,441.53403,379.59314,366.22925,53.599144,38.265514,43.024055,62.402813,56.934025,54.85604,22.356363,21.085629,12.320203,15.466788,15.631436,12.49587,3.7694702,2.4814684,1.5885098,2.648991,2.4230864,1.9797759,3.2289357,7.762414,6.5310435,5.0695734,6.0002894,5.332741,110.48408,101.948044,98.07624,99.537476,88.06787,81.49817
2025-12-29 20:00:00+00:00,site_1425,303.7737,234.14815,245.76886,288.15237,233.60002,266.2213,444.05618,344.33237,332.8358,438.85748,368.51187,387.33337,38.55856,31.500582,60.326622,57.549107,47.399986,47.92292,22.964018,15.743771,12.277035,17.572567,14.7431135,14.071154,4.087377,2.1925259,1.9498348,2.6063766,2.9788373,2.510647,3.7193286,4.6468244,4.5858693,5.8237596,6.694697,4.652146,107.88736,100.526276,95.649,103.02196,88.62256,85.24225
2025-12-29 21:00:00+00:00,site_1425,296.7223,220.85048,284.02264,271.95844,222.07463,256.90793,428.0002,325.45557,396.00824,411.72116,365.502,391.33307,29.545347,24.684584,78.29594,49.201065,43.176292,32.172733,23.049866,14.586878,12.9503145,15.67577,13.95471,16.160118,4.7475343,2.4439123,1.6103871,3.1564767,2.8781464,2.497254,4.7490096,11.567636,4.0986376,5.0586233,9.462093,8.076107,107.736305,93.71354,101.82929,110.25915,89.44304,84.23104
2025-12-29 22:00:00+00:00,site_1425,308.7246,237.66248,266.64493,277.58603,224.83366,250.39503,445.07135,351.10074,409.82608,451.8849,382.88303,350.838,40.04339,30.408976,87.725845,51.497627,50.427143,46.424603,23.992414,12.185891,11.179191,15.970805,13.380124,12.028031,4.6091475,2.5847,1.5344421,2.8216949,2.570065,2.2628567,3.5147803,6.160266,7.283642,3.138375,6.2466693,10.826202,115.2721,98.98034,102.2501,112.38427,92.614296,84.23575
2025-12-29 23:00:00+00:00,site_1425,295.11536,239.59152,276.3288,300.27832,238.2133,247.41454,431.2321,344.81464,433.16077,428.62207,346.3234,365.67438,36.30351,32.96628,83.067505,46.002216,45.603436,44.979187,22.584791,13.7063875,12.673009,22.913782,13.805065,12.71994,3.6240041,2.4711523,1.483983,2.5612967,2.2991307,2.3597949,8.458265,7.6155205,15.864982,2.9426572,8.141327,7.173459,105.454,87.98931,94.280525,102.28118,83.325775,85.808205
2025-12-30 00:00:00+00:00,site_1425,260.63052,229.76659,298.7893,269.3541,254.53934,233.66217,340.1019,299.3021,462.52902,409.5762,347.68268,294.81174,36.170635,37.280567,65.69142,47.22652,43.033264,39.67209,20.850285,15.537444,14.140642,17.563135,13.422988,14.174497,3.4289002,2.207541,1.6012784,2.1483443,1.5418535,2.0275888,5.3291106,4.23271,25.808647,5.2179813,7.0074034,4.8345556,109.445175,94.18521,95.62779,101.86668,85.98397,81.19257
2025-12-30 01:00:00+00:00,site_1425,262.31702,239.6929,291.72018,251.8249,249.79414,242.30963,348.76627,322.27353,432.28583,387.35687,322.2707,294.77808,39.079433,45.93351,60.44837,46.818775,42.05017,42.758545,17.661663,13.365343,13.392972,16.063261,12.305462,12.500502,2.6100307,2.1168275,1.8403224,2.0158174,1.3077312,1.5955002,7.940313,14.09953,44.133602,9.035817,15.570223,8.268316,102.45151,94.65372,95.44352,100.729614,80.1668,82.975586
2025-12-30 02:00:00+00:00,site_1425,237.75005,241.54494,293.1995,243.19395,215.44112,211.92653,366.60352,319.54147,460.62396,386.49542,306.73355,307.01535,58.006428,73.58953,74.242294,68.199135,62.7883,54.901436,21.843336,14.55895,14.715098,15.339499,14.692428,12.491353,2.867978,2.2154639,1.7065576,1.8391231,1.4215001,1.5219855,2.5906663,10.188545,34.38147,5.1293216,10.447218,6.9439898,104.70043,99.13716,98.71033,100.79584,77.88779,78.47729
2025-12-30 03:00:00+00:00,site_1425,241.26224,251.96236,294.92957,237.61948,209.91806,209.23936,365.08038,366.6446,479.28934,351.64395,293.02945,305.86942,74.46246,96.25351,70.10257,75.87925,60.819195,54.00776,18.84253,15.03051,14.375033,14.123574,13.711195,11.0010395,2.7695785,2.213737,1.7902659,1.8952204,1.3937393,1.7279645,2.6374586,9.41685,43.191303,4.4135723,10.198641,6.8073955,106.602516,106.29698,99.6745,96.85399,79.637115,78.22051
2025-12-30 04:00:00+00:00,site_1425,240.27945,226.70421,289.9007,225.407,195.77654,197.652,360.60324,361.80777,465.33725,331.5411,260.24844,289.5461,77.11853,94.95756,87.877846,78.92729,64.6261,53.263676,19.039778,14.862628,15.087858,14.553075,13.053524,10.7669935,2.7052538,2.1693518,1.6824495,2.213064,1.4297966,1.6768432,4.129832,9.543655,32.017475,8.585655,12.928119,7.9962983,106.48643,108.36378,99.94797,95.58808,76.06423,76.9682
2025-12-30 05:00:00+00:00,site_1425,231.22098,246.62581,288.18643,234.15175,197.47795,187.35075,352.95166,374.86786,473.73956,332.25732,289.20007,263.31226,78.85065,101.45224,100.07905,72.72971,59.841217,50.198082,18.983866,15.96175,17.545555,12.308056,13.133817,9.156428,2.774836,2.164425,1.7094648,1.6793061,1.2575259,1.3691729,2.9864821,15.341806,14.485479,6.7138834,11.7983465,10.004714,108.142685,109.663506,94.36648,93.76571,77.28523,76.537605
2025-12-30 06:00:00+00:00,site_1425,233.96883,275.42224,296.87863,221.58434,180.96292,188.29082,349.3081,438.9918,437.25192,320.51627,268.9947,261.43216,74.48168,95.133286,98.8944,67.23219,59.487988,50.966652,19.74575,17.862465,17.808119,15.762616,12.459337,10.244221,2.8063033,2.045266,1.9552292,1.7272938,1.4360458,1.504655,1.1365975,32.02502,11.532374,5.970257,11.716441,11.7904005,109.643456,106.459785,101.25912,94.36048,76.922,76.2315
2025-12-30 07:00:00+00:00,site_1425,247.70218,266.1036,285.7802,215.23366,182.63278,179.8294,377.77075,425.5362,478.8743,316.13663,281.01248,274.6357,82.63863,82.46484,112.05412,76.20316,60.130676,57.952824,17.753775,16.511671,17.971169,13.547793,13.580416,10.710054,3.0122375,1.8695464,2.4301846,1.9783672,1.3954884,1.5957617,0.12646809,40.32262,4.0977573,3.040671,10.504926,7.789181,110.108025,103.27745,93.6326,94.3012,76.838715,76.09188
2025-12-30 08:00:00+00:00,site_1425,271.18762,253.41957,303.09387,219.40103,187.69249,175.68216,432.2109,411.43704,504.6179,336.71124,280.68365,276.61716,83.85645,71.43319,93.19279,64.865616,56.84284,49.516914,19.11489,16.373825,17.139174,18.084465,17.017925,13.263981,2.9540343,1.7998986,3.2963262,2.08454,1.5509627,1.713604,1.0313474,59.163883,4.2516813,5.1717343,7.624292,6.9880366,103.74022,105.401245,98.22699,90.80889,72.3553,63.10692
2025-12-30 09:00:00+00:00,site_1425,282.6278,234.66113,314.03787,229.2468,204.53793,182.81023,424.41144,380.76233,472.08618,327.7919,293.34903,293.51306,90.88637,68.14499,86.14001,70.00898,62.009495,53.456646,19.112791,16.948881,17.211462,17.885551,14.665648,11.452977,2.670631,1.7224301,3.6302345,2.1949587,1.7646178,1.8142637,3.117557,54.828156,6.1489506,5.7243495,9.126024,8.532275,107.11388,100.8767,101.70428,94.19893,79.158455,75.86444
2025-12-30 10:00:00+00:00,site_1425,280.7768,213.8305,342.37836,242.02074,217.38492,228.6655,432.38452,350.48706,521.4192,360.08966,306.1781,326.26813,94.674194,73.52694,83.60186,72.6089,61.409946,63.28413,18.973894,16.110117,16.560173,23.212816,16.111708,12.318385,2.6792674,1.7743505,2.9845858,2.0958676,1.8090928,1.7235718,7.9781075,44.619743,7.728783,11.5106125,12.56021,9.321381,107.523186,108.10387,105.62193,95.90977,84.39299,79.70603
2025-12-30 11:00:00+00:00,site_1425,431.24084,211.2358,336.76382,239.25385,247.92459,215.27042,458.6694,271.34467,458.05862,315.49173,345.77698,316.70612,97.464836,100.93386,72.28168,80.69206,64.923065,68.81207,20.094725,15.3899145,15.8239155,24.685574,16.380903,13.469622,2.584477,2.0332978,3.2997062,2.1558614,1.6538107,1.5509766,39.92592,29.067194,9.6370125,24.443716,31.324162,27.361177,103.63494,115.417465,104.32602,91.947105,84.40733,79.85045
2025-12-30 12:00:00+00:00,site_1425,364.8716,209.64055,293.1117,227.5554,239.12445,223.82214,352.28094,334.87375,435.36777,305.69922,351.37012,281.79825,75.778854,108.539894,59.560238,63.936672,55.08736,61.78315,20.5217,13.601103,14.138239,18.733648,14.689907,13.557896,2.1730902,2.206173,2.9673514,2.1280763,1.6135517,1.5447125,67.229294,8.460956,7.0190067,38.446476,34.30244,37.54638,113.07394,122.96262,107.761696,88.555885,83.7397,80.41821
2025-12-30 13:00:00+00:00,site_1425,222.30052,308.0861,283.59943,253.2451,237.01869,224.40125,329.8063,476.48407,401.45584,315.26288,330.42117,318.28464,43.008232,89.49152,50.6346,43.24882,46.479324,46.05863,20.00461,13.372123,10.587828,20.152798,12.825233,12.280472,1.75584,3.1864464,1.8762959,1.5084108,1.6071758,1.3990027,88.02327,4.934437,5.7702737,53.97197,65.01324,62.90838,108.1247,105.31674,100.24226,91.55629,90.77446,84.50105
2025-12-30 14:00:00+00:00,site_1425,142.62976,335.21265,250.10213,259.17035,233.87175,216.2684,214.96333,480.7183,415.93237,295.68512,330.43826,318.55637,38.30403,86.066284,54.783245,46.11648,42.058495,44.472294,21.152634,20.097185,13.575749,19.931826,14.503175,14.135618,1.5982606,3.6934683,2.1566682,1.6150635,1.4490219,1.308317,93.94752,6.733365,7.3598137,63.00401,69.86304,79.47652,101.727806,99.44956,96.09408,94.40296,88.20523,85.738335
2025-12-30 15:00:00+00:00,site_1425,120.18157,442.6606,255.49727,204.39821,214.75352,175.54915,196.55017,563.80743,360.4902,262.48846,314.45334,292.03638,68.53332,86.62415,60.09056,60.95988,48.236904,47.508778,20.948557,23.407883,13.388115,20.65379,15.104623,15.859431,1.7920902,4.261745,2.2242136,1.6150743,1.2003393,1.1985147,62.315086,7.4052587,6.800356,58.993816,69.20342,79.49812,91.40332,101.515976,96.31361,95.9436,90.379585,85.111755
2025-12-30 16:00:00+00:00,site_1425,121.20866,435.81332,237.7526,193.71472,206.94353,142.03,200.22803,577.3964,287.38605,258.13513,295.84583,281.52298,92.26345,90.21834,63.09475,68.44582,53.84626,43.320663,20.430286,22.804886,12.032435,21.45159,14.7301035,14.884247,2.07413,4.816631,2.125921,1.6697445,1.3408552,1.2508795,29.791555,7.201228,7.167601,56.00898,62.127388,71.34496,85.49135,96.61505,82.40252,83.70342,78.90127,82.195816
2025-12-30 17:00:00+00:00,site_1425,143.04382,471.05264,201.22507,181.34354,203.91908,162.89215,252.38234,574.16876,301.68378,264.38287,297.1938,309.65683,118.624725,90.8585,62.274364,91.12751,87.05836,71.57275,21.976133,26.053904,13.276321,19.98204,15.186645,17.393888,2.704234,4.305467,2.1746469,1.7995142,1.5289707,1.4617604,10.3201,7.2924547,7.5399084,24.190094,32.97952,31.95835,85.01422,87.897705,78.97214,82.59417,77.36002,71.42573
2025-12-30 18:00:00+00:00,site_1425,163.13492,401.105,226.55724,191.44275,203.3504,163.12172,334.74536,488.94983,340.30597,347.02957,352.76013,296.83405,95.87387,67.8468,50.423725,92.47581,92.74126,93.15667,21.20758,24.759577,13.410529,17.891323,15.519674,16.465406,3.6067605,4.018277,1.9012346,2.494712,2.0841062,2.2025673,3.1070948,5.0593185,11.409931,5.907575,10.251018,7.3259535,90.33624,96.307655,81.27359,87.66071,84.633675,86.95646
2025-12-30 19:00:00+00:00,site_1425,177.64877,315.38605,212.00986,241.38481,233.98088,201.51292,368.73196,424.27307,368.49002,391.89587,374.91782,356.00375,84.31501,58.34039,47.0384,77.72596,86.60877,80.64375,20.97688,19.60571,12.565974,16.968075,17.534521,17.155256,4.338077,3.2896442,1.782125,3.102682,2.5578947,2.1780937,3.4655008,6.7927346,7.487628,10.168551,7.196,6.6302743,90.94075,90.95953,82.04733,88.72183,78.60314,76.39596
2025-12-30 20:00:00+00:00,site_1425,214.09521,254.37727,250.01013,269.73627,249.42183,233.50336,377.23526,386.98074,372.62354,421.2003,412.04062,326.62567,77.79302,49.2581,65.74443,78.96971,73.214775,75.53876,21.466341,20.326687,13.415256,17.29406,17.106077,15.043671,4.3106956,2.373868,1.7823701,3.2524807,2.8691537,2.1155589,3.6615329,9.598135,9.730684,8.341671,9.200923,5.5417557,104.73512,101.442665,96.80139,104.897156,93.36569,89.09493
2025-12-30 21:00:00+00:00,site_1425,283.93332,267.36066,263.46277,299.42523,236.43481,265.4441,413.43573,384.12805,360.34946,403.74207,431.97797,358.19275,60.712505,39.387695,66.338036,62.952927,57.33983,47.855648,10.910142,6.630897,6.0561514,6.4823923,9.314262,8.247374,4.051712,2.5431912,1.8840643,3.012916,2.5445995,1.873881,3.810728,7.9168963,3.9657085,9.879459,6.329248,2.3406508,109.688095,95.62776,107.143555,117.27056,95.54601,89.17077
2025-12-30 22:00:00+00:00,site_1425,304.52985,265.60977,279.94653,304.74734,259.0103,266.91943,425.31995,360.16714,346.48264,446.90247,449.753,364.56567,46.271214,34.267284,65.58702,48.49699,49.558647,35.893166,25.528278,11.718692,14.48881,19.588432,14.987048,12.304718,4.127875,2.2181067,1.5387174,2.3741443,2.6305635,2.1858716,5.1138496,10.249851,10.308421,9.90685,10.752262,5.6279354,107.49459,92.491234,111.88082,111.14684,97.298515,88.7255
2025-12-30 23:00:00+00:00,site_1425,314.52545,245.74004,284.8822,291.35303,246.00945,218.97192,444.7625,371.41617,388.6353,380.6489,386.808,312.2345,38.401287,38.622448,77.83324,45.124508,45.111378,30.808212,29.689285,14.203552,11.159497,23.063171,15.503661,11.382198,3.9948096,1.91482,1.3376625,2.0775144,2.8393798,1.9557259,5.5275254,12.7595,14.249567,5.613352,9.513341,7.1934853,106.968704,94.077484,116.18435,109.45736,93.410645,88.18775
2025-12-31 00:00:00+00:00,site_1425,317.79443,232.31017,283.30396,295.79807,216.7648,214.81873,430.52603,344.3224,420.1039,356.34888,372.34076,281.40912,35.03931,40.898197,69.8089,43.382656,40.136272,29.286911,28.519598,11.296622,10.366032,12.431194,14.227077,11.736991,4.178896,2.0776274,1.6800636,1.686112,2.108447,2.0437276,10.967824,11.305913,23.337309,9.887007,9.392779,9.030412,103.289474,90.94047,104.8154,105.75212,82.033424,83.769485
2025-12-31 01:00:00+00:00,site_1425,305.10336,239.80104,287.64886,257.52765,213.25711,189.8977,426.24866,350.93607,401.8372,353.90524,353.16837,256.88138,27.734966,40.375435,63.669884,32.878365,35.253662,24.46606,25.21002,9.373308,10.605129,11.581825,11.028045,9.673532,3.8944316,2.2075474,1.7674149,1.8701682,1.7410247,1.4103128,21.088959,17.131105,32.79819,12.072367,20.29256,11.722795,104.45436,95.72542,100.63375,102.74077,82.76556,82.9139
2025-12-31 02:00:00+00:00,site_1425,316.35852,236.39928,271.19672,232.92914,210.80235,170.28297,437.5337,368.45526,398.3985,349.3308,345.85825,236.26555,42.343,75.225334,65.14127,41.62371,35.718613,21.62054,22.619734,7.699869,11.402477,11.996034,10.5047035,8.90892,3.716252,2.1543016,1.3049076,1.6212986,1.6468838,1.1655198,7.2623644,7.6058507,33.351402,8.92908,7.8133173,11.232918,105.31781,102.391785,107.77349,103.26589,85.13908,85.298904
2025-12-31 03:00:00+00:00,site_1425,351.0849,246.0837,281.72433,233.38425,223.28822,194.23764,478.04016,422.23157,398.14035,329.57874,310.97815,235.53658,48.39688,90.230515,66.24319,41.189598,43.94299,27.573538,20.633854,12.3089695,10.788072,8.706448,9.3455715,9.24164,4.133075,2.0473332,1.4548339,1.7324891,2.2614524,1.4950726,7.6630597,7.082445,33.702473,12.123957,9.311226,15.59973,104.393936,110.509315,109.27733,97.50581,90.382484,82.65073
2025-12-31 04:00:00+00:00,site_1425,410.58795,249.62312,271.11887,256.87726,210.3847,209.87303,499.59763,405.2548,369.34027,318.38986,329.77075,233.40347,53.387184,89.09585,78.81672,46.526257,47.569183,28.457968,22.852224,10.423367,9.952311,16.251932,12.11496,8.223799,4.2758284,2.1723695,1.5607566,2.1746588,2.164676,1.4862336,8.635788,14.860368,29.499653,12.813658,8.57436,15.892703,114.752045,122.235825,110.446915,90.44871,83.09418,84.86425
2025-12-31 05:00:00+00:00,site_1425,367.6959,247.62657,295.46405,267.6983,189.3919,203.00082,435.2804,385.47382,351.5568,314.76965,288.08978,241.06938,48.251324,82.493454,85.92012,44.348766,41.24279,28.77892,19.752277,12.047181,12.186305,9.874976,10.42373,8.975805,4.0536995,1.8563386,1.870774,2.1427853,2.248418,1.7031698,7.881951,14.252836,6.303619,16.962908,10.558981,10.9239025,105.44411,115.51294,107.59325,94.49492,81.129555,86.81079
2025-12-31 06:00:00+00:00,site_1425,299.12488,247.16606,284.23047,231.24731,182.44229,205.55243,379.28256,372.90793,353.06744,303.84882,266.20358,251.5491,53.138054,71.850685,88.945656,45.130962,44.46857,34.099598,18.396605,13.63727,14.678582,10.55612,10.787897,8.932714,3.4925985,2.0876954,2.1275148,2.196148,1.7649311,1.4275496,8.645179,26.310442,4.500623,14.271884,10.1172285,11.9600725,107.08841,113.43326,106.18219,94.17663,81.71703,82.67821
2025-12-31 07:00:00+00:00,site_1425,268.86224,254.53633,323.6961,224.88237,178.8325,202.91899,346.39603,359.38782,424.94543,283.69962,261.92703,247.99724,46.473625,57.33051,78.93142,47.46404,51.886143,43.20219,18.416994,17.284042,18.220938,12.649003,12.061046,11.791511,2.3280747,1.9283303,2.6164865,2.299492,1.6616248,1.4897379,3.902631,39.02658,7.916681,9.869566,7.876419,8.341689,94.70519,92.75465,92.489365,78.488205,70.51287,68.567055
2025-12-31 08:00:00+00:00,site_1425,188.15071,240.50359,336.33322,201.0944,200.99805,208.76207,238.59453,327.72067,448.85855,252.64491,270.10754,299.69727,46.923466,56.509323,70.361176,44.00617,51.181747,40.253372,18.72682,17.509705,16.583721,15.993074,13.462612,13.565659,2.1886883,1.9626416,2.2624307,1.8841735,1.6118144,1.5601898,4.7785926,40.28473,12.075757,12.024775,9.380374,9.430721,92.51855,92.27489,96.34168,84.755424,72.59571,69.43691
2025-12-31 09:00:00+00:00,site_1425,179.44872,237.83543,339.9078,192.85062,190.42242,208.19267,254.43857,320.49326,465.54715,265.93442,285.114,264.58054,53.16686,61.00428,66.28484,43.632954,50.573364,41.809437,19.042917,18.453451,16.608843,16.477356,13.760773,14.355327,2.1445389,1.9166268,2.6414165,1.8421329,1.6454717,1.4988505,6.713219,36.865948,9.743912,11.387293,10.707035,11.063852,90.33866,95.118675,94.355255,85.16949,72.25545,68.70083
2025-12-31 10:00:00+00:00,site_1425,178.2934,230.90318,335.9195,212.39034,202.0103,208.30759,265.79892,333.78906,494.59363,292.4122,299.07806,274.26746,44.087727,58.857735,54.087738,47.24898,48.262535,38.5467,18.569101,16.78643,15.10202,16.000046,14.327039,14.258037,2.155364,1.9973133,2.2598135,1.6950816,1.4864784,1.4391137,10.433797,17.752201,9.060443,15.2767,13.902072,8.305652,90.13639,100.47271,93.47632,90.80593,70.5849,67.76413
2025-12-31 11:00:00+00:00,site_1425,158.6436,221.47346,292.71667,210.14195,185.02374,209.02075,217.34088,321.75824,442.35202,258.60257,296.64877,266.49277,56.214508,85.30578,56.207886,50.409573,57.95501,41.689278,18.781025,15.158625,15.291852,15.7951,16.2946,14.91159,2.0481036,2.0563664,2.2561083,1.5451063,1.3547415,1.4260206,12.331614,7.5266876,12.800422,21.70326,14.192096,11.571366,89.56613,94.97032,91.13507,87.50272,66.24312,67.85944
2025-12-31 12:00:00+00:00,site_1425,170.31245,223.34319,226.59546,228.59749,166.71513,202.34332,235.3325,308.1469,360.88065,288.90387,295.23602,260.1094,61.31366,72.66079,51.1428,49.48208,52.81499,44.173744,18.456068,15.361363,14.447018,16.816936,15.36637,14.685586,2.0189624,2.21952,2.0881934,1.4705559,1.4859855,1.5012202,14.805752,9.148277,11.366743,21.891796,19.391214,26.323517,91.59327,90.931595,89.69221,85.995224,68.75124,67.54626
2025-12-31 13:00:00+00:00,site_1425,197.50832,258.10022,230.18088,228.64647,164.80258,198.35136,280.70502,353.71506,364.42258,267.69223,278.17966,271.79947,51.93282,58.809944,46.165543,43.694614,50.11051,39.910442,19.64202,15.88942,14.074588,16.592155,15.578686,14.238427,2.02602,2.5579684,1.8495165,1.479371,1.449005,1.5478034,14.594468,10.420769,13.725814,30.082333,26.566725,36.478775,92.75563,90.48906,86.43834,83.86684,69.041985,69.390785
2025-12-31 14:00:00+00:00,site_1425,205.26085,257.39676,208.6917,185.76137,139.61697,187.18842,297.43744,339.18353,318.8061,239.23633,250.14244,227.34497,52.460068,49.855892,41.180374,42.9176,49.94415,34.549328,19.412487,15.166436,12.868257,15.564725,15.504129,14.053871,2.1592636,2.1236382,1.688116,1.5020775,1.4736086,1.792064,15.947409,10.81169,13.571835,43.423958,29.167278,38.25112,97.06987,95.54378,84.04857,83.49707,73.67312,65.74347
2025-12-31 15:00:00+00:00,site_1425,227.92833,274.32138,192.81064,175.50314,154.06856,170.01083,340.69873,319.09003,279.31335,261.92938,247.41138,269.4257,42.140915,40.91982,37.79124,42.842014,44.838127,34.899822,20.730743,15.050034,12.55861,16.9027,15.007292,12.9920435,2.166574,2.130277,1.664198,1.8007982,1.430056,1.6287678,16.069227,11.24684,13.179716,43.32693,29.43218,43.656315,95.416855,90.725006,73.98813,79.12795,70.02281,62.806217
2025-12-31 16:00:00+00:00,site_1425,226.1788,249.63867,208.12625,200.53308,161.38713,194.44156,326.72882,285.88055,263.06967,289.04395,246.34624,280.92188,55.086914,46.465683,36.23118,48.832066,47.749794,36.755844,19.882809,13.772351,13.179523,16.516808,14.291624,14.172501,2.1854923,2.1053064,2.1981814,1.892883,1.4140239,1.6982887,12.8518505,12.806069,14.474415,44.04742,28.039156,37.78914,100.34829,96.70857,80.03336,81.81112,78.1767,65.15253
2025-12-31 17:00:00+00:00,site_1425,255.57736,236.96463,191.48587,177.1042,150.57117,181.3814,361.3,293.18604,247.48756,323.20715,242.59541,289.77536,52.583557,40.175785,31.34255,48.136356,53.044014,38.12087,7.409859,9.225175,5.5773144,8.681512,10.087032,6.7615824,2.3961728,1.9934498,1.6070367,1.9651157,1.4313128,1.9039757,9.87849,11.125704,17.533789,23.306026,16.55229,21.75469,101.6675,92.71363,84.131836,84.28521,69.17334,59.150803
2025-12-31 18:00:00+00:00,site_1425,265.29395,218.96843,186.77232,232.02692,170.2056,213.94353,368.62408,291.8948,232.32472,348.11566,245.0961,324.34076,50.930126,38.229424,27.928373,50.268818,55.286045,52.964306,20.239056,14.266155,12.822702,14.653902,12.863227,11.832629,2.3367293,1.5801624,1.4549097,2.7622023,1.6433471,2.3370056,4.285563,8.876208,18.83592,13.517463,10.798251,14.060013,100.28578,88.2393,83.616974,84.22899,67.72805,67.301285
2025-12-31 19:00:00+00:00,site_1425,270.58527,201.62389,198.51553,246.84099,176.56729,235.33246,400.0999,276.4264,231.04974,380.27863,313.27716,393.26254,44.90004,32.63079,32.32009,49.98946,46.683987,39.314438,21.685575,13.704389,12.773735,14.766816,12.924726,11.772972,2.727896,1.5698004,1.4099072,2.8243477,1.9649633,2.7626727,4.05985,9.724584,15.376398,8.653171,7.580979,10.466651,103.47897,89.81886,81.822075,89.4081,67.02149,65.06226
2025-12-31 20:00:00+00:00,site_1425,272.8767,185.39122,200.30873,272.46667,208.8715,289.75217,409.35675,242.5632,267.7783,417.3803,350.90915,438.6405,47.4047,31.811928,38.866478,51.284813,59.297867,39.372604,22.719471,12.855556,12.80557,15.730461,10.596835,13.68222,2.552466,1.4660158,1.5178716,3.7793243,2.2883935,3.237349,4.748344,13.110189,10.654607,6.110367,7.541348,7.2084684,106.86656,86.25237,90.70323,92.26022,74.89619,73.38634
2025-12-31 21:00:00+00:00,site_1425,280.48694,164.42043,205.53305,290.30145,195.16685,294.41943,415.72314,268.3636,282.25235,362.6598,339.20358,447.75296,38.158325,25.7135,41.08107,42.41226,47.22825,34.99124,22.683722,12.673829,12.978562,18.109457,10.665684,13.009765,2.3080637,1.462372,1.5920357,3.0480988,2.4883084,3.1966274,5.695413,10.821001,12.452381,11.315963,7.899779,6.595398,106.23473,84.478,95.44194,92.22116,77.82314,71.94636
2025-12-31 22:00:00+00:00,site_1425,252.43053,138.11665,191.42754,259.1056,200.71182,246.78867,369.6445,236.20026,284.19083,324.27267,354.6108,430.40012,33.578693,22.56,45.053642,35.22311,36.52399,40.957268,24.82937,13.915433,15.489985,17.341803,11.825674,16.03687,2.3711936,1.734516,1.7605019,2.868233,2.3658388,2.4998198,4.359177,9.775806,11.359004,6.4153543,7.579943,8.494922,104.79437,83.404915,102.20025,94.84749,78.03692,68.254616
2025-12-31 23:00:00+00:00,site_1425,250.37195,152.71008,194.99472,248.83226,189.60106,248.49187,377.65955,225.03845,311.83215,350.8119,327.40903,415.55786,28.417912,21.704456,41.353966,31.551407,30.019049,36.50883,23.997004,15.824244,15.465223,20.245483,11.13573,13.630451,1.9278474,1.6362299,1.8116394,2.6027772,2.2937906,2.6904104,5.793126,8.73729,16.29668,10.836654,8.932626,8.7194195,107.15116,85.78675,102.58829,91.994514,75.474434,70.19272
2025-12-29 00:00:00+00:00,site_1426,353.39346,289.81335,287.1159,340.36905,243.28514,261.6988,442.6706,393.02377,373.3609,444.81873,372.7765,353.88184,25.588875,62.203003,69.50294,46.641174,36.09011,49.48582,14.927462,12.259449,12.268113,17.830662,13.729291,16.011784,3.0753505,2.0778725,1.6816558,2.2973952,2.2996428,1.948213,17.377853,19.885765,50.700996,17.835964,19.70775,19.771597,58.868607,61.08614,63.347874,61.895233,62.518272,43.78327
2025-12-29 01:00:00+00:00,site_1426,509.42828,294.59348,282.64395,388.74045,253.92471,281.93042,617.6334,420.6191,378.2471,463.81668,380.4391,357.8857,25.077219,71.9407,65.64961,48.934597,37.729736,52.84596,18.393631,12.470406,9.3393135,17.567413,16.096527,19.23289,1.992498,2.0677247,1.5000812,2.0407488,1.9726387,1.605366,11.736749,18.052578,58.015625,12.878321,13.582571,16.26046,54.86866,62.273193,63.122925,65.68377,60.80959,44.079006
2025-12-29 02:00:00+00:00,site_1426,285.71005,262.29675,295.18686,318.86472,216.44981,243.90398,357.14517,340.47794,439.36816,408.51804,328.29724,353.46783,31.41002,64.15942,56.732525,51.940468,35.76509,57.01859,17.523394,13.429672,14.000713,15.318151,13.941514,15.613888,1.444585,1.7020907,1.4465728,1.8125728,1.1878015,0.854927,9.8649235,25.563005,53.703873,15.85276,15.292282,16.901377,53.25751,53.217804,60.627228,58.879143,51.1446,45.104362
2025-12-29 03:00:00+00:00,site_1426,185.69115,217.96938,287.35236,268.39572,240.9983,228.47366,249.21959,321.4777,395.84573,384.3558,333.11835,327.77808,33.262905,81.0295,55.797905,56.352562,37.034023,51.706947,17.264015,14.485703,16.460297,17.860659,14.078807,15.579734,1.9916974,1.8074148,1.8672885,2.0316803,1.6344683,1.1598277,20.731117,33.475796,48.993313,21.940514,20.37292,19.818008,40.822792,47.841923,50.0532,60.78136,54.520443,37.592037
2025-12-29 04:00:00+00:00,site_1426,193.67026,233.94771,296.4317,268.98984,233.91435,218.8028,253.71255,330.72937,382.19983,372.69095,318.98523,329.5401,34.416626,76.98481,60.061893,57.858536,38.84112,56.24398,19.855322,14.833922,15.860382,17.2599,15.622101,15.736885,2.2132182,1.8019902,1.890559,2.1404357,1.7207232,1.3304067,29.722095,29.549566,57.163208,20.326355,19.850378,19.956331,37.920048,44.694176,51.911655,61.008423,56.56712,38.659603
2025-12-29 05:00:00+00:00,site_1426,201.9564,272.0117,301.63074,273.3676,256.02246,210.21318,274.39993,385.20642,410.42197,355.81815,329.33325,330.44577,35.94187,69.359474,68.80712,57.504585,40.573414,57.947124,22.75031,12.985268,14.642149,17.641567,15.523282,14.213457,2.3872495,1.8996847,2.1569185,2.1879926,2.0268168,0.959068,31.495564,30.392073,36.134068,24.582115,19.712208,22.056423,50.118294,47.232544,48.846558,57.538055,57.98539,38.70599
2025-12-29 06:00:00+00:00,site_1426,246.80748,304.276,291.37024,252.56522,232.06842,204.94081,360.46994,405.7993,416.0393,350.4564,308.27737,313.7839,34.795883,58.8164,72.42914,55.812958,39.18597,60.780125,20.679037,13.451282,16.016985,16.838764,14.011575,15.446067,2.2082314,1.7850178,1.9567924,1.9733552,1.847081,0.96449053,28.611605,35.241528,17.093496,22.141064,19.620312,20.15469,49.16266,40.65027,53.199738,59.014343,46.41974,36.454197
2025-12-29 07:00:00+00:00,site_1426,212.3214,303.43207,267.10986,207.93895,201.7982,204.08961,311.9828,387.53806,414.81387,354.63327,315.31702,305.51498,28.408106,56.698563,54.614395,50.89361,35.972404,54.817043,15.178338,12.845054,15.377283,17.455519,13.091771,15.049968,2.377441,1.5476589,2.1642182,2.0125854,1.8186706,1.4363741,11.5355,31.549042,10.832291,19.052866,17.938828,16.880327,47.687946,42.242676,55.37668,59.388107,56.788895,40.356316
2025-12-29 08:00:00+00:00,site_1426,213.3298,277.87827,303.6861,217.50095,196.09018,204.11778,340.14124,404.73486,435.50165,333.6767,304.84586,330.61182,38.451954,50.184628,52.590588,51.569378,41.575516,60.347687,16.652029,16.432732,17.357878,19.67562,15.113887,15.5265255,2.3536801,1.5394014,2.9269764,1.8176376,1.76715,1.3398393,8.038762,50.46115,8.217117,10.868692,17.868183,14.081039,47.313396,38.73594,52.244114,56.194904,56.05535,41.57427
2025-12-29 09:00:00+00:00,site_1426,206.66454,238.29227,336.86838,234.73753,203.32658,206.07605,323.59613,383.1744,414.31573,313.56818,294.01154,320.38983,41.226696,45.260117,47.374386,60.956924,44.253635,61.60775,16.130875,16.21321,16.787546,18.856724,16.96461,15.530085,2.0337777,1.4243959,3.5821278,1.780038,1.5623701,1.2137933,8.792283,60.75154,8.994848,14.072618,18.667847,13.055584,25.290937,33.008286,34.520412,29.370708,35.402462,28.997929
2025-12-29 10:00:00+00:00,site_1426,215.67725,230.39807,310.1024,248.19337,232.22137,199.76285,328.93533,331.97787,447.58716,329.929,311.69092,311.8302,40.84585,42.649338,41.98255,68.45188,50.12722,55.383717,16.461926,14.408491,17.169031,20.893269,16.594837,17.048641,1.7947127,1.2954766,2.835592,1.6787676,1.3931848,1.2471808,17.559984,59.362953,6.751264,19.225954,24.891005,19.588196,25.889658,32.382885,32.506035,28.12683,33.818798,27.338257
2025-12-29 11:00:00+00:00,site_1426,231.0766,242.93427,282.2824,260.67792,244.00945,227.43793,350.0513,357.56143,400.63303,359.4108,322.4573,324.61133,44.835716,49.482517,37.542206,60.182533,56.932068,51.62317,18.866453,14.36584,18.844288,23.892864,16.862179,17.81084,1.7595488,1.3828362,2.2569964,1.4529957,1.5654359,1.0118072,32.77394,27.350546,8.3887415,31.29029,34.2859,29.337656,25.238672,32.597458,30.18389,28.359982,32.826447,28.102692
2025-12-29 12:00:00+00:00,site_1426,251.7387,265.05524,326.55228,258.51102,261.5928,219.54068,432.69922,439.16516,440.55026,388.35715,381.7851,345.14893,51.401222,60.02661,28.05172,73.026855,58.14563,47.896454,22.556795,18.398666,14.985596,23.185867,20.913374,18.37714,1.5639414,1.6714929,1.8728591,1.4599402,1.5363978,1.0784155,48.249035,10.833966,8.929991,41.094227,36.07772,30.24422,23.069881,29.83978,30.58732,26.564121,34.334133,26.356607
2025-12-29 13:00:00+00:00,site_1426,259.40332,324.84665,336.57596,299.87888,282.62506,250.04988,424.03467,514.43396,435.59732,427.7754,394.51437,378.5112,47.388695,60.5805,43.231102,70.39279,59.346783,45.580765,21.958233,17.33385,15.978656,24.126707,16.911564,17.699806,1.5720493,2.778371,1.5975485,1.4398865,1.6683955,1.2847464,45.81208,9.858178,13.839791,36.746902,33.896183,34.026604,23.90481,29.011158,32.939674,29.022196,34.340134,27.603876
2025-12-29 14:00:00+00:00,site_1426,262.28867,309.6695,309.17465,274.5828,256.10913,241.40236,350.91,494.22852,417.26813,395.4273,393.40262,358.77402,39.698437,50.17,46.179913,53.62636,42.81517,33.568798,17.408623,16.315243,13.358511,23.011572,17.344002,16.370697,1.6036549,3.2308881,1.7416414,1.3104085,1.5517064,1.1807588,50.05702,10.765088,11.661297,43.288136,42.85771,50.56574,25.859072,33.747887,32.778797,32.08468,32.812164,32.056114
2025-12-29 15:00:00+00:00,site_1426,250.55943,361.07132,280.6634,244.15178,235.7827,226.98235,326.90683,477.94537,375.96527,367.55142,363.84692,310.58972,40.36856,47.485405,44.240013,54.72142,39.63896,29.258324,12.854923,15.939393,10.2207,15.114834,14.920189,18.230875,1.7508345,3.4842634,1.8255069,1.3399566,1.645572,1.3971884,32.72641,8.918883,15.534612,46.920822,38.400208,48.432728,28.076754,36.267063,29.061468,32.61899,33.342583,29.733267
2025-12-29 16:00:00+00:00,site_1426,259.23074,360.86118,297.25156,257.37814,253.84042,189.91245,339.98062,516.9259,378.77682,364.51483,368.40054,269.95453,48.484287,51.431038,44.61042,47.58176,40.0396,31.03362,11.193099,17.515982,9.985662,14.540426,14.25059,13.7464695,1.937251,3.2775326,1.8537792,1.4080138,1.6887522,1.583876,23.952005,10.649623,14.022414,40.54374,32.17705,40.513973,53.418335,48.151917,34.17149,54.165737,47.825954,42.29106
2025-12-29 17:00:00+00:00,site_1426,246.9758,373.89923,298.9184,294.21448,231.40695,188.20947,321.45007,520.61774,387.78033,393.5535,353.42908,285.92694,42.304703,48.81209,39.104733,56.791325,37.91334,32.81043,11.139903,15.111054,10.181046,14.617686,15.232358,12.816818,2.141205,3.1951857,2.0794306,1.7592133,1.3827729,1.3254583,14.717843,9.49215,16.777988,30.73909,31.018362,28.238535,31.317953,40.01888,31.658266,33.54863,30.99898,31.563381
2025-12-29 18:00:00+00:00,site_1426,254.53174,333.99493,286.36166,305.8779,224.05359,205.7187,329.89764,446.56506,336.1327,404.41476,333.23297,293.55923,42.908653,47.06269,45.97353,54.88918,53.996964,41.473244,12.387016,16.302694,13.582619,14.085369,14.691362,13.512856,2.5697043,2.959818,1.6637349,1.9573934,1.8031114,1.4223939,9.947545,11.510145,20.855236,15.97182,14.833162,13.708988,31.191664,37.969685,32.364548,32.2582,34.96154,31.89527
2025-12-29 19:00:00+00:00,site_1426,301.4575,311.23706,279.0382,313.46692,256.2437,267.7372,405.18588,442.89542,354.7066,453.02826,412.15237,359.81592,44.700928,47.5227,62.693047,65.72308,57.555256,51.219147,15.210027,18.411932,14.137133,16.775455,16.612232,15.042778,2.4885535,2.2857697,1.5549619,2.462532,2.1488583,1.3076024,10.93935,18.555996,17.57486,13.385627,11.699227,12.501177,33.64895,39.67931,34.54159,34.876522,34.08714,29.184875
2025-12-29 20:00:00+00:00,site_1426,351.34787,295.89932,285.9048,325.18204,282.07715,337.8492,478.26785,426.86536,353.95126,460.14,398.9547,409.38794,38.40607,44.94999,56.964085,59.86947,55.308624,44.78523,16.549782,19.193216,14.911629,17.801079,14.068223,16.993134,2.3345642,1.7353132,1.3564255,2.42081,2.2866282,1.4178874,10.231514,25.82621,25.453968,13.400484,10.59672,11.835123,33.104805,35.653206,32.24972,35.094772,34.120396,28.987276
2025-12-29 21:00:00+00:00,site_1426,351.88513,259.32544,286.80936,342.65646,293.36227,328.35574,446.2387,409.64447,348.31494,467.71402,388.23248,426.308,32.30056,46.000145,70.37716,59.673656,50.243492,36.15281,16.949564,17.650753,16.399862,17.721525,13.44537,17.502762,2.779581,1.9901385,1.4685634,2.5710173,2.2535658,1.7319894,11.198963,26.20665,23.693913,17.611732,10.863176,10.776409,29.951628,34.554268,34.064,32.8391,33.177906,30.55965
2025-12-29 22:00:00+00:00,site_1426,365.03088,229.03008,293.0189,353.59506,281.97,335.51846,490.90424,392.8594,389.89377,496.34265,399.43448,406.40353,20.178255,38.90885,92.37761,50.498314,43.928402,42.44869,18.361992,16.551197,16.591301,16.903305,14.748179,15.994435,3.3987045,2.1926892,1.6612289,3.438668,2.5326695,2.4356158,10.753918,24.059824,32.932526,15.642676,10.373293,14.107701,34.566353,35.222107,39.965183,37.186012,38.847363,34.89932
2025-12-29 23:00:00+00:00,site_1426,325.5568,231.65057,303.91617,331.85522,290.8562,322.07098,427.79776,383.12558,410.9297,490.10883,411.4179,385.55972,23.245739,47.321648,77.69078,50.225075,37.422035,44.07745,17.420244,15.179722,14.792859,18.798923,16.16713,16.025703,2.9347641,2.0196104,1.515377,3.3562388,2.7023022,2.336784,9.165783,25.674702,38.442596,11.709916,11.452867,12.779204,32.562546,33.325012,37.793083,36.437527,35.28867,31.941236
2025-12-30 00:00:00+00:00,site_1426,342.63788,277.32922,318.18576,306.98615,284.0958,288.23535,401.67007,412.5756,435.96417,441.25192,419.81827,382.39597,35.104553,57.802914,60.964527,49.220562,37.509464,60.205402,15.679713,17.388508,16.194376,18.791834,14.996452,16.346188,2.8467407,1.8615959,1.4948909,2.6781003,2.148797,1.9791307,12.833043,23.670431,43.77675,15.943822,12.676657,10.810292,34.599148,39.400528,40.495987,30.32846,32.46705,30.34694
2025-12-30 01:00:00+00:00,site_1426,240.50365,258.7188,310.86206,277.74698,243.21718,259.50958,322.6898,369.06546,398.57928,395.70572,386.02176,367.70908,30.269424,65.47228,56.409904,49.463726,36.73018,42.54661,14.014719,17.50285,16.343756,17.71382,14.976102,17.989098,1.9821581,1.7358112,1.3375924,2.136349,1.8694192,1.8014008,6.3952794,17.980843,42.72354,16.059212,14.956061,11.380383,32.11636,37.424007,36.671185,28.268314,27.774256,26.2274
2025-12-30 02:00:00+00:00,site_1426,157.32367,223.3401,272.18875,263.43576,256.5473,269.42368,175.97752,283.65216,332.32767,364.39954,346.91034,382.73416,27.620934,62.50319,53.852875,46.252525,35.669113,42.64752,11.55003,12.9443245,16.180681,15.377137,14.148665,17.419344,1.8507206,1.624784,1.4651028,2.1108928,1.6538899,1.4359735,6.9898257,19.403528,36.61414,14.4988365,14.109946,13.273094,33.323708,38.966656,39.77535,31.063314,29.162092,29.950567
2025-12-30 03:00:00+00:00,site_1426,145.22429,204.40761,251.50392,233.37776,215.36044,241.89682,182.99467,259.78143,322.43195,358.25162,330.33615,346.74246,29.766346,66.39616,48.62557,48.608116,33.746223,44.097965,9.367763,13.947816,16.921722,14.757422,11.733238,14.282714,1.9505382,1.6713154,1.6320424,2.151687,1.7630395,1.2341943,6.152784,17.508907,42.41466,14.725542,12.304835,10.042036,30.961617,39.543365,41.71528,28.504044,28.4432,29.560469
2025-12-30 04:00:00+00:00,site_1426,155.93199,215.64311,264.49716,227.57613,232.43498,242.09236,207.41827,289.35822,343.55615,344.3665,314.27893,331.3935,33.59221,62.320744,53.96884,46.77058,27.954515,45.40595,12.00308,12.922735,19.197323,14.733908,14.015823,18.329021,1.8280921,1.7152205,1.7048112,1.8296928,1.6777047,1.3940115,6.4866204,26.299284,40.0037,16.878653,15.537621,23.148348,29.64469,35.160965,38.912613,26.086552,30.50283,29.375809
2025-12-30 05:00:00+00:00,site_1426,153.3872,184.51543,248.85895,225.52286,219.76852,213.32422,207.14061,295.22687,341.36725,300.66617,308.59583,302.212,26.604506,52.688263,55.549694,50.650215,25.45389,36.678547,12.601467,11.549613,20.788074,15.323984,13.7424,13.721686,1.8847436,1.5020376,1.8318738,1.923825,1.6976318,1.4401023,5.294512,23.379576,25.180319,16.040396,22.561867,18.741756,31.08349,34.482773,37.347248,25.130121,31.31296,30.715921
2025-12-30 06:00:00+00:00,site_1426,145.17601,206.14676,224.81833,183.41096,186.52635,204.8637,201.57059,310.89935,289.75934,278.41113,281.1528,286.1429,26.437914,44.037323,52.559185,60.4131,29.972603,44.503338,11.903988,11.865731,20.426073,13.925415,13.351841,13.8370285,1.8613384,1.373408,1.8228996,1.6157273,1.6036682,1.4852515,3.7509584,32.675194,10.073809,14.669652,15.134854,14.217317,33.52357,31.762787,35.662308,25.82301,31.686361,31.281815
2025-12-30 07:00:00+00:00,site_1426,148.78407,222.09402,250.48874,179.64243,186.98203,186.08298,193.73857,297.68845,319.85568,323.29044,297.1114,283.04135,28.805483,36.011124,39.83404,54.73883,30.80374,48.29276,11.329288,12.6873255,16.575653,13.178995,13.108685,13.664341,1.770125,1.4627004,2.2198298,1.8016838,1.720186,1.5640341,2.0875735,40.941128,10.41718,14.080448,14.253729,16.872175,30.832335,32.742126,36.444508,27.75891,31.076462,29.355997
2025-12-30 08:00:00+00:00,site_1426,149.24359,191.35309,259.24127,192.09628,187.35837,186.17723,205.71199,295.56,369.7015,301.64456,284.28244,280.27527,28.861824,30.701097,38.256874,46.4437,32.743397,42.309277,11.172671,12.254002,16.103853,12.025133,14.12099,13.454234,1.7843426,1.3378903,2.7288942,1.6100377,1.6690332,1.5589807,4.7405415,42.819115,6.1202993,13.629887,14.863696,12.3613205,30.516129,33.135014,36.866043,27.26367,30.692911,31.658245
2025-12-30 09:00:00+00:00,site_1426,158.59921,186.4312,284.5503,191.13724,184.8901,180.81108,230.21677,295.34064,378.14316,295.49277,285.71814,273.2154,28.215946,30.947618,37.633327,43.672775,28.510311,41.560925,11.596329,11.033964,15.124798,13.918754,12.44591,13.167839,1.8275027,1.3544241,3.522305,1.6737181,1.7094997,1.5309672,4.6113067,37.353817,3.2416236,14.846966,15.531007,16.833096,30.686255,35.618225,38.811405,26.764357,32.041145,31.63415
2025-12-30 10:00:00+00:00,site_1426,162.0326,174.44891,294.6507,175.8746,205.14731,198.91083,255.28758,285.4597,422.43832,254.79247,304.4166,293.9973,35.944965,31.12437,40.53442,45.879787,38.279293,49.653297,13.10711,10.521159,15.715655,14.632675,12.771533,13.36232,1.9486988,1.142834,3.9337246,1.6752325,1.6539263,1.5063318,7.4829764,26.346022,5.6345944,21.66258,17.589716,15.799695,33.252216,38.041237,38.931362,30.88367,33.06863,31.29404
2025-12-30 11:00:00+00:00,site_1426,196.11194,192.74933,302.6128,200.89503,229.17152,227.20668,333.58282,283.60626,421.61963,370.94376,325.9948,302.38657,39.44285,51.054356,39.732494,40.47949,41.447964,51.420574,15.030024,12.736361,14.782464,17.813042,15.639561,15.667706,1.9630215,1.4816028,4.1044683,1.561469,1.7177172,1.3919386,12.887903,22.283077,5.788816,23.90996,20.369509,14.582099,34.517838,38.295437,37.755512,32.304657,32.954113,33.372116
2025-12-30 12:00:00+00:00,site_1426,216.67555,209.17522,297.02783,228.85571,224.54735,232.45708,355.66336,380.3615,358.6052,337.178,343.14615,319.73752,36.14019,52.53522,41.00626,40.415424,35.038006,44.458565,14.320237,12.700542,13.772616,17.823565,14.375292,14.438401,1.9040476,1.5836772,3.1486194,1.4993422,1.6017094,1.2511966,17.14634,19.640766,5.152634,28.017908,24.129381,23.934565,36.68643,40.176502,40.810226,34.01789,32.6438,35.11636
2025-12-30 13:00:00+00:00,site_1426,181.44655,248.28232,307.8689,217.8317,241.09833,237.4215,286.95584,421.48856,386.6409,283.18857,373.5321,327.57495,38.663006,54.552494,45.723633,41.223972,37.95575,35.33146,13.276807,12.915857,13.82587,17.473412,14.47496,14.746898,1.7963965,3.3723602,3.04224,1.5961034,1.7590362,1.2422444,26.493626,6.2971087,9.037198,38.045708,31.344082,40.17442,38.759155,42.901974,45.06949,39.02908,33.73393,37.20818
2025-12-30 14:00:00+00:00,site_1426,226.4591,296.7528,303.4466,241.76544,223.82121,223.19148,315.41656,461.11017,406.33804,304.26425,350.31885,341.54,33.136707,60.36102,44.74476,36.539005,35.457584,32.028175,12.300311,15.16404,12.643348,16.790773,12.042939,14.96681,1.5863687,3.681944,2.4492877,1.5012076,1.5750115,1.1430317,32.71966,8.566071,9.650248,42.67833,40.87985,44.73274,41.23112,42.9886,42.289574,45.593822,35.844112,35.44696
2025-12-30 15:00:00+00:00,site_1426,213.93764,323.17075,319.61,234.7153,242.82703,235.05867,292.72293,477.58978,417.18658,329.9101,342.28513,335.1478,30.061161,52.795277,56.66511,43.920177,36.797337,35.09683,10.487031,15.240871,10.510157,13.771263,12.563139,16.21526,1.4882154,3.7692056,2.0996337,1.555944,1.4074446,1.3359945,35.754356,11.447131,12.613435,49.304848,44.784763,47.55588,41.16408,45.261364,40.57625,44.91183,36.747345,35.767696
2025-12-30 16:00:00+00:00,site_1426,202.30766,376.32404,315.50668,235.72668,221.25522,223.11113,265.71164,530.9531,370.58554,330.14035,355.39267,324.71533,49.98758,67.41467,60.303738,52.62271,41.31329,39.271828,12.434531,17.082819,10.263494,16.329239,16.410378,15.475718,2.0395582,4.904649,2.075193,1.7901379,1.3656001,1.3846282,24.000498,10.008956,14.238731,49.52587,43.091644,48.208714,41.88215,42.19142,35.66853,44.30874,36.573746,35.94766
2025-12-30 17:00:00+00:00,site_1426,241.12465,348.0481,263.86218,247.74817,212.53033,214.71002,359.59995,543.1838,355.862,354.19708,332.24503,328.02542,52.686653,70.46266,45.66085,49.311817,50.045876,54.96386,9.550929,13.47274,10.581074,11.6649475,12.0329,12.604346,2.4831657,4.1863613,1.8376217,1.6254942,1.3520213,1.3399779,11.709626,7.031037,18.000772,26.262547,28.199438,24.05285,45.100464,45.792217,35.729313,42.96823,40.790203,36.98449
2025-12-30 18:00:00+00:00,site_1426,259.6475,361.42136,281.7954,274.24146,215.5996,174.51993,368.84933,533.7877,323.5776,404.2792,362.736,307.39273,48.73338,63.230816,49.67745,66.127846,50.87502,53.202618,12.200132,19.49606,11.693401,13.385,14.659016,14.278788,3.3527155,4.00704,1.989712,2.1614661,1.8982509,2.0295072,11.7027645,19.037813,26.445673,15.91134,12.078048,11.173544,45.212807,46.956017,36.241108,45.586594,42.68793,36.375973
2025-12-30 19:00:00+00:00,site_1426,338.25552,342.51764,319.5336,328.9124,255.12593,262.08212,507.7391,510.63373,370.49188,468.8493,396.57755,348.48788,45.59275,63.205986,53.00986,69.05166,55.567764,57.90716,21.093132,26.03561,13.707934,16.444098,19.160404,18.766914,3.7783773,3.281744,1.7176683,3.023968,2.1461487,2.2513995,17.006784,31.433477,24.954666,16.707966,14.306028,13.30337,48.860725,46.949497,40.447605,50.800163,49.49882,45.261932
2025-12-30 20:00:00+00:00,site_1426,362.14453,372.30017,302.0375,323.9738,301.0694,302.50775,513.3747,466.10587,367.2335,473.7835,456.781,360.53665,29.922789,48.28913,59.64257,53.319702,48.06519,43.051575,21.441397,15.459691,10.538922,14.660259,15.321398,18.626825,4.3574047,2.695004,1.5551631,3.4454334,2.387836,2.2298322,11.890705,23.694906,27.397512,15.039824,12.041764,10.659637,53.342648,41.950577,40.954082,54.119625,51.520245,49.473667
2025-12-30 21:00:00+00:00,site_1426,459.89954,350.3953,327.40823,358.31674,322.72977,346.6126,629.2269,478.4042,400.79184,486.84726,494.90192,388.5766,28.1402,39.957165,67.9837,53.579956,41.84996,40.85375,24.648088,10.055051,12.064778,15.395114,16.939676,18.374954,3.924873,2.7182357,1.434363,3.253718,2.4706714,2.5370855,10.192601,23.13498,24.375671,14.50751,14.170267,9.120807,51.372215,45.416637,41.773834,48.86957,50.691208,48.90108
2025-12-30 22:00:00+00:00,site_1426,445.9483,338.21332,347.4135,375.41937,327.15683,321.0951,571.18256,405.12512,444.4147,474.0936,457.61948,392.93024,27.89378,44.813496,70.77707,52.73852,48.1319,46.48293,25.874249,10.703506,12.02554,19.049204,17.98911,16.287672,3.4691553,2.193625,1.3990282,3.0901642,2.9075358,1.9062979,10.405246,29.844337,27.49463,17.253656,14.397332,12.771615,48.477627,39.77915,46.638943,47.61741,44.673798,44.648125
2025-12-30 23:00:00+00:00,site_1426,384.54803,340.79922,324.5625,381.61224,297.67685,287.1135,505.26846,409.82056,434.8074,426.80145,428.32254,329.5462,36.52584,46.824085,79.959335,52.827126,48.06979,45.493637,24.06921,12.662339,11.980588,19.76339,17.008245,15.89075,2.7381558,2.2081866,1.3480408,3.0409336,2.2397835,1.8558588,11.343023,31.758217,38.059826,15.511135,18.015606,18.271568,46.392647,43.528164,50.405876,47.62493,42.720943,36.486683
2025-12-31 00:00:00+00:00,site_1426,299.7748,278.01102,327.3624,336.772,249.06497,229.64534,399.9512,390.36014,439.97083,404.09592,424.1634,303.02335,28.784609,54.79283,73.86432,44.35703,27.635239,43.662495,13.904369,9.575734,12.352505,13.24965,12.8708315,14.725726,2.1912186,1.7932459,1.441839,2.581522,2.217153,1.4800371,7.8307285,24.410908,42.47935,19.454752,21.751286,15.6727,50.920567,45.31288,52.815025,44.000347,43.459637,36.338226
2025-12-31 01:00:00+00:00,site_1426,232.56071,257.11926,256.59317,286.3911,280.22284,214.82988,293.76132,341.115,378.77835,392.3993,404.6104,301.35004,32.74009,56.301712,50.3181,54.142704,27.153702,42.619705,10.186598,10.061906,13.132526,12.1676,12.628163,13.233327,1.7034518,1.779624,1.3256339,1.6209636,1.6383421,1.1603675,4.564525,21.898623,52.4517,15.295919,11.991057,15.32685,45.708202,48.093372,52.652744,47.514286,39.678787,33.232807
2025-12-31 02:00:00+00:00,site_1426,163.37527,232.05623,262.58466,263.35184,260.06125,218.80215,206.21394,320.2387,377.15555,305.61743,374.9562,275.35577,27.065384,51.444263,40.298237,46.18028,27.240602,39.338043,6.68301,10.617969,12.9862795,9.871422,10.835348,11.682792,1.1334795,1.7313801,1.3835144,1.6133467,1.4421847,0.9505584,4.3215594,19.49974,44.329704,14.32702,12.979153,14.332077,38.94176,49.74234,51.202454,44.933495,38.57711,39.088078
2025-12-31 03:00:00+00:00,site_1426,149.08792,216.17049,204.94852,269.5594,238.11383,206.64531,189.20271,359.62552,319.563,278.81717,347.6151,296.3727,24.869194,55.611553,45.882683,44.485474,27.671219,33.7458,4.8228397,8.745081,10.205041,6.1380963,6.6491165,8.277302,1.8543617,1.7526845,1.8237543,2.1346896,1.7920448,1.2989448,4.7556562,21.696026,43.100723,16.547312,10.912831,14.278335,39.348003,48.767906,52.51708,42.004982,36.874233,36.298676
2025-12-31 04:00:00+00:00,site_1426,132.52043,216.00708,195.1351,240.20544,242.47531,242.76553,156.36707,355.2481,270.25018,292.42908,288.10117,317.61722,23.222584,46.853523,44.942093,46.262154,24.578867,32.980576,5.0189905,6.9110203,10.531549,6.855796,7.440297,9.718673,1.5648174,1.5222408,1.6747577,1.7946172,1.7854908,1.1870606,5.2242107,23.0398,37.41539,18.19436,13.693593,12.322145,31.324451,42.23585,47.490475,39.3121,32.62635,31.248302
2025-12-31 05:00:00+00:00,site_1426,123.48016,222.21599,218.19211,206.98497,216.05844,217.12564,154.8131,317.4676,332.71667,251.7048,264.50296,286.0042,22.712164,39.78537,47.248352,39.0367,23.789312,30.455317,3.1844213,6.2423263,8.952109,6.478804,5.304365,7.9910994,1.6376301,1.2508279,1.8251938,1.703972,1.7325958,1.4994429,4.874412,26.52516,11.351381,23.370358,13.898609,6.1591387,36.796074,41.072502,50.408775,38.167107,36.589336,34.031826
2025-12-31 06:00:00+00:00,site_1426,124.00311,229.65694,227.86884,203.5125,184.84384,214.6454,164.25766,310.70486,332.65732,244.41039,274.78555,275.38596,22.735664,34.527912,46.845108,37.50006,30.943134,33.45605,3.0381303,7.481988,7.51158,5.886938,5.41781,7.2860527,1.7004552,1.5066682,1.9772106,1.6979815,1.7884686,1.5370116,4.617936,26.154734,6.188524,15.426122,13.492504,11.534344,37.055202,43.818554,55.27213,37.85922,40.249107,33.743084
2025-12-31 07:00:00+00:00,site_1426,152.42094,246.4883,258.41525,201.1332,204.61139,196.83856,208.25629,304.86496,348.1957,255.76683,271.51328,275.84497,21.483648,33.35348,39.493244,47.672745,39.57337,32.930756,3.681289,5.689661,6.605149,4.916552,5.8344197,7.081256,1.8220862,1.8914084,2.3367977,1.7288998,2.065499,1.5495403,5.448922,28.968758,8.489179,14.910875,16.085918,12.722696,37.395443,42.554703,48.276924,35.89396,39.81654,34.446
2025-12-31 08:00:00+00:00,site_1426,163.0617,247.75623,298.77744,206.35286,209.12427,192.09372,217.29117,329.18417,389.4347,273.31787,293.32166,293.35547,26.075527,32.825523,43.046497,46.6844,34.693073,35.604836,3.6602998,7.6981974,7.296588,5.267801,5.7799087,7.1754413,1.8383709,1.6571316,2.5782776,1.6776283,2.0801075,1.549103,4.534025,31.474,6.68169,16.702833,10.10465,9.577167,37.588295,43.87716,50.655815,39.715694,43.03877,33.554646
2025-12-31 09:00:00+00:00,site_1426,176.42819,232.22978,319.32544,221.00507,202.53667,204.18146,245.26404,318.65198,364.6276,262.99088,289.27197,275.9786,25.491114,31.799397,37.280006,45.004345,28.403477,33.586914,4.3067226,7.46976,8.354331,5.1870236,6.728403,6.0861588,2.1481683,1.812169,2.9616847,1.7055935,1.9648633,1.5733033,5.231445,26.455702,4.3975005,17.990843,10.261623,9.9028225,38.760513,48.80439,53.621254,43.099854,39.55511,34.66911
2025-12-31 10:00:00+00:00,site_1426,214.0861,243.52483,348.9289,242.76057,198.86583,188.3322,291.51093,345.7632,390.72556,332.47,295.6999,263.76056,27.907654,33.507088,32.292934,47.975666,29.331522,27.705202,4.9260783,7.274137,8.167266,5.556877,6.9527626,9.988973,1.9657441,1.6945947,2.6255717,1.4522489,1.829265,1.1063434,10.1441555,26.287407,7.33022,20.594046,12.31308,12.733656,40.375,46.826122,55.378025,47.47954,38.494835,34.33349
2025-12-31 11:00:00+00:00,site_1426,184.44098,259.69028,292.31866,218.60623,190.75267,206.46385,285.0929,341.81985,356.1488,326.0936,318.32413,272.0278,27.850056,40.885014,33.7893,44.14976,25.498697,25.73686,4.5321937,5.3266716,7.4110484,6.99817,8.066105,8.434183,1.8107755,1.7449621,2.5873704,1.5459192,1.7838012,1.1766543,10.136079,20.629324,9.312681,19.425045,13.231848,18.929773,40.75788,44.93441,46.844807,48.41976,38.02851,34.819206
2025-12-31 12:00:00+00:00,site_1426,206.88242,252.72275,287.54825,234.323,168.318,198.03445,316.45508,337.72104,379.9021,298.10132,312.02463,253.835,30.215717,49.097076,30.491312,45.737404,27.42777,25.14179,4.3788037,5.283883,6.952289,6.7147565,7.2797465,8.037707,1.6833123,1.6818143,2.065173,1.3345277,1.6138598,1.1651247,11.464974,16.167099,8.738452,21.820707,22.425615,24.300102,44.98037,47.666946,47.77274,51.44598,38.555294,33.165703
2025-12-31 13:00:00+00:00,site_1426,185.70227,237.11954,263.16742,206.83672,180.55257,198.91553,300.14468,340.55762,322.63666,288.32266,313.807,269.61017,36.55258,50.14126,31.012138,47.202316,33.389137,27.374016,4.6747065,4.5585923,7.6563754,6.0233574,6.2371087,7.1699758,1.611908,1.7549254,1.7447735,1.264954,1.5286447,1.1278738,13.306937,14.781617,12.459959,29.228031,26.475084,37.320038,44.090797,45.174206,40.5139,45.33858,37.99882,33.85189
2025-12-31 14:00:00+00:00,site_1426,184.42091,253.29854,246.53683,192.133,180.64627,200.5742,283.8712,329.3169,304.18967,264.04868,276.37097,257.49576,36.568226,42.896034,29.324265,43.421303,26.864128,24.696493,3.6934364,4.0674353,7.4351325,5.5308475,5.6063356,7.3777575,1.616623,1.7342656,1.9650384,1.1244293,1.44011,1.2264196,11.963786,14.260874,16.89069,40.56334,29.764393,49.397175,45.330585,44.487915,36.74769,42.82843,35.092987,31.347162
2025-12-31 15:00:00+00:00,site_1426,208.09561,281.14948,226.74393,178.40749,156.20451,192.57552,340.84705,343.77338,294.06772,260.70847,261.989,275.9893,36.99034,40.047924,28.006792,45.812912,30.758295,21.341936,3.8599553,3.9762301,6.72309,6.9381065,5.7481666,6.5099363,1.8229675,2.1978285,1.8879194,1.6110196,1.4789212,1.5065125,11.772107,12.332725,17.561846,37.02019,31.83625,50.082012,46.45944,45.82431,34.572315,41.822067,35.59338,29.676243
2025-12-31 16:00:00+00:00,site_1426,249.18927,261.41672,231.14935,174.82732,157.8547,198.65608,374.0085,341.62503,261.09985,292.81024,260.85767,328.33032,36.780796,38.992405,26.006496,46.643017,33.641262,22.293512,4.0062413,4.5086226,5.312557,7.202747,5.395429,6.4034204,1.9468893,1.96192,1.514125,1.8584768,1.5980192,1.3966767,13.049731,13.0241165,20.28465,38.845997,31.08295,50.361496,45.317917,42.48929,33.231663,38.718,36.259632,29.323538
2025-12-31 17:00:00+00:00,site_1426,284.05588,276.76492,219.27287,185.12617,160.94305,205.8444,428.08762,346.17847,260.55695,324.67093,244.08884,333.10077,41.055325,41.846542,28.154755,55.264442,34.004543,31.388388,5.3046355,5.321829,5.9450245,6.464125,5.574241,7.1613846,2.0636258,1.608294,1.548543,1.9415162,1.4506242,1.6088103,8.479152,14.908131,17.132559,22.58001,24.402605,26.547203,46.252003,42.201244,33.76106,38.097885,39.52223,29.074022
2025-12-31 18:00:00+00:00,site_1426,326.58945,221.69565,221.04501,276.89655,160.67546,202.00183,486.30447,331.90247,276.88333,382.03073,267.35056,346.75522,40.91711,36.126934,26.866545,57.94469,26.926796,33.887257,6.0624275,7.0777717,5.365324,6.579525,5.728237,8.374294,2.3628757,1.3253683,1.4795184,2.5096767,1.7302908,2.0988176,5.6836934,14.332359,13.646511,14.149484,9.948898,20.015484,47.64068,41.675713,36.31561,42.032463,36.27747,28.899479
2025-12-31 19:00:00+00:00,site_1426,349.30994,223.28073,229.43774,317.46213,193.99841,290.2876,489.55798,321.0306,269.5483,442.10687,337.92593,433.26013,38.162857,32.73268,29.423233,58.579918,28.015167,34.845684,6.608619,7.8603377,7.7746716,6.5857773,7.0591493,8.8759575,2.5647063,1.0483577,1.4533607,3.4469697,1.9911321,2.90495,8.475718,16.832056,16.715113,9.410795,8.118062,14.08488,48.406116,47.637493,38.675472,43.60069,39.182278,27.116781
2025-12-31 20:00:00+00:00,site_1426,358.5305,211.4064,235.01912,332.14514,238.78845,330.63647,528.8198,279.66058,288.11273,455.70322,327.37985,469.89642,34.990086,32.399155,34.75407,59.621677,44.1348,43.207466,8.84511,7.7408767,8.673607,10.08882,9.265894,9.316994,2.529342,0.9096587,1.7062348,3.3239202,2.2353926,3.3084235,9.682282,19.144108,15.83218,9.0485325,10.258906,12.983915,50.64709,46.091984,44.448105,50.030212,36.81096,31.583872
2025-12-31 21:00:00+00:00,site_1426,380.34204,209.25667,236.28862,346.5343,245.88643,377.68008,567.47125,318.8644,287.27365,437.60764,351.47552,464.15598,30.918396,32.811676,46.797,56.991283,34.754105,38.95788,10.280441,7.62778,9.616648,12.438134,11.199239,10.128874,2.192835,0.9051856,1.5575536,2.470807,2.0762155,3.1666589,8.894649,16.91652,12.910948,8.959228,9.723823,11.106931,50.10013,45.467873,45.970123,45.457302,37.08133,31.988026
2025-12-31 22:00:00+00:00,site_1426,379.27045,206.18756,227.47586,340.9061,222.8443,365.40952,550.5491,354.31857,308.2001,377.457,327.02728,433.48483,31.611568,27.594555,47.45384,55.181194,31.55125,34.007977,10.999664,7.500588,10.745507,13.115389,10.748534,16.076788,1.9346218,1.0846543,1.5555512,2.479664,2.0234048,2.394504,7.38433,20.259203,18.722588,8.835742,8.254785,11.857133,48.304253,46.870342,49.73056,45.725567,35.615223,31.549896
2025-12-31 23:00:00+00:00,site_1426,361.30185,211.5216,209.49306,344.13754,221.3699,311.24585,521.583,317.5874,320.37515,414.05322,341.08603,401.55502,32.14621,34.67871,50.96659,46.520126,35.865097,36.53329,12.394882,8.459982,12.599555,12.053077,11.926139,14.3159485,1.9876959,1.1680448,1.2584622,2.2615263,2.122905,2.6143062,7.6886783,20.123152,27.736929,12.849883,10.462608,9.278624,48.261112,45.431774,49.17382,43.183933,34.337505,28.620352
2025-12-29 00:00:00+00:00,site_1428,383.4742,304.69342,260.87967,388.32657,288.16354,310.1195,599.9766,447.7952,400.9423,473.93634,403.59933,329.29272,89.17807,89.83252,81.265945,74.35136,66.35197,65.24002,13.2847805,9.441414,11.476238,16.010754,17.308716,13.1740265,1.7420329,2.0530722,1.1259108,1.6681678,1.4694613,1.7691886,10.769343,7.8460593,52.198833,17.302559,15.109407,13.365825,109.23339,97.01127,84.41167,88.760056,85.39704,74.69995
2025-12-29 01:00:00+00:00,site_1428,439.33994,231.54355,294.93973,287.92685,232.30794,232.5717,501.69672,408.77234,404.989,424.75165,354.77832,320.0723,77.70766,83.19302,63.46642,69.69291,68.491714,55.704807,11.345807,11.93139,12.088164,13.976333,12.552466,11.251965,1.5765542,1.6454562,1.3550745,1.6440728,1.1602366,1.3040159,9.052182,10.858302,67.56487,19.599682,19.720972,19.665169,102.80957,97.545944,80.66775,90.01641,86.40996,75.286285
2025-12-29 02:00:00+00:00,site_1428,403.17825,256.48572,295.79953,283.08984,208.86818,205.16335,500.58847,412.20135,456.46454,423.7114,266.6129,291.91022,87.02934,104.77346,69.545975,72.102875,71.767334,63.5598,52.231483,20.671625,17.688631,24.591557,16.80861,15.153741,1.5453683,1.5892801,1.3776312,1.0408698,1.1782821,0.9301999,13.327216,28.027456,63.00743,23.53307,19.042273,16.157719,133.41336,113.53942,79.90825,81.475296,95.86094,82.54635
2025-12-29 03:00:00+00:00,site_1428,381.8902,266.8485,280.24512,293.81836,204.0814,225.40103,477.421,440.56528,489.03586,396.11197,306.59372,292.875,94.521774,117.21067,69.12247,73.70804,63.71931,60.335545,9.636402,9.935185,13.963262,8.14233,9.745425,8.848237,4.095765,2.5494833,1.8742077,2.476836,1.8720859,1.5883186,7.298069,17.392357,53.295788,19.753248,16.641123,13.313384,118.71074,110.88891,95.79781,90.45866,83.88886,73.146355
2025-12-29 04:00:00+00:00,site_1428,356.00534,250.70317,285.77277,283.00565,204.42067,219.41853,456.50278,427.0125,451.87784,396.37946,313.5724,299.1357,94.21446,111.565125,87.90269,74.13783,65.54676,63.590313,9.664222,9.959056,13.363716,8.978444,9.275912,9.971544,3.5092347,2.4398122,1.8124804,2.356533,1.7535722,1.603608,7.1120234,14.179481,37.485043,17.143297,18.782038,14.440327,108.2962,109.57034,96.9116,95.36093,84.162834,72.17955
2025-12-29 05:00:00+00:00,site_1428,326.74176,289.48587,277.16623,241.9177,191.31325,192.23671,467.66458,494.70203,451.13858,386.0476,320.00018,297.76855,75.18431,105.634735,87.92997,66.73408,54.375015,48.910824,7.633002,10.010481,10.761229,9.725305,10.081759,8.257998,3.462289,2.4205403,2.0696065,2.048251,1.3707436,1.4067175,11.393886,18.07063,16.529673,19.162985,17.741543,15.265133,119.88272,124.03973,102.12196,92.95665,85.97889,73.193756
2025-12-29 06:00:00+00:00,site_1428,248.63599,288.035,273.8771,221.1155,222.47171,197.91798,306.03168,377.3139,422.45053,343.28043,301.74005,268.12997,70.40012,83.66627,91.411835,60.851227,53.63519,47.74832,6.4410453,9.512414,12.263765,9.300721,7.2520924,7.680671,3.0983129,2.4298134,2.2868855,1.926876,1.463548,1.5283163,10.827028,32.107124,11.516723,13.156331,14.875834,15.474488,122.21495,122.96176,108.1204,98.86808,88.2332,75.67996
2025-12-29 07:00:00+00:00,site_1428,264.67914,295.64536,270.52264,217.63255,194.33353,205.43358,333.50745,392.55948,424.68747,305.03436,311.4174,313.62125,77.43409,75.81292,92.47564,65.10035,60.707615,48.93658,5.866646,10.43832,11.224368,6.8626056,7.4419675,7.552872,3.028527,2.3466642,2.3722353,2.03827,1.2887456,1.6859118,12.110701,42.072735,11.20761,12.532641,16.463352,12.992998,118.754135,120.06113,106.608574,95.30404,90.192535,69.89526
2025-12-29 08:00:00+00:00,site_1428,242.57126,285.88672,271.98315,221.7582,189.50606,201.42178,338.96283,408.89438,428.73196,313.99283,307.04233,318.0664,77.45724,74.091354,84.45978,60.613766,56.48661,45.550255,6.33265,9.921292,9.414172,6.9109483,6.8826118,7.584498,2.883572,1.9587556,2.5311499,1.9135503,1.3472298,1.7085898,7.108884,54.589382,7.84286,6.280141,9.156684,10.392624,88.0914,87.12872,86.1577,86.73163,70.654106,71.88915
2025-12-29 09:00:00+00:00,site_1428,248.23242,269.70923,282.45465,211.9471,199.41075,193.66748,342.77637,379.4914,437.87027,311.75595,316.80652,310.0498,89.87257,70.51638,81.40896,72.1498,65.76386,54.979004,7.3332443,11.970612,10.214612,7.6656885,8.47372,8.06055,2.802836,1.8410664,3.4941473,1.9322288,1.4821074,1.6624695,14.722799,55.286926,8.642756,14.477586,13.292851,13.597903,85.84794,86.21631,84.49486,88.60914,70.95485,65.710075
2025-12-29 10:00:00+00:00,site_1428,238.42699,236.48352,300.2742,229.13976,217.21155,217.22331,335.14316,324.99033,444.62994,323.40854,326.43393,330.87314,92.83665,79.35252,72.81018,79.752426,70.83362,55.633263,7.912901,10.2012005,9.454353,9.756113,9.813743,8.528958,2.5671077,1.7063257,2.485542,1.8782196,1.5133829,1.7616223,21.752974,37.559258,8.625107,17.920254,18.437374,17.099762,90.72458,82.83609,85.77651,84.98966,75.90911,75.28389
2025-12-29 11:00:00+00:00,site_1428,248.99442,242.61421,279.47162,255.75348,235.8844,215.01709,334.67664,290.3027,404.8288,363.51385,329.68204,311.97934,88.10027,94.728935,63.795544,76.112755,67.12166,59.842648,27.03896,17.732975,16.59256,23.259405,16.256807,15.762959,3.401116,2.1168277,1.720446,1.6700435,1.6952127,1.6899704,27.530914,22.429277,9.521939,26.032892,29.857555,31.150711,94.5898,89.42238,81.56341,87.6583,80.863106,71.68792
2025-12-29 12:00:00+00:00,site_1428,248.22646,256.44363,253.80513,256.38608,242.84793,216.87903,391.17245,411.45737,408.5539,375.1565,366.87433,331.1404,76.41165,89.45888,51.188667,68.35055,58.280766,59.703995,8.702019,9.073772,9.028532,9.921407,10.030935,12.318331,2.5914683,1.945282,1.6572156,1.8502724,1.8385475,1.7102355,46.550278,10.018938,9.849932,39.546867,40.00429,36.694126,82.27327,87.17425,79.040825,82.06225,64.47521,60.642742
2025-12-29 13:00:00+00:00,site_1428,222.43294,290.84863,270.13907,271.20114,259.97266,225.19447,279.49588,418.90665,415.5193,380.48254,385.52548,334.85303,76.78365,84.13374,55.74967,70.051674,62.552578,58.395237,7.6112475,8.5891075,9.237464,9.763201,9.988021,10.30103,2.5299509,2.1880596,1.84445,1.8010765,1.7345057,1.5441525,55.628174,9.504587,11.831799,35.771442,41.056747,41.712666,71.15621,75.30274,67.73704,74.5226,62.23229,51.760403
2025-12-29 14:00:00+00:00,site_1428,228.8033,311.79114,269.3801,271.9887,252.64787,223.58113,294.69617,460.21024,404.9568,376.27933,369.47595,353.12268,81.93204,88.10548,60.938766,70.94889,66.8353,63.961636,7.5956554,9.2072735,8.267444,10.156588,9.658102,10.358543,2.7293243,3.008523,1.6551288,1.8279259,1.5189176,1.4778899,68.951164,9.099128,11.279009,54.045734,57.736164,62.095253,99.78348,105.27103,93.24369,90.99687,86.587,72.32868
2025-12-29 15:00:00+00:00,site_1428,238.57239,345.73257,248.57262,280.87335,247.49684,211.89488,321.01816,520.465,341.69507,383.40543,345.83722,328.0281,117.66499,93.80638,72.556496,86.78545,75.18328,75.75497,7.360065,10.225567,6.4058957,9.600427,9.443818,10.147155,3.2866411,3.5756373,2.0227358,2.068807,1.477058,1.6504835,41.686928,8.247814,13.994772,61.477448,58.28455,53.49077,104.3788,105.51521,91.357895,93.4424,86.15403,73.95666
2025-12-29 16:00:00+00:00,site_1428,258.67096,344.85077,239.53859,250.8286,234.51987,213.82138,374.01657,510.1306,335.91043,410.3973,334.56754,325.62524,133.7756,89.66796,68.16515,95.61229,78.46168,80.88265,7.491764,8.94805,6.844472,11.250501,10.013311,10.554017,3.6829956,2.723128,2.0507991,2.336192,1.5882907,1.766451,14.798391,8.611707,17.066473,47.455437,45.580708,40.20543,104.79486,110.8854,89.863556,97.92541,85.31879,74.11775
2025-12-29 17:00:00+00:00,site_1428,295.57733,348.49872,243.92854,245.02298,219.25317,184.99622,427.62076,488.84662,362.1923,385.49133,330.806,296.67834,128.0883,81.864456,53.176243,96.19295,88.6735,75.701904,6.713807,9.316534,4.997802,8.176868,8.893086,10.306927,4.449142,3.021689,1.9376491,2.222573,1.7785774,1.816332,13.822158,12.07302,18.366285,28.51448,27.927723,29.709204,104.21991,107.18691,86.621414,95.10835,84.08767,73.27261
2025-12-29 18:00:00+00:00,site_1428,320.5903,307.39917,245.20714,271.0438,216.28868,178.64642,446.9531,447.38913,354.31387,407.30472,345.0984,277.00827,108.02986,80.66604,59.09602,91.90825,90.81813,83.67401,7.043905,9.427178,5.5244656,7.7261834,8.839807,8.634651,4.303391,2.8108816,1.8051687,2.5068483,1.9753224,1.9461308,10.690656,12.678067,15.233574,17.067795,17.182953,15.758453,104.55613,101.02451,82.86873,93.24829,77.38342,72.9954
2025-12-29 19:00:00+00:00,site_1428,339.67786,263.59622,253.22888,281.68976,251.53989,219.88081,443.10474,366.78363,354.13132,433.3109,415.0524,336.04248,109.422295,74.68429,68.32299,101.9735,100.026855,89.000015,7.877388,10.789593,7.461461,8.662694,9.998336,10.200424,4.487126,3.0512214,1.7683011,3.1116257,2.697927,1.9753444,6.939497,13.797336,12.76413,16.84094,7.538536,9.968887,105.17582,99.50009,81.21009,94.47031,75.180504,70.09061
2025-12-29 20:00:00+00:00,site_1428,356.4392,235.43,235.75441,316.10834,251.12125,280.663,471.1517,370.7902,339.55658,447.4674,388.40683,397.4941,84.92811,60.63413,71.81776,87.03556,86.24315,76.40931,7.8943796,8.667177,5.497602,10.562565,10.683225,10.063835,4.091264,2.1663842,1.8454993,3.2236776,2.9144568,2.1988125,12.234829,16.69787,7.548054,19.399117,8.92024,14.469858,71.95252,73.32262,66.31725,75.32816,61.203163,56.596416
2025-12-29 21:00:00+00:00,site_1428,352.59192,231.6587,268.2795,302.4083,257.23227,294.964,455.36298,335.445,402.64062,420.48495,375.72757,396.75223,78.397575,59.97687,101.30629,85.00699,75.72289,59.479332,9.748648,10.71737,8.938942,10.72761,10.904048,12.556375,3.9310253,2.1182363,1.7954398,3.077136,2.5895164,2.430786,7.37431,25.589396,8.418556,16.477583,13.539395,11.543382,72.46746,63.614502,59.075733,71.0862,58.651203,53.004684
2025-12-29 22:00:00+00:00,site_1428,315.84738,232.95604,260.0504,303.04913,237.95105,267.6778,358.33292,311.6447,395.87714,416.43143,394.42245,350.4164,74.93463,59.8766,97.60221,81.52137,72.382835,62.2459,8.946876,9.07687,10.704472,9.412622,12.309609,10.950283,4.4634943,2.4309306,2.0655482,2.8025477,2.4085255,2.282386,6.353853,11.389671,12.58073,12.105521,9.250852,12.550031,75.86176,65.649414,64.06306,76.972725,64.90741,52.539314
2025-12-29 23:00:00+00:00,site_1428,211.61166,209.23701,254.1553,290.4488,245.84024,250.21582,284.0235,254.01176,392.49277,448.83206,362.66486,331.6728,78.19909,63.773766,96.91606,86.917076,73.19027,66.2593,7.3475146,10.580663,10.390791,9.496308,10.638652,11.447829,3.8575428,2.4306169,1.9388514,2.3221147,2.0558815,2.1056232,6.0314503,10.807556,22.863283,9.90077,10.884322,10.624148,76.76184,67.0266,65.66351,78.60516,64.049736,54.64226
2025-12-30 00:00:00+00:00,site_1428,184.42299,202.51732,309.6662,244.09111,240.68347,251.75119,230.58946,259.72424,381.48013,422.94437,353.03577,312.17102,82.75973,85.332855,79.10735,85.89683,69.14682,65.11389,7.748073,7.9395165,11.140935,10.516755,10.023404,10.386566,2.836152,2.155652,1.8208824,2.2323394,1.6675055,1.8583423,7.339472,5.767999,47.676228,14.461071,11.211026,9.337434,73.151306,64.71327,60.67642,75.50357,59.33803,55.51345
2025-12-30 01:00:00+00:00,site_1428,182.10944,209.52313,303.27783,237.73412,237.04037,239.22203,260.76276,293.196,376.55222,357.949,335.24133,282.03687,79.7778,87.19579,67.16478,79.576355,66.598816,64.340996,6.784166,8.341844,10.332583,9.540632,10.311764,10.12289,2.7299607,2.2296994,1.9302193,2.3557692,1.5952433,1.9344208,14.424565,13.40505,59.21566,22.576225,18.219063,13.679285,74.10597,70.73672,66.30183,81.57513,58.502373,56.82321
2025-12-30 02:00:00+00:00,site_1428,207.42479,207.01973,324.91364,254.74141,260.47208,214.70827,265.91812,278.95392,368.1031,373.4217,318.9186,310.06317,100.43324,116.42464,66.507996,82.7043,65.66543,62.123062,55.769978,26.023731,17.971123,25.046768,22.108345,18.351246,1.218049,1.5991222,1.3343638,1.3818198,0.90347564,1.466919,10.51907,15.547966,52.508793,25.249107,19.557869,22.978224,106.491486,95.845085,88.039444,91.6597,77.510315,77.77145
2025-12-30 03:00:00+00:00,site_1428,233.04675,235.6539,316.59793,237.06824,207.03986,193.98137,334.44818,390.21725,453.6412,368.77795,315.85464,287.41342,112.40426,110.16402,66.52114,88.18164,70.209305,73.50093,5.958679,10.593529,11.964529,9.36639,9.329644,8.804578,3.0558693,2.1885803,1.9322933,2.4604638,1.393285,1.8046249,5.7575808,12.065479,54.069347,23.750982,12.363291,20.847021,95.83713,98.150444,82.11515,83.98887,71.31697,66.805405
2025-12-30 04:00:00+00:00,site_1428,194.2882,221.9189,303.35986,215.6971,207.18666,197.11316,282.0947,297.6065,427.58047,353.2524,278.46396,294.76678,105.21382,111.7544,76.983154,84.08502,63.330215,62.44644,5.3904986,8.867511,11.14491,10.10085,7.730618,9.121003,3.0652077,2.157587,1.7968729,2.3412633,1.3892971,1.7794725,5.7942514,14.744821,36.923485,20.320948,12.25826,18.420063,90.2687,86.46336,76.330315,80.045105,58.994915,65.0912
2025-12-30 05:00:00+00:00,site_1428,205.95982,234.22275,274.8483,224.5081,200.13344,173.74318,294.4609,351.3263,428.5477,353.85938,299.10175,256.51538,114.11646,107.17148,80.52055,82.95156,62.91628,61.426918,6.1094537,12.322337,14.660482,8.9769945,9.590484,7.6655436,3.101192,2.062018,2.013069,1.9815017,1.4024266,1.5757861,5.309036,14.231834,23.192247,15.880188,10.365091,16.451801,93.25133,92.07985,77.114174,76.520226,63.151142,66.43134
2025-12-30 06:00:00+00:00,site_1428,239.37766,283.73688,300.42792,230.26294,183.30594,172.50809,312.0645,388.74335,425.15497,333.6745,291.56525,251.3533,117.32177,101.00237,89.18924,79.351906,73.10967,56.87143,6.5863495,15.630365,16.958704,9.764272,9.032239,10.135158,3.4143434,1.9146426,2.2741766,1.9566158,1.3784759,1.635862,3.9675603,28.358942,7.7857003,12.7975,9.076783,17.693048,95.55003,93.74306,80.27022,81.00745,65.40955,67.44492
2025-12-30 07:00:00+00:00,site_1428,254.06233,282.2654,295.21573,202.74649,170.9731,166.40698,334.1726,406.51346,425.44302,319.16205,280.0285,265.48416,130.92686,93.72877,92.45953,83.56044,76.44757,66.10253,7.375938,14.796769,10.9703455,10.619876,10.836554,9.010905,3.6901424,1.8780248,2.5833879,1.7420144,1.4026672,1.6829572,5.24624,45.72398,4.83434,10.693464,10.032955,15.037916,97.324905,98.46242,82.575554,84.12678,62.553425,64.74322
2025-12-30 08:00:00+00:00,site_1428,284.17377,271.00537,334.50528,209.3233,169.62206,164.23683,371.17776,398.85843,471.3105,312.9698,267.01495,276.7417,132.49937,86.01398,99.924164,81.80702,67.73194,64.92533,6.763661,9.214358,9.945846,9.330541,10.744615,9.63949,3.5177093,1.9244441,3.3864586,1.9111547,1.5830802,1.5476613,29.56427,59.277546,7.328558,6.0543756,9.820894,15.595684,70.5758,74.01578,71.631386,73.89432,55.124084,52.824375
2025-12-30 09:00:00+00:00,site_1428,291.74338,240.81285,343.05997,202.89003,184.36574,157.00499,390.59464,364.73703,455.59674,297.29932,273.53806,283.57465,147.25136,82.70364,88.91339,90.42798,74.02416,76.45266,8.797369,16.417189,11.42826,10.950083,11.0525,15.462899,3.3414507,1.9264401,4.2477117,1.9212375,1.7040788,1.6137683,5.559877,59.959026,5.076258,8.800472,13.310233,12.939947,68.15698,69.610054,67.46915,67.52354,57.355457,52.87393
2025-12-30 10:00:00+00:00,site_1428,306.21323,225.72871,321.68912,217.8662,204.80902,202.68471,433.4821,334.05127,495.199,339.55505,288.7803,301.80154,161.82616,117.917175,92.449,101.520645,80.8245,91.75348,9.366663,12.453572,11.004372,11.370545,11.78418,17.335047,3.305564,2.171489,3.9962833,2.0176458,1.6466129,1.6528937,18.484568,49.53049,5.9837637,18.914858,20.072283,18.188276,72.08955,70.82232,70.38218,67.40935,58.67636,53.77146
2025-12-30 11:00:00+00:00,site_1428,341.34753,259.38736,342.3956,231.91084,217.51433,202.11632,447.28247,340.63483,502.06494,345.63812,319.33304,292.69772,156.3712,142.20625,77.29357,89.29165,81.47597,84.22868,8.880291,9.6397705,9.976714,12.097984,11.055822,18.786398,3.6249058,2.3468897,4.098617,2.257179,1.6763393,1.4252696,49.212753,41.317783,9.154471,30.16343,35.15675,29.673563,75.41498,73.6269,69.72657,74.1018,61.333145,55.354958
2025-12-30 12:00:00+00:00,site_1428,349.53302,294.59155,282.58292,222.66339,225.9753,201.93729,445.57697,397.914,428.56958,340.32642,332.01315,292.27838,119.63009,109.006645,66.855804,69.794815,62.46888,68.944534,9.25227,8.340989,8.529888,11.096829,11.158757,15.667291,3.2909403,2.129686,2.8575583,2.00857,1.8222959,1.4842333,94.64228,8.422783,6.5373964,55.487583,50.4698,49.900604,75.92572,75.81273,70.43569,65.23056,57.99308,56.075645
2025-12-30 13:00:00+00:00,site_1428,314.60312,295.70792,275.87595,221.70078,241.02846,207.60757,426.95087,470.5856,418.52588,312.26257,324.7898,320.5256,131.4229,115.49745,73.65621,71.186066,68.22476,68.946655,8.240886,10.172205,8.936393,11.325535,9.714491,13.366807,3.1986048,3.0356307,2.120907,1.7059243,1.9682001,1.5133008,108.78453,7.5007725,9.9913845,68.45001,54.474045,71.49372,77.138756,77.14444,72.66923,66.23419,57.94909,60.27033
2025-12-30 14:00:00+00:00,site_1428,321.0541,350.1716,305.21527,250.75388,238.9363,213.65678,476.2293,539.6853,431.07782,364.38354,331.15155,339.3426,104.27533,126.07999,79.99046,71.38985,58.574974,72.95683,8.078107,8.552897,8.836158,8.843556,8.805414,9.019101,3.2585025,4.2360215,2.6836724,1.7627085,1.8784773,1.5080993,119.56642,17.126024,14.834755,79.46347,81.25896,73.127304,103.721466,106.8735,90.078415,81.04517,72.98145,77.39714
2025-12-30 15:00:00+00:00,site_1428,166.90587,403.53693,256.89365,239.39253,200.74188,212.80978,286.0727,561.3619,422.75095,319.25702,332.59213,325.18964,127.47909,117.91351,85.21007,88.2825,75.20252,71.087944,12.1948805,13.318971,9.899594,13.949047,10.621612,10.363864,3.0243063,5.052616,2.5646272,2.0753286,1.7035854,1.6046841,70.77657,11.139189,10.866537,79.984825,76.206665,74.76319,96.054344,104.19602,93.47289,92.011215,79.31392,84.160835
2025-12-30 16:00:00+00:00,site_1428,152.70993,398.64807,261.68152,206.09288,204.77458,178.28601,254.45622,530.8308,348.5275,323.5511,310.9248,314.43732,165.66034,112.42003,83.84223,87.06558,95.69277,85.53036,8.911479,13.701813,8.412355,12.788426,10.924604,16.680191,3.3269005,4.9994793,2.4991093,2.2439249,1.6481541,1.6054438,25.090874,8.247895,12.332155,64.277336,66.56106,64.77793,97.01189,101.16363,85.26068,88.43393,80.32676,86.95931
2025-12-30 17:00:00+00:00,site_1428,177.052,400.47818,234.96812,201.9101,222.5085,180.65883,343.48767,567.0011,345.65332,322.49396,305.08084,304.65607,193.88461,113.03025,83.46464,123.55435,112.33344,99.46051,15.549698,21.924517,10.75613,15.142126,18.45802,18.1937,4.392764,4.8865485,2.062138,2.1812134,1.9439393,1.8376483,10.760811,8.384806,14.063959,27.093777,33.09829,29.699356,94.6278,90.52535,70.55602,82.81511,77.82814,73.59121
2025-12-30 18:00:00+00:00,site_1428,225.12605,403.26956,267.44354,248.64967,221.33955,187.41212,459.60193,535.3623,367.4841,408.82135,377.90866,324.86487,169.0066,103.87091,71.812645,126.122925,117.02802,112.83556,12.575613,13.393924,8.991437,11.603397,11.515984,20.015554,4.9195733,4.444158,1.8191482,2.861712,1.8146244,2.1197906,5.0996485,6.405644,15.192491,9.988388,8.824995,7.1506276,97.18645,85.47872,70.485085,84.921844,74.241455,71.79881
2025-12-30 19:00:00+00:00,site_1428,276.5119,334.89304,253.86522,291.5461,283.89307,205.32861,458.03632,447.37775,342.36514,449.60782,410.25912,358.07208,173.54985,97.2849,78.09297,127.77124,119.918434,110.68932,16.682266,11.605602,8.143035,12.432383,12.768717,15.550583,5.6895194,4.508183,2.0743167,3.7452981,2.955118,2.5616024,6.2299824,11.657689,15.234471,10.516536,6.345318,6.002031,101.13064,90.27065,72.27107,88.733284,81.33032,73.74593
2025-12-30 20:00:00+00:00,site_1428,282.7003,294.86673,271.1758,307.4568,302.16748,253.81853,482.45175,440.16464,375.79337,434.78656,445.26102,350.1206,182.05774,101.016495,93.402084,116.688774,117.097725,97.39704,13.768151,11.766811,7.524082,12.477022,19.144709,17.630304,3.5888002,2.902447,1.7836567,2.8823283,2.1439495,2.3243291,10.865688,21.09326,25.28863,15.303435,12.8689165,14.157464,78.47226,71.43572,69.750725,80.559685,62.315197,51.536
2025-12-30 21:00:00+00:00,site_1428,343.16724,304.15634,294.2894,328.50592,309.63016,293.53464,511.76773,453.85962,358.99265,414.98315,487.40024,346.36145,164.75899,102.67443,101.750496,105.89866,108.81256,93.62639,15.220919,10.424617,7.3845205,14.830687,17.838257,17.09028,4.0016656,2.838207,1.7643789,3.0681183,2.0181172,1.6427541,6.66515,11.010686,19.621904,15.582327,5.434567,7.2310233,73.2281,63.253033,63.75836,76.24908,57.227715,53.421345
2025-12-30 22:00:00+00:00,site_1428,336.70865,287.89383,304.99503,332.02954,314.7684,285.17667,508.33975,387.50397,381.05557,410.4292,482.57788,355.4029,123.83019,93.51173,108.32932,92.48721,97.862175,75.72669,19.283857,9.742332,10.539159,14.741107,17.907694,16.155096,3.8428347,2.7437897,1.4983318,3.499363,1.8330423,2.357604,9.342877,15.013326,25.641302,19.921537,8.0763645,10.046139,84.91956,67.37738,65.5238,82.45103,62.049675,56.051346
2025-12-30 23:00:00+00:00,site_1428,499.3939,374.70868,351.01205,425.06448,304.46262,255.16725,599.4775,494.35715,434.42422,456.57925,442.60043,389.7414,128.15933,101.27005,116.91413,86.26881,99.544624,79.98132,24.758726,13.930715,12.973517,22.685215,22.26359,17.912777,4.500008,2.520427,1.2535359,2.6672401,2.1051898,2.2739077,8.048136,16.820278,34.774567,16.58484,10.295185,15.611689,80.482994,70.33956,69.279625,71.45798,60.884686,54.77804
2025-12-31 00:00:00+00:00,site_1428,583.83093,340.0805,350.00513,457.74002,337.26373,277.05597,678.99384,548.0164,446.96487,450.24393,452.99637,315.70718,176.78535,136.01909,84.962494,103.261955,101.50734,79.919395,24.999865,13.749546,12.226456,19.793198,21.271616,18.446068,3.9904182,2.835486,1.3705645,2.2463162,1.497979,2.2913342,13.29848,16.812971,46.519108,19.28375,15.8971195,15.217411,91.926254,74.02972,71.20758,76.10522,65.83158,51.67362
2025-12-31 01:00:00+00:00,site_1428,580.95905,328.0947,345.59814,413.17422,304.48434,238.70193,647.9034,524.066,469.8986,449.9655,418.61868,310.66742,114.487236,110.06831,85.861435,77.92365,84.19774,68.07663,21.33492,15.04827,12.110453,16.52784,17.615099,15.684137,3.8815243,2.1358092,1.4120684,1.5926895,1.3905772,1.8307183,23.8612,22.135351,62.398193,30.737143,32.620934,27.062202,83.72268,74.20106,72.79106,74.408775,65.169106,61.73564
2025-12-31 02:00:00+00:00,site_1428,612.5681,345.46176,336.8647,354.07672,298.1707,231.2716,736.34534,481.8057,521.93005,369.14413,431.1168,304.46088,113.563126,115.35914,75.295494,72.763855,78.1194,66.20036,49.84058,22.46849,18.841206,25.292763,24.043966,15.068492,3.0243855,2.30262,1.2710232,1.1199548,1.4676555,1.6441959,13.087409,19.011446,53.79727,25.089817,19.265882,17.356195,104.56893,98.372,94.765335,91.04728,82.739944,73.0136
2025-12-31 03:00:00+00:00,site_1428,398.8758,307.59775,344.7513,308.6809,293.06143,250.71402,664.19196,479.15384,528.94727,410.92566,395.7193,312.7719,114.39784,112.483574,75.10415,60.503544,69.73215,61.51367,20.346062,13.667523,11.86398,15.829394,14.828364,14.6130705,2.64563,1.5591266,1.2440311,1.0788326,1.757801,1.7263699,11.7003355,13.445083,56.75181,29.460701,15.8486595,18.142338,98.75274,98.71481,92.91185,93.71271,75.7452,72.13215
2025-12-31 04:00:00+00:00,site_1428,447.60553,290.23398,331.42233,263.77393,243.45128,212.53342,582.46277,444.94165,398.8931,358.9735,378.6497,256.75018,113.39739,123.188896,93.4841,58.981,68.09377,59.27397,17.014502,11.623119,9.843127,11.214985,12.572575,9.764815,3.9996326,1.9593347,1.602832,1.895785,1.9143418,2.077,11.970264,25.011631,45.925846,40.07189,14.919934,15.461554,86.74065,85.900856,84.29739,76.95812,67.93877,67.14107
2025-12-31 05:00:00+00:00,site_1428,418.75568,266.32635,316.84708,272.0049,204.18513,212.5861,559.0632,416.6362,382.58502,347.32513,323.8091,264.6327,112.22855,103.371086,90.98475,62.631634,66.41118,56.69765,13.189095,12.772334,11.894605,12.013362,12.263728,10.236796,3.2623973,1.7646941,2.158384,2.2692719,2.2713404,1.615303,11.822252,25.429306,17.563078,36.56261,14.41409,13.4573965,94.594376,96.212265,95.81409,82.35353,66.18002,65.30415
2025-12-31 06:00:00+00:00,site_1428,311.68274,262.76187,271.36194,230.20119,176.30113,199.63272,378.0428,363.65018,366.75247,307.48914,276.93597,253.50552,100.51861,82.615616,100.19761,61.460934,66.208824,59.207336,10.488926,13.044417,13.518663,10.030351,10.449805,8.564446,2.674942,1.6537181,2.2876933,2.3279102,1.9254194,1.5033096,11.537511,32.554073,10.847827,26.192429,16.215221,12.442487,96.79713,107.76916,91.65845,88.8332,76.02384,71.85232
2025-12-31 07:00:00+00:00,site_1428,245.16862,247.2522,291.38943,223.4462,189.87083,188.27177,295.15845,352.19757,416.3104,291.51413,271.16937,250.33357,96.54372,83.11933,101.02735,66.24597,72.29647,66.180916,8.768472,11.886032,11.487144,9.285188,9.665261,8.270555,2.0359542,1.5484037,2.1908085,1.9644312,1.747179,1.4616275,11.819982,45.364243,12.972903,22.752506,17.240213,11.826504,104.50266,105.97895,103.613785,91.87241,79.526505,78.51099
2025-12-31 08:00:00+00:00,site_1428,192.83032,246.32791,297.02765,210.20265,190.52568,187.71896,229.42882,315.74197,383.10834,245.7265,271.5116,276.09827,83.75536,77.70197,79.30211,66.72028,66.29487,56.82424,7.2723975,11.3633175,10.4231205,8.01243,7.8304696,8.213755,1.3488829,1.3377554,2.126539,1.5344083,1.5335666,0.94670683,4.7009764,43.54306,10.33796,16.867643,7.546135,11.922974,79.78495,83.4615,85.769684,77.25627,59.63499,58.07822
2025-12-31 09:00:00+00:00,site_1428,197.54727,252.96008,277.25555,223.79372,172.43626,201.29018,254.7327,327.84903,428.7967,254.25496,278.82346,252.2009,91.17006,80.11524,65.66586,68.22254,66.84671,65.04832,7.400312,10.252371,11.615418,8.754903,8.235711,8.116274,1.1391803,1.0988302,2.257931,1.4120948,1.3321159,0.8058289,10.617889,48.34628,10.682294,18.020857,11.092706,16.128304,79.194664,79.819496,75.86432,72.20491,59.783337,57.601044
2025-12-31 10:00:00+00:00,site_1428,188.68106,253.82997,298.69144,224.98074,179.86597,186.06079,264.47766,341.94803,434.17175,271.59802,276.61026,263.45004,83.26881,79.688736,61.424294,72.55358,62.74256,62.75694,7.457048,10.525746,12.840074,8.950506,9.305102,8.684866,1.0243733,1.2245425,2.0284066,1.0579953,1.0991563,0.7159909,16.75656,25.509727,9.549099,22.252058,17.925446,16.030914,84.01658,104.49313,88.73743,90.64472,64.37559,60.70256
2025-12-31 11:00:00+00:00,site_1428,166.10858,249.70514,249.54272,219.92735,172.45895,193.26627,235.74931,324.1471,338.2894,260.17514,282.08734,256.4937,76.58571,84.90545,61.278824,72.394775,64.61553,58.65273,7.5380483,9.407022,11.514856,8.961665,9.088237,9.339056,0.8555406,1.2175714,1.737868,0.96233284,0.96963567,0.7756826,22.322008,13.652895,11.231012,32.11033,22.358616,24.931368,83.95886,92.80688,86.48029,84.54586,62.467785,59.749523
2025-12-31 12:00:00+00:00,site_1428,167.63336,226.5197,219.46043,222.35933,147.12749,184.51953,233.20839,313.38263,290.8755,279.37286,291.87616,240.18231,77.46234,85.64957,55.540928,64.49563,57.67296,50.27172,7.06587,8.119081,9.4881315,9.682794,8.814126,9.147514,0.70087206,1.4808619,1.4580975,0.8394087,0.8289434,0.7989939,29.771286,11.829892,12.081901,32.129345,31.80591,38.182247,85.58955,89.40257,84.36214,83.46074,64.777145,61.20927
2025-12-31 13:00:00+00:00,site_1428,190.96568,243.55869,224.35782,227.95377,153.03378,170.04962,248.24713,342.64462,308.56967,262.82205,284.5957,243.3067,82.23292,70.74751,49.31508,73.07513,62.59634,51.316776,6.5025415,8.195724,9.044648,9.651612,10.827532,9.120651,0.6798914,1.5764652,1.1547332,0.7335237,0.774649,0.72173387,30.3717,7.5971,13.678408,42.15886,35.64285,45.147713,82.50194,84.88734,80.32544,80.72205,60.683815,58.870846
2025-12-31 14:00:00+00:00,site_1428,202.49844,247.02048,198.01237,172.98822,138.10306,184.76462,270.96805,362.3413,292.137,210.05362,232.48224,222.1556,86.81853,64.35078,50.862522,71.6698,62.69165,51.473507,5.587151,7.0387774,7.339096,8.998796,10.489046,8.001516,0.8483271,1.4427197,0.999993,0.8665092,0.9416474,0.93806773,35.02457,11.667944,18.240137,57.061977,38.938232,39.6841,110.3441,107.97902,96.02926,87.15133,85.09496,82.92739
2025-12-31 15:00:00+00:00,site_1428,215.96556,264.2311,200.20451,166.53418,142.22859,158.3271,302.24084,326.04526,275.0929,258.0164,242.32884,262.46378,89.8377,63.74477,50.540154,69.60946,61.762028,54.721573,5.9537287,7.007628,6.138666,8.914546,10.039643,8.170104,0.98373985,1.4422799,1.1002605,0.9093452,0.88258886,0.9102712,23.4072,11.966163,17.334312,53.467144,33.622536,36.33853,120.686966,112.96008,102.45108,93.24362,93.773,83.01699
2025-12-31 16:00:00+00:00,site_1428,238.13112,235.05296,186.91638,176.98035,144.65639,181.76375,345.15146,311.03708,257.60303,287.7404,240.56151,278.13983,91.81024,60.23306,50.04412,68.01566,64.84168,52.985176,5.281805,6.551694,5.0259323,7.7362523,10.499076,7.4502196,1.057269,1.1843445,1.0173008,0.8558388,0.78387094,1.0081435,20.874638,13.557995,21.780998,51.790703,34.09592,37.26415,109.81169,105.16739,88.712135,85.89428,80.48333,74.0638
2025-12-31 17:00:00+00:00,site_1428,249.7183,240.22116,193.14264,187.55884,134.95552,191.53018,352.758,299.09836,244.05823,306.11362,255.50566,298.17984,101.421585,65.987495,44.80039,76.81042,77.46376,67.10845,5.1281066,7.6862116,3.7988694,8.12967,8.362687,7.114554,1.3027241,0.99387676,0.8387562,1.3177322,0.9906319,0.99799854,18.3675,12.978662,22.99085,33.34067,26.99162,33.683117,108.85237,102.01657,91.421814,91.42581,79.62751,73.60145
2025-12-31 18:00:00+00:00,site_1428,280.54858,206.85385,194.24898,228.025,140.70084,207.52325,391.01294,293.03665,226.1228,314.47015,275.4933,335.60577,101.27656,67.21579,46.07538,83.168396,75.037254,81.371414,6.6090274,8.114322,4.862287,13.535727,9.29594,8.115454,1.2381785,1.0639474,1.0427698,1.9382513,1.1671411,1.2653902,17.3055,16.698112,25.934023,26.8294,22.511984,25.29397,107.81777,95.91693,91.33767,91.40331,73.42335,70.532715
2025-12-31 19:00:00+00:00,site_1428,309.2678,203.96619,202.36406,288.17566,197.14185,268.7218,414.67355,291.18805,238.56042,367.95508,380.53745,396.39767,105.03522,61.667202,56.137833,104.64835,106.586266,89.74976,8.145357,7.3194695,5.803932,12.176702,11.564964,11.481341,1.4816842,0.8938351,1.0386859,2.4536529,1.2154247,1.7267709,11.158811,17.646488,26.747377,24.305782,14.690438,12.583268,106.79283,95.80381,90.94853,93.335594,73.81936,73.12625
2025-12-31 20:00:00+00:00,site_1428,289.55432,205.51088,195.97563,287.69244,264.09958,305.52914,398.8095,254.80347,252.25749,395.76456,371.3573,423.38904,106.776375,60.55147,62.98221,97.73463,95.221306,91.13044,6.8906436,6.065931,6.090005,11.2170925,11.0549965,12.330672,1.5317674,0.7991769,1.2041205,2.6755724,1.7478684,1.7186571,5.025032,12.640512,23.553787,17.74446,8.870364,6.785011,86.47467,70.93819,73.19406,75.8306,60.980736,49.762684
2025-12-31 21:00:00+00:00,site_1428,324.19174,164.06888,199.46349,292.84897,222.03683,324.5151,453.26447,282.13614,287.13702,394.65182,367.1331,443.4547,100.74193,65.45946,73.487175,86.54808,80.04942,81.94872,8.585309,7.3710012,7.6275616,13.147388,12.37586,11.576758,1.6780074,0.9356182,1.316461,2.526053,2.0834012,2.6114311,11.599674,17.271488,29.385113,23.429855,14.234452,9.617344,71.31459,60.766193,65.705376,66.329895,56.233265,48.705013
2025-12-31 22:00:00+00:00,site_1428,315.43185,159.77847,201.77153,292.02637,205.8153,291.90265,445.1289,314.46436,303.58838,378.80554,350.10083,433.66037,95.973,65.11644,71.061966,84.98783,82.050385,77.43094,8.289623,8.016487,11.733683,13.938253,12.5125,11.476072,1.4703746,1.2478551,1.3603722,2.2239823,2.016093,2.1822088,12.845602,17.63278,32.42466,19.009195,14.089599,7.8615975,76.45697,67.07562,78.94205,71.699776,55.03497,46.889904
2025-12-31 23:00:00+00:00,site_1428,282.63406,175.50575,208.4488,274.03122,192.7513,251.42134,409.38998,277.03192,304.69284,373.055,353.1736,408.46548,88.54676,61.070404,69.240715,73.204346,68.51695,63.47572,8.942656,8.85721,12.161803,15.071542,9.835271,12.341645,1.2419788,1.0856098,1.1349221,1.9137894,1.7082192,1.7454534,16.110353,22.778322,37.220425,21.409302,16.209934,9.288164,77.0302,62.857937,75.14281,66.25523,53.561096,46.292995
2025-12-29 00:00:00+00:00,site_1429,439.1594,225.01541,284.0607,281.28143,250.45282,231.98631,598.959,398.03802,389.92908,462.38184,369.08533,320.9173,50.22721,48.79733,62.56723,52.87422,47.79824,48.89624,10.16397,8.314634,9.56841,11.633324,17.146149,11.798187,3.4244983,2.3987203,1.4691285,2.2901328,1.8322034,1.873704,8.666637,6.632138,36.255478,5.391148,8.437306,10.961079,38.708805,43.30701,50.535934,43.81198,35.273495,33.53103
2025-12-29 01:00:00+00:00,site_1429,457.15692,234.36717,252.17633,264.97525,226.92586,230.47816,606.56464,396.9434,376.87823,428.7819,378.6624,307.49326,44.423717,45.56503,50.36936,47.587593,44.911114,45.62334,9.315216,8.076663,10.872732,9.304725,10.448315,9.798578,3.2178793,2.4617603,1.8209809,2.354538,2.054432,1.5833626,10.76412,19.491585,57.81477,16.497692,18.411879,21.827608,36.60606,44.25594,43.878967,43.167908,38.857723,36.219807
2025-12-29 02:00:00+00:00,site_1429,416.51605,260.53616,268.72812,259.8098,200.62843,202.135,534.31995,454.01437,459.01648,392.6448,306.49594,286.3058,42.07521,60.34413,49.786613,44.009605,38.450546,32.549942,6.6705976,6.3574743,10.553677,6.258867,8.332115,5.515307,1.6505519,1.6708964,1.4411235,1.7316356,1.3102977,1.061681,2.7435627,16.738865,58.905857,11.915938,7.2621717,7.8363185,40.3129,48.736847,50.165356,41.92098,36.514225,38.109486
2025-12-29 03:00:00+00:00,site_1429,384.67978,268.90677,267.074,263.54297,213.60072,202.58955,501.8455,441.38126,455.7724,397.72394,317.67993,294.03635,43.94066,82.84406,47.796597,44.26241,36.098774,31.306046,3.7874672,5.329625,10.726795,5.1115417,4.4193745,4.442288,3.4255905,2.2199287,1.8823909,2.3804212,1.7698684,1.435865,2.474338,12.653572,48.40396,9.855823,5.823075,7.0302696,38.26477,48.435318,47.095493,38.571026,34.73138,39.578884
2025-12-29 04:00:00+00:00,site_1429,328.12833,261.11978,283.27036,277.86563,196.86282,202.9212,433.49194,419.61227,437.33435,394.05167,310.20746,292.76193,43.088173,71.95091,49.05976,43.770145,37.662556,34.505142,3.1773462,4.5620084,8.632758,4.2966027,3.9402766,3.576448,2.8565936,2.4273338,1.8349497,2.3993807,1.6064328,1.5735376,3.4895146,14.825144,33.852837,6.572315,7.4240737,9.552352,36.036114,46.479073,46.733524,33.502132,31.57336,30.342304
2025-12-29 05:00:00+00:00,site_1429,282.09958,281.037,268.01065,238.98604,196.11684,180.96379,371.25345,457.12387,446.93143,370.75613,298.62015,303.3449,34.474182,63.589516,60.03516,37.57424,32.08384,34.92901,2.6558077,3.2832441,4.1028576,3.3061383,3.147869,2.5757291,2.670629,2.5481586,2.164616,1.9969132,1.4840804,1.5300543,4.32735,16.094883,13.821684,7.8767266,8.157815,8.81424,35.31144,41.907642,41.632,34.113136,30.213034,27.285486
2025-12-29 06:00:00+00:00,site_1429,267.04434,298.17813,255.9052,223.82256,199.6275,179.36502,332.17398,425.7894,451.85492,332.93335,319.38287,284.215,34.55133,50.994705,61.49506,38.51275,33.498383,34.104946,2.053825,2.723809,4.310388,3.081049,3.1028094,2.8734128,2.5730186,2.5256186,2.3395393,1.8806312,1.6597716,1.5658861,4.478138,27.806318,8.068165,7.340778,9.090055,8.314797,35.733227,40.333565,39.245594,32.741787,28.074034,28.855576
2025-12-29 07:00:00+00:00,site_1429,232.49615,297.0613,246.84431,211.81143,186.11203,203.98169,299.62738,380.5247,419.28717,313.2583,306.3023,337.8673,33.37645,42.691986,57.147114,36.319866,38.113102,29.848398,4.620627,8.576029,9.134854,4.2022076,5.503244,5.0254846,2.6828372,2.3960316,2.283602,1.9712534,1.5457578,1.8568622,3.7092514,45.037247,9.168248,6.0761485,7.680642,8.070173,33.29131,39.444973,39.501514,32.599102,30.105589,28.783867
2025-12-29 08:00:00+00:00,site_1429,251.97453,284.17493,268.71274,228.1032,193.0216,208.74292,320.61108,386.58563,444.1171,317.1732,308.43204,347.6038,39.261387,46.139423,54.676605,45.525604,43.542145,38.905617,8.839012,12.864828,10.651391,8.592594,9.423228,8.346305,2.5643983,2.1359348,2.567377,1.9424096,1.5869849,1.8656272,9.712383,59.705025,9.912285,9.069208,13.086129,12.029771,33.666912,43.649952,39.908844,31.694874,31.099646,29.668842
2025-12-29 09:00:00+00:00,site_1429,217.54854,247.77078,282.64902,224.80414,210.9109,202.47552,310.70334,351.22318,449.64255,326.8013,321.7341,334.05997,43.925358,46.75071,53.62227,46.539272,44.889336,42.502052,11.619529,13.896683,11.697691,11.884259,11.824706,9.50908,2.460324,2.0027158,3.028629,1.9751583,1.6531258,1.8878903,14.486719,57.6789,8.443711,16.010239,15.749933,15.183266,32.30237,39.83609,38.977627,32.793377,32.340508,29.699287
2025-12-29 10:00:00+00:00,site_1429,228.98834,220.04726,271.93048,235.96188,220.14592,219.5866,321.14288,321.75372,463.76974,331.66537,323.9206,351.4217,45.05411,50.154446,52.164127,46.809505,45.41054,40.743134,10.864654,11.569097,11.0789795,11.433505,12.198171,9.902154,2.4452336,1.8462263,2.4894729,2.0851781,1.6198101,1.8878006,15.725958,40.83861,7.1767325,16.553486,18.690802,16.253847,32.445866,39.723347,37.3646,31.608881,33.26923,30.370707
2025-12-29 11:00:00+00:00,site_1429,248.89949,221.33156,234.87088,247.16156,228.94868,218.3237,346.7064,308.62067,401.69827,364.63614,324.18994,332.39062,43.41529,52.924046,48.63034,45.81211,43.082565,38.510025,10.515349,9.795514,9.620543,12.1461315,11.556614,10.226424,2.3689158,1.9920154,2.1779165,1.8194951,1.7406899,1.6813967,36.040924,24.225182,8.86818,27.406952,27.913866,27.850082,32.51167,36.568054,35.95887,31.813143,32.382084,29.604656
2025-12-29 12:00:00+00:00,site_1429,241.06526,246.07614,268.89606,260.89984,248.39238,226.67479,324.54153,351.2074,416.34366,362.76596,366.32153,340.90588,41.7845,53.273647,41.595333,48.56009,45.884857,41.9246,10.521417,9.575277,8.533995,11.766948,11.137091,10.731023,2.2449315,2.037869,2.0426016,1.974342,1.7535026,1.7576674,58.903065,10.889883,9.625443,48.100163,42.899097,44.702164,33.615185,38.374863,35.672478,33.14365,32.249634,30.637428
2025-12-29 13:00:00+00:00,site_1429,235.27348,294.7278,285.0016,267.296,259.3845,238.02705,296.0312,371.99265,437.16895,357.1253,365.62912,367.79514,41.593052,63.835598,44.528404,52.440407,44.53198,45.818905,10.010486,10.057082,9.302939,12.42223,11.781526,11.220745,2.1376207,2.4555922,1.9893539,1.7518748,1.7657704,1.6481061,92.181755,10.604704,10.949187,54.833576,68.54815,62.72786,33.258022,38.867027,38.50909,33.48411,31.157408,29.972227
2025-12-29 14:00:00+00:00,site_1429,227.37177,312.85577,268.8865,265.11905,240.91586,227.57187,304.7685,460.52298,413.4796,365.83624,361.9616,361.00266,48.042076,67.07728,50.613316,54.738743,52.643707,47.505962,12.052057,12.801742,10.8241,12.473383,13.783301,11.897718,2.1266453,3.270727,1.8967224,1.8122231,1.7322806,1.6026683,100.527374,14.561371,13.361125,73.03023,70.18789,73.248795,31.864239,38.070343,33.662117,35.463478,30.737885,30.485916
2025-12-29 15:00:00+00:00,site_1429,253.93283,349.12534,260.16754,279.96347,236.14653,226.04492,336.00177,529.5484,377.19604,360.68787,339.5591,342.6827,65.49074,75.90406,60.99546,64.34,56.43561,51.695942,11.490663,13.024283,10.266764,12.835043,13.299807,11.980925,2.3926919,3.3605626,2.254846,1.9368368,1.6760749,1.553876,79.01463,12.429888,15.66816,76.359985,69.102,76.93644,32.076313,40.896328,36.13314,33.64412,30.851274,31.556372
2025-12-29 16:00:00+00:00,site_1429,273.96567,360.59952,235.08667,228.48863,226.38304,226.17627,356.85315,505.43732,361.58566,377.31027,323.62738,322.48587,70.81084,72.83866,51.771313,65.03592,52.442528,48.361027,11.237511,13.035037,8.860152,12.732218,12.130753,11.408847,2.6284008,3.245232,2.2613056,1.9469539,1.6038154,1.61883,26.035099,11.607579,14.355976,54.742214,41.904007,46.84526,31.366255,40.832363,33.36789,32.89278,30.887648,30.965343
2025-12-29 17:00:00+00:00,site_1429,257.15823,358.53748,228.11186,233.96854,223.79375,185.9997,367.42487,475.5069,356.87326,374.93463,337.3576,301.26443,63.707108,56.991577,40.421104,61.887093,58.13146,48.032364,10.410648,12.019554,9.158752,11.464143,11.560654,10.591874,3.2251797,3.243909,2.0575218,2.0015204,1.8010557,1.5046587,13.884854,10.717316,13.744983,29.422314,28.48491,28.528654,32.438457,40.378807,33.631702,33.02226,30.544912,29.08486
2025-12-29 18:00:00+00:00,site_1429,307.69086,319.56567,234.59909,254.68138,213.94257,196.46783,414.64752,442.3072,354.43597,407.90286,349.88586,288.43567,53.748512,45.399773,40.00026,59.880325,50.179546,49.59483,12.132336,12.474215,9.651021,12.617857,12.685581,11.689049,2.918527,2.69502,1.9869238,2.2057717,1.9804263,1.6907679,6.8554893,9.412767,10.938132,13.555701,11.298458,10.118229,32.7959,38.330845,35.255516,32.912003,31.054981,30.257904
2025-12-29 19:00:00+00:00,site_1429,313.42288,286.21796,232.4593,290.5231,238.98146,235.56033,430.6707,389.16235,361.8896,454.916,390.27884,366.06406,51.061737,37.567276,41.61634,55.779255,50.04066,50.37192,13.323807,13.865179,10.28779,13.481781,14.3303795,12.577971,3.7340052,2.3483655,1.7432865,2.3837364,2.4530666,2.1066782,4.2298226,9.154093,6.8142924,9.875404,6.9638257,8.330722,33.251328,37.69195,36.72533,34.415108,32.315395,29.865524
2025-12-29 20:00:00+00:00,site_1429,347.95435,258.7687,234.01172,318.70883,236.39545,299.1396,440.91785,379.7013,344.1034,473.99936,364.44153,402.59378,50.99929,35.37731,51.11233,55.79777,47.466663,48.929905,12.852264,12.990276,9.923409,14.524286,16.077898,15.34521,3.1390758,2.1628242,1.9922276,2.6172132,2.9896002,2.6030612,4.125286,11.195294,5.1792035,6.6925488,5.4193583,9.492574,31.618753,35.074257,37.335957,35.938,33.64066,29.333431
2025-12-29 21:00:00+00:00,site_1429,312.20322,249.53201,285.16373,304.61102,246.60684,302.0532,435.94193,367.07138,400.72757,438.27448,382.2335,381.58768,45.460445,39.844078,53.682503,52.184048,42.72019,40.874744,12.788003,12.869681,11.728536,13.386287,14.735209,14.344529,3.1869755,2.008038,1.7763268,2.807345,2.6784682,2.4350667,3.9152014,20.108898,5.629826,9.464107,9.891015,7.0507107,34.693844,32.09907,39.0054,37.11868,31.37864,28.907394
2025-12-29 22:00:00+00:00,site_1429,344.69193,249.7175,268.50238,315.5979,244.0304,293.69946,438.46008,368.87308,417.37515,430.56387,401.6084,384.6803,36.467617,32.51711,50.061756,39.22647,41.874504,38.28886,15.55651,13.817423,13.202463,13.882073,16.50696,13.082457,3.6795783,2.2882788,1.7617956,2.4036872,2.4031832,2.4660363,3.8348563,8.890258,11.334988,4.558179,6.969597,10.748686,33.35425,31.083214,38.495808,37.31684,32.415314,29.170639
2025-12-29 23:00:00+00:00,site_1429,349.52466,254.09752,274.4399,328.86694,257.4037,276.04068,461.31482,385.85355,437.47812,418.36484,356.1711,394.6366,37.562355,32.345356,55.691196,38.25965,45.21089,36.492584,18.413368,14.683807,14.27876,14.923812,15.810563,14.432594,3.5109656,2.0918925,1.7681391,2.0465949,2.2104213,2.3855932,5.780435,8.814866,21.150707,4.0993037,7.5220256,9.051313,31.768456,35.446,38.269905,35.751125,34.233112,28.3743
2025-12-30 00:00:00+00:00,site_1429,288.82547,267.0933,299.2512,282.26117,243.13641,248.53085,343.56567,340.38242,471.18195,400.49435,358.31427,303.98752,35.329712,41.818592,55.705315,36.344574,37.552345,31.279253,16.769552,16.907148,14.829834,16.798906,16.308205,16.14555,2.8859906,2.1831064,1.7997448,2.163567,1.6402304,1.9885563,6.908072,4.8871937,29.022446,6.6162376,6.4468365,8.3877325,32.280556,41.110954,36.97754,33.65341,28.649576,29.206768
2025-12-30 01:00:00+00:00,site_1429,205.09856,236.88298,288.9025,250.01196,243.86371,239.89198,271.76028,304.32925,417.34003,362.59692,332.3881,306.5448,40.08703,49.967236,45.812008,41.839573,37.361145,33.136986,15.616868,16.936434,12.234901,16.15371,16.718967,13.972149,2.7651014,2.3778787,1.9226958,2.3687665,1.741279,2.0579617,15.666582,18.901087,52.88156,13.39776,17.534872,17.631449,30.289097,39.237385,38.31328,33.436184,27.431665,28.534416
2025-12-30 02:00:00+00:00,site_1429,220.19371,227.0946,301.67966,240.33415,208.77318,206.56728,299.1067,358.63013,418.54327,394.2773,332.4634,319.39832,49.49872,60.53674,47.018444,45.131073,42.234505,36.841274,4.965675,6.1943784,9.307812,7.0975723,10.360883,6.349019,1.3856165,1.676905,1.3318577,1.3105558,1.1823528,1.2902424,2.6540952,9.740562,46.105373,6.6066127,9.670226,7.7809877,33.13151,39.57014,37.6209,32.75303,26.093525,30.585121
2025-12-30 03:00:00+00:00,site_1429,234.6988,265.02432,305.20566,234.94295,195.82251,215.34117,328.74985,405.07388,464.81638,362.9656,300.60986,311.96805,57.423965,81.30627,57.064877,58.148293,49.233627,39.00402,12.69179,13.657533,11.525968,12.148871,11.0764675,12.786383,3.070794,2.2728524,1.991817,2.0749378,1.4618261,2.019007,2.2184823,11.599724,48.46982,9.206348,7.755304,11.5152855,32.899994,41.60625,36.647896,32.384068,25.953712,25.083792
2025-12-30 04:00:00+00:00,site_1429,219.00072,240.88332,285.29346,228.22206,196.52574,205.84253,322.25378,367.92386,443.32718,354.55777,275.979,306.72568,51.391014,70.94062,61.45773,51.769238,41.323185,34.27329,11.857418,12.19116,10.746813,13.435441,12.148025,12.69502,2.6826253,2.2862232,1.9301223,2.1822345,1.4176027,1.8245472,2.6663373,13.794642,33.280167,8.877016,9.723152,10.006093,32.348595,37.51166,34.78791,29.907007,24.031145,25.455618
2025-12-30 05:00:00+00:00,site_1429,220.6183,241.90956,280.38638,236.08546,197.34601,188.38185,327.30023,388.94626,464.2291,361.24747,297.09286,270.60504,52.681187,65.673416,77.72036,48.44863,37.689842,34.733627,13.210394,14.250551,14.7469425,12.413204,13.338377,14.519284,2.632956,2.0847406,2.0243382,1.7593497,1.3946131,1.4833999,2.3661966,21.574442,15.732077,8.138511,9.258804,14.876647,34.028152,38.464718,37.80208,30.64987,24.933079,27.98258
2025-12-30 06:00:00+00:00,site_1429,264.62988,293.32895,295.61633,222.61946,185.37967,181.82492,363.7007,447.65018,446.10526,331.4639,270.76746,278.13995,59.720196,67.51074,78.89439,48.75368,38.023712,37.136055,15.223748,16.081182,18.248333,14.61305,14.527401,15.540783,2.8632257,2.186975,2.2333927,1.8284007,1.3907651,1.5448388,1.2098453,37.542286,9.955383,7.4065795,9.384904,15.397949,33.964104,39.53637,36.36611,31.824778,26.094694,28.190325
2025-12-30 07:00:00+00:00,site_1429,254.35518,302.62347,298.4752,218.21397,187.1007,174.80621,346.06067,410.9421,455.48193,326.82376,275.55667,280.5875,61.18119,59.53659,80.20069,49.98968,41.947777,39.529495,15.4248085,16.076832,15.193505,14.262038,17.824297,13.3464155,2.8748124,1.8772559,2.468143,1.992415,1.5316685,1.5680813,0.4492845,54.977043,7.374,5.337041,10.2586565,11.6026325,33.384964,39.12891,40.42566,32.530853,25.680643,29.058842
2025-12-30 08:00:00+00:00,site_1429,292.0302,279.4025,280.63235,222.13986,186.96844,170.95987,396.41708,392.4046,508.62796,344.75146,279.58096,280.33023,66.48329,57.678387,73.96164,49.23319,41.64038,39.254723,15.251627,15.247167,13.282458,11.52311,14.459721,12.316978,2.9029076,1.8499407,2.9563448,2.097582,1.6311811,1.6592153,1.2253773,57.964043,6.260131,4.47614,6.42358,10.083446,34.0106,38.38348,42.21254,32.767883,26.252949,30.080582
2025-12-30 09:00:00+00:00,site_1429,294.7926,246.30896,299.36655,225.21887,199.86298,179.23364,404.8724,381.85315,455.84055,326.2292,288.16632,292.48016,74.653694,56.34348,67.82474,57.864777,45.702072,45.50653,14.25289,15.635959,13.402113,11.38897,13.375815,11.32067,2.8751268,1.8427953,3.1035454,2.2795696,1.867877,1.7948313,5.145001,52.90745,6.3502955,9.269482,10.511544,11.167094,33.83478,39.714245,40.988945,33.32692,26.798788,29.997284
2025-12-30 10:00:00+00:00,site_1429,298.9941,225.25508,285.1162,249.14871,216.03976,215.18207,425.75912,344.9402,459.26465,357.40195,295.67535,324.7865,85.59466,63.984715,76.82306,61.934135,53.35412,50.108654,14.1704645,13.487136,12.143404,13.643913,13.059441,11.467159,2.8180752,1.8202714,2.800853,2.3403692,1.7352592,1.7941767,27.691103,50.67783,8.766314,25.087196,21.12891,19.339552,34.968086,40.976894,41.24239,32.80282,28.800097,32.014374
2025-12-30 11:00:00+00:00,site_1429,318.78336,255.25954,293.3239,248.36246,225.15334,208.35654,426.88803,336.73627,445.46155,358.69583,310.81372,283.12595,80.99355,90.347786,65.08143,67.23466,57.987804,55.38763,12.615271,10.99771,11.111557,12.652503,12.317941,12.04268,2.6741524,1.9745345,2.561672,2.2466486,1.7351031,1.744397,78.513145,52.32466,9.324023,38.008995,39.50099,38.013367,35.95075,43.044395,40.656105,33.867775,30.470694,32.687073
2025-12-30 12:00:00+00:00,site_1429,317.8534,308.81918,270.28412,244.06583,229.83348,216.23969,393.4633,372.0848,372.42355,346.11047,308.36206,294.2014,67.0557,86.74671,60.588085,52.556427,51.938553,54.765156,11.742805,10.000338,8.821395,12.601183,12.639489,11.176617,2.489393,2.1712794,2.069702,1.9743702,1.6739762,1.687105,121.06652,32.258198,11.934177,69.682,62.647408,64.33201,35.338116,40.67128,41.1773,32.889923,29.757639,33.54578
2025-12-30 13:00:00+00:00,site_1429,265.29126,349.71747,270.93256,220.27725,223.691,210.34607,375.8156,459.4991,380.50342,319.06778,325.9499,306.848,55.182934,97.27803,49.822384,52.730003,53.03753,46.650455,10.398641,8.631402,8.062649,12.098606,10.778518,9.855399,2.420642,2.8888557,2.2909544,1.8360761,1.6966897,1.5627007,130.92989,12.432354,10.120362,80.61373,82.47469,69.43139,32.109936,37.561684,37.129932,27.804861,26.694958,33.27974
2025-12-30 14:00:00+00:00,site_1429,190.13875,324.1415,269.63696,246.97957,228.65663,207.33778,248.75081,503.19894,368.5962,322.5613,311.54657,318.6525,42.92581,89.993,51.09585,53.015934,42.6267,45.442913,13.625079,13.3974495,11.731681,13.269426,13.592745,12.035632,2.1246922,3.7460988,2.8248544,1.933888,1.9148114,1.6886045,125.59275,21.140535,20.473602,84.95733,85.90244,84.33849,26.71984,32.43933,31.160631,27.859743,22.70896,28.683207
2025-12-30 15:00:00+00:00,site_1429,133.69423,398.5382,247.55283,283.75748,202.65924,208.23216,210.16345,601.85333,344.43164,283.9955,311.4561,296.77603,58.72588,66.01036,49.24288,56.197422,50.586624,48.130787,15.98716,19.963934,13.635713,17.203773,20.289436,14.326836,2.328356,3.9163926,2.3351588,1.980915,1.7597693,1.5108092,80.62017,13.489511,14.349236,73.49409,72.05496,70.28871,22.995317,36.187798,36.73556,30.175144,24.906626,27.327478
2025-12-30 16:00:00+00:00,site_1429,125.29688,399.46304,250.50002,226.81296,204.57881,178.8593,193.30768,589.8212,306.14197,281.9493,284.47873,299.81546,68.37572,70.2375,51.181515,57.913166,48.60751,48.77041,14.02702,18.178282,10.519062,15.304582,15.695164,12.533921,2.710307,4.879965,2.3576086,2.0607078,1.7305824,1.5250732,43.21776,13.070418,13.268935,72.03608,75.217804,75.12357,22.15416,36.908825,32.036694,31.864502,24.908566,31.074013
2025-12-30 17:00:00+00:00,site_1429,123.033455,388.55945,197.38647,192.94615,202.60448,164.65463,227.46954,579.886,303.2895,256.19046,275.8997,295.859,77.41517,66.66546,51.228436,64.68973,61.701992,44.947678,12.735102,18.741894,10.492202,12.73175,14.324237,13.086654,2.9887931,4.8868785,2.3909953,1.9315752,1.8981037,1.5898755,24.40026,10.277648,11.297806,39.526054,54.13497,46.286488,21.673662,34.702053,36.12571,29.222794,28.10756,28.33385
2025-12-30 18:00:00+00:00,site_1429,187.44728,427.52853,223.82721,220.26065,206.75467,179.99522,469.51984,547.65063,338.29153,379.06366,355.79846,308.1513,85.3436,64.19613,42.0532,76.99973,82.61696,72.59219,25.046509,28.982138,14.639406,19.15457,21.452383,18.211023,4.2035694,3.7074432,2.0457697,2.562625,2.088106,1.8885682,6.300117,10.922528,15.719581,12.58836,13.395535,13.1983795,28.574492,41.525883,40.58322,32.39155,26.715961,33.132534
2025-12-30 19:00:00+00:00,site_1429,589.7341,332.87875,287.90372,342.49356,335.63083,282.36618,743.8338,530.0045,396.29263,473.5141,439.96826,412.06653,88.685555,60.07866,59.500645,80.662315,80.297745,68.01542,29.107794,25.923887,16.156797,24.750477,25.807806,19.434597,4.5443563,3.1155505,2.3701766,3.1819136,3.0878134,2.0598443,6.016399,13.629737,13.690099,10.981313,11.645256,11.288704,34.686264,37.679802,41.17832,35.53924,32.188805,37.737156
2025-12-30 20:00:00+00:00,site_1429,707.88916,289.5302,304.20926,341.2789,356.36142,310.36057,854.0277,522.2081,400.66977,472.15753,470.11627,464.93073,77.13122,54.40004,72.96122,67.67848,71.75341,63.367558,24.470095,19.086344,15.09231,19.688068,22.184177,19.175314,6.2479854,3.2817552,2.5301301,3.4180982,3.2717035,2.9797401,6.4090524,19.218649,13.006607,12.006024,10.17825,10.863944,41.323086,35.332767,45.60113,38.88669,33.722435,39.903595
2025-12-30 21:00:00+00:00,site_1429,591.9703,298.55103,311.96805,348.2345,328.78677,295.4082,764.9708,546.1243,402.43558,470.77383,537.3331,430.48752,68.12729,49.54535,80.94511,58.68009,57.502037,46.840538,24.18225,16.89628,16.445667,17.214573,21.163315,17.795578,4.9892945,3.399434,2.224407,3.3323739,3.2350178,3.1336758,5.646151,18.36695,11.787818,16.139687,9.121456,9.163196,38.562233,34.668404,43.66422,39.682648,36.69208,41.871964
2025-12-30 22:00:00+00:00,site_1429,578.6806,297.55487,319.9948,356.37207,319.43948,298.35718,717.5584,516.67255,406.19583,487.7042,489.56094,438.24677,51.778313,43.746246,68.63487,51.330635,43.77876,35.037815,27.221601,14.832003,17.97945,17.502523,20.862585,17.291164,5.753819,3.1056828,2.0855489,2.8440318,2.8595965,3.5791361,8.008413,21.067297,19.866287,17.007746,10.170558,10.009754,38.82646,33.20331,47.489796,39.064743,34.592606,40.03657
2025-12-30 23:00:00+00:00,site_1429,460.6299,294.83652,322.8063,329.57635,289.60684,251.16528,631.8883,444.27478,427.89282,403.60544,433.4796,354.9408,46.006264,45.019577,76.58579,45.12138,40.229744,31.122477,22.979965,13.811862,15.848793,15.488676,21.325115,15.302746,4.6138587,2.735064,2.000184,1.8775396,2.573506,2.53216,7.7022657,20.587204,24.628502,11.958895,11.401834,12.027863,36.623108,36.35704,44.430717,38.247902,34.98056,37.982254
2025-12-31 00:00:00+00:00,site_1429,463.13568,321.40875,315.06616,334.05634,265.82538,226.93843,617.3485,409.70822,438.07614,398.624,404.45065,296.2004,30.012299,46.39344,67.335396,36.85171,28.652878,27.150679,25.334475,12.204985,13.274154,15.733853,19.509312,16.33174,4.86464,2.8845208,2.0210032,1.9610898,1.9121327,3.0809684,8.940732,15.4895115,28.18751,14.4151945,16.329962,11.0987835,37.09836,43.71096,48.828285,38.355293,35.074604,36.06853
2025-12-31 01:00:00+00:00,site_1429,519.6966,351.88626,308.33633,259.45358,258.09692,197.47124,677.81976,448.75882,446.0828,412.7262,390.749,272.6134,34.109615,57.930332,68.62194,35.116077,34.398987,25.632036,26.036722,14.396609,11.767243,16.918915,22.83807,17.733412,6.087408,2.4255047,1.8966051,1.5672535,1.6526455,1.9438614,30.162716,39.75793,52.31847,30.684303,34.205273,28.170277,27.993332,37.95002,45.68416,32.606983,31.325632,34.419373
2025-12-31 02:00:00+00:00,site_1429,440.65454,309.40604,288.90527,214.94038,223.44249,166.1709,654.55133,473.1388,458.29236,375.31116,369.69196,239.76877,38.675808,94.17734,54.59906,32.268894,29.120903,24.171236,11.311646,4.919697,7.605981,4.8843923,9.231706,6.1372123,2.7888722,1.8573111,1.3381994,1.6121813,1.2558824,0.9654736,4.3519707,12.230239,48.62402,14.384524,8.95749,9.25443,33.346504,42.176964,44.14587,36.66011,30.294855,31.265806
2025-12-31 03:00:00+00:00,site_1429,497.71365,310.24084,298.95953,201.2681,225.23814,181.3949,719.7524,465.00107,461.90823,371.01593,357.94437,282.38632,40.128014,107.1402,68.09232,35.119183,29.957294,26.671816,18.06906,15.141478,9.432172,11.695688,10.676946,11.326649,5.588836,2.0650537,1.5404973,1.8195137,1.845622,1.8183095,8.573418,19.157473,52.467045,19.854034,14.923686,15.312044,38.32662,52.62687,55.766586,41.900154,37.718136,50.55016
2025-12-31 04:00:00+00:00,site_1429,441.49387,283.9259,295.9516,222.0479,212.68571,202.64435,651.62,435.26154,423.25046,341.15326,341.72382,251.33453,49.242954,93.16093,69.78996,39.543644,33.93225,26.055878,19.443811,12.02118,10.710568,11.517308,13.439566,10.44996,4.523151,2.305169,1.7720766,2.4360993,2.1719687,1.9391551,10.998222,25.251682,43.85819,25.412594,10.443173,11.639031,38.20511,46.996254,52.453728,35.298386,37.974052,39.1783
2025-12-31 05:00:00+00:00,site_1429,414.94678,275.35883,289.16934,255.66376,189.62582,201.77827,579.51587,456.61447,368.11093,330.0156,294.10324,259.89252,43.991493,81.36061,72.39557,35.65294,33.186317,30.587511,15.118972,12.385842,11.829373,10.699703,10.474069,9.082764,3.8621466,2.0607738,2.0403848,2.223212,2.3953018,1.4688456,6.3206606,22.343468,12.9330845,26.605963,13.528681,7.010189,40.43335,44.294827,47.641594,36.47168,32.38055,46.605568
2025-12-31 06:00:00+00:00,site_1429,393.40915,273.54535,268.81586,241.4456,173.46027,193.00697,521.4248,429.47403,385.2948,315.13196,256.9414,241.51611,44.11735,61.414623,64.609924,33.316574,35.27423,31.060354,10.381748,12.549966,10.77841,8.389207,11.2103615,8.148312,3.3137386,2.3063345,2.192595,2.1557734,2.1416416,1.2665707,6.6218576,27.537054,6.1996946,24.665508,8.494496,6.8800883,38.649883,43.912083,46.77035,35.27275,29.960203,40.07906
2025-12-31 07:00:00+00:00,site_1429,197.36996,254.47284,262.89914,195.90521,180.34683,179.29721,275.85394,355.59518,411.0206,285.56378,262.3023,248.67308,40.473267,44.600986,58.31258,31.849665,32.4262,24.341385,5.881216,8.192698,5.9256973,5.9088283,5.6216483,5.4774404,3.1408079,2.3364735,2.3213644,2.197116,1.7909856,1.5695971,2.4878733,37.789112,10.017923,11.502525,7.736687,6.0394545,32.93016,37.851482,37.264442,35.096897,29.403181,30.822954
2025-12-31 08:00:00+00:00,site_1429,194.65642,242.30734,280.79688,193.50264,187.25925,185.43593,255.48299,297.6497,427.40033,255.24338,259.46317,276.7551,41.50659,47.357826,53.86284,33.55957,41.963417,31.621252,8.779483,11.992588,8.873992,7.7444367,7.075554,7.170603,2.9454641,2.1545215,2.3789716,2.2976243,1.7664545,1.5568058,8.703889,53.478523,10.329963,17.968855,11.400673,11.630299,32.379097,39.686466,37.21944,31.655457,29.27076,30.021847
2025-12-31 09:00:00+00:00,site_1429,188.96747,248.53752,281.16864,192.68745,177.45906,197.98073,237.22037,305.53543,447.61804,259.43155,269.97028,271.42752,41.29578,46.62927,51.3975,37.41753,38.99279,30.249477,10.8007345,13.07698,11.574932,10.493743,9.667583,8.582779,2.7569585,2.1772187,2.6743011,2.411411,2.019481,1.5002881,6.973448,46.61461,9.211792,16.32222,13.886869,11.157902,33.347496,40.949753,39.217735,33.33619,28.97691,31.562487
2025-12-31 10:00:00+00:00,site_1429,191.9741,260.79572,297.63333,208.727,181.52927,186.23872,270.92743,319.29446,448.2203,293.96994,262.02942,262.3328,36.65248,50.28359,45.077057,33.771072,40.29227,29.856215,8.102263,9.451652,8.972177,9.026591,7.6989036,7.9049635,2.832908,2.263987,2.169131,2.1102502,1.9128801,1.4140452,11.258533,30.93526,11.288278,17.29262,14.133527,12.878513,32.548595,42.03488,37.02272,38.43914,27.527887,29.370932
2025-12-31 11:00:00+00:00,site_1429,180.90976,238.23312,257.0893,209.8532,168.47148,179.29495,237.35522,329.339,380.564,259.80292,273.92963,253.06903,40.94985,55.467873,41.491337,36.24406,42.56295,31.85468,6.4072604,6.4338517,6.914657,7.052471,6.013799,7.799452,2.7171063,2.3909113,2.2317963,2.0240815,1.7053514,1.516225,15.561236,15.1085205,9.94736,26.539696,19.668404,22.55676,31.043056,38.26091,34.572994,31.776657,26.277267,26.904343
2025-12-31 12:00:00+00:00,site_1429,174.92107,227.02603,219.11198,208.94731,149.13818,177.04582,246.62195,305.55994,324.60974,277.39713,285.96176,251.87921,40.582108,49.024033,34.691963,35.52918,35.59688,28.02184,4.7003775,5.3700976,6.1895075,6.0319214,4.9925737,6.244252,2.6983104,2.400561,2.3759942,1.8773707,1.5556879,1.6967562,16.435518,12.044015,12.155354,25.813557,26.860449,37.663776,32.46995,37.634556,35.53276,33.155655,28.579355,26.7333
2025-12-31 13:00:00+00:00,site_1429,187.25116,245.70357,203.63419,200.95662,154.707,172.49939,278.6344,329.09296,305.80023,251.61433,263.35333,263.3993,42.917843,46.518528,31.679771,36.58633,38.31556,30.35939,5.1877985,6.4651837,5.8943405,6.6426735,6.4068375,6.8488407,2.6392083,2.7548838,2.1622963,1.877367,1.6829504,1.7813215,18.83827,9.736267,14.491139,33.724064,34.4718,49.753822,31.710049,36.626778,33.487537,33.869904,27.565863,25.274525
2025-12-31 14:00:00+00:00,site_1429,211.13425,265.05493,182.29317,179.37935,137.12575,179.25116,295.35437,332.3045,284.8127,239.02829,234.39261,223.79868,47.293568,42.679638,34.41801,37.819817,43.024437,28.825872,9.298306,9.045059,9.21987,10.430751,12.053345,9.22783,2.7704473,2.4424145,1.9667766,1.9419326,1.6900285,1.9172715,21.973507,12.111041,17.02176,46.59916,38.198315,49.32799,33.23576,38.18531,32.357212,30.778206,29.148485,25.773518
2025-12-31 15:00:00+00:00,site_1429,223.82736,269.6863,186.96469,167.27406,152.51492,170.88164,334.78906,304.6077,271.42715,257.72955,229.59282,250.21858,47.499237,36.431637,33.068935,38.724922,43.669594,34.15883,11.157338,9.837303,9.57674,11.409365,16.077854,10.445857,2.8399904,2.1706243,2.024562,2.2728877,1.5853975,1.871099,21.014305,13.846314,17.438673,46.761627,40.243088,48.747715,33.385906,37.74834,31.708803,31.320656,27.3274,24.768513
2025-12-31 16:00:00+00:00,site_1429,264.7758,241.16959,184.46764,170.13037,144.59685,194.15846,364.9935,300.03827,259.54333,298.6523,225.84865,280.92188,45.112682,37.200886,28.280506,42.858875,44.89507,35.85182,9.991029,9.926246,8.7750025,10.835317,13.678112,9.811434,2.853957,2.2320511,2.1758878,2.3238184,1.7325484,1.8586005,21.304525,14.918358,20.14808,48.9752,41.527035,44.100307,33.065414,36.686832,31.052,29.837446,28.22703,25.217081
2025-12-31 17:00:00+00:00,site_1429,258.07693,233.48927,181.92297,179.15906,139.83401,190.74364,357.21295,294.4182,242.02097,327.8195,225.78442,285.7582,51.42958,39.25327,25.573507,43.971016,58.34906,38.2114,9.49848,10.398775,7.755065,10.53959,12.618371,10.174747,3.0178082,2.0061562,1.76769,2.4442515,1.7443858,1.9621629,18.784216,15.746167,23.480793,33.299286,30.177465,35.58611,33.715237,36.744957,31.320532,31.17729,28.369688,23.878366
2025-12-31 18:00:00+00:00,site_1429,286.2653,208.77994,181.86676,230.59691,139.1995,212.35785,391.4792,281.42535,233.55432,328.27716,240.47171,307.552,48.35651,34.77538,26.987814,45.193554,50.336437,40.611,9.624548,8.529586,7.7625685,10.009783,12.009477,9.760204,2.819651,1.780715,1.778836,2.7205567,1.8065866,2.196303,6.473652,13.4292755,18.655123,18.722242,16.784054,13.95976,33.794056,35.055004,32.114433,30.018593,26.817083,25.973028
2025-12-31 19:00:00+00:00,site_1429,301.6052,194.45985,191.97392,314.62518,190.95349,259.36502,417.51093,279.29678,256.99017,381.9967,324.64624,375.65384,45.516094,31.37983,34.179543,51.55286,37.380287,36.388046,11.155015,10.430552,8.518796,12.130291,11.622809,10.82653,2.886336,1.4733267,1.7287399,2.482919,1.9961156,2.2442164,5.3302336,14.048151,19.681314,9.288644,12.723778,12.453551,36.48055,33.33531,33.101837,30.47827,27.392992,24.08358
2025-12-31 20:00:00+00:00,site_1429,298.21228,194.09128,189.39732,304.38095,222.49312,288.6062,406.77805,232.79308,268.46194,395.1597,337.58685,409.2334,46.207058,37.41184,41.183857,50.919876,40.624252,35.678547,11.941963,10.936863,8.227191,13.952183,13.14153,13.581651,2.6751328,1.5610335,1.9557332,3.2299006,2.3008409,2.5500128,6.3533907,16.474491,19.83591,13.6280155,13.084865,10.340002,37.913406,32.412422,35.383595,31.84252,29.64947,28.089512
2025-12-31 21:00:00+00:00,site_1429,297.55472,176.99347,201.02985,339.42743,203.62033,314.9129,418.44476,259.86688,278.45956,352.36227,354.2205,449.24432,46.071747,34.544575,48.440212,46.979107,37.11573,36.264137,12.707469,10.54561,9.378807,14.105521,11.552225,13.907617,2.707669,1.7317919,2.1209319,2.9972382,2.5224428,2.9019399,6.5674233,16.671034,18.713108,12.107581,10.730448,7.3725486,37.41044,32.10951,34.324425,31.151426,30.461193,26.211763
2025-12-31 22:00:00+00:00,site_1429,272.20682,153.93457,189.0984,313.15613,205.11461,262.63043,377.5316,257.39453,291.53928,334.62442,348.5669,426.1801,42.24837,32.37811,50.56353,41.569675,41.726524,34.785282,12.160261,10.342081,11.785573,13.5553665,12.294723,13.56263,2.767273,1.8318921,2.2026598,2.6489046,2.522281,2.3774571,5.446279,14.723672,24.199982,8.01422,8.726086,7.3434615,36.881622,32.317238,37.202915,32.327354,29.514357,24.744532
2025-12-31 23:00:00+00:00,site_1429,282.91446,174.5893,192.47571,279.95544,190.99863,245.87393,397.35165,269.74112,312.23593,346.2824,327.57153,403.5205,37.96176,36.325684,44.752018,35.97179,36.81756,39.137337,11.565757,11.498539,11.787801,13.488448,11.918203,13.897109,2.8142886,2.0191486,2.18735,2.2580552,2.44223,2.4698472,12.081812,18.362959,28.31663,14.267703,11.198326,10.10069,36.1069,31.467924,36.123444,30.24524,27.384558,23.615936
2025-12-29 00:00:00+00:00,site_1430,383.51907,273.74542,287.04855,334.1701,210.37659,231.91061,493.92618,406.262,390.80002,445.82056,303.5993,348.00366,36.465057,34.83851,46.765118,44.39827,42.452717,39.165226,9.723834,6.0553665,8.85339,10.257602,16.686935,12.400154,3.8313923,2.373626,1.515394,2.7906942,1.6848973,2.152352,7.451773,8.058719,32.722515,7.5454507,10.022619,4.930436,69.08135,68.84633,69.18225,72.42829,54.64349,60.128204
2025-12-29 01:00:00+00:00,site_1430,378.01602,302.32266,277.41278,315.65878,196.40515,216.40921,528.457,397.9371,394.81265,428.01202,332.585,337.03357,37.474594,36.229263,47.495365,43.31783,41.457623,37.157986,10.062723,7.4529552,7.0693245,9.757393,10.238444,9.026295,3.6019506,2.4126685,1.4734299,2.85457,1.3793793,1.6496487,7.468374,9.390369,51.106853,7.463399,16.692644,10.50403,61.355072,69.344055,62.728817,74.4191,63.98566,59.406578
2025-12-29 02:00:00+00:00,site_1430,379.4962,304.03818,295.66248,313.3939,204.28886,209.04387,514.19855,422.8454,472.16336,441.56183,302.83084,313.79462,29.638912,44.962223,35.22016,34.89726,32.483414,30.010717,8.837184,5.8405027,10.226527,9.930969,7.5145884,10.190186,2.7015617,2.231453,1.5721722,2.3471835,1.1886952,1.4963713,9.6365185,22.380396,40.84053,8.283604,9.785531,11.125948,68.75792,70.24703,67.13841,64.38703,61.155552,65.25292
2025-12-29 03:00:00+00:00,site_1430,394.65186,334.65347,283.79352,246.68704,192.8432,208.21355,523.58203,392.08496,467.11597,408.87354,281.2898,294.92352,31.52247,58.696835,33.741077,34.531673,31.964457,32.019238,8.370887,7.982037,10.298261,7.841041,7.2549496,10.024467,2.3766825,2.061899,1.4209081,1.986587,0.9962492,1.3484147,6.2229705,9.835368,42.968216,7.419117,7.1446023,9.1429205,66.64318,68.663,72.79586,63.81505,54.802917,73.264656
2025-12-29 04:00:00+00:00,site_1430,335.52347,299.9601,272.92508,273.67184,188.82938,210.69182,436.19006,386.2697,416.6588,395.56833,257.2156,285.66754,30.741825,61.8657,41.752342,32.225166,32.09299,30.36613,8.208219,7.269273,7.8805246,7.730107,7.476892,9.513997,2.7464964,2.2806673,1.5872377,2.3198202,1.1488373,1.1584431,5.411805,12.61523,30.462015,5.951421,7.483135,7.119697,67.21831,74.22523,72.225914,66.67746,64.65023,59.31993
2025-12-29 05:00:00+00:00,site_1430,364.36758,326.62744,271.54922,259.65744,187.38683,199.3306,490.79736,429.94766,406.47574,367.08762,274.58237,284.06836,29.58261,55.397335,44.974556,28.535543,29.655615,28.711327,8.625195,7.7098503,7.7611933,7.6154275,7.798324,10.062205,2.6280065,2.2700346,1.8158548,1.7952569,1.1157603,1.131854,4.3908987,8.065397,14.927952,7.693986,9.581336,6.3676143,71.82216,77.10251,76.38922,72.60797,71.204315,67.373665
2025-12-29 06:00:00+00:00,site_1430,334.89642,354.70306,251.15425,249.62201,183.86676,208.48083,464.74994,472.77982,440.52518,353.7924,282.40567,291.92874,36.030357,58.161224,66.081085,37.41915,35.6496,32.57885,9.086864,8.789646,7.545535,7.9834185,7.5593443,10.7130575,2.3722749,2.25425,1.932455,1.609018,1.1916159,1.3571751,4.791075,17.32725,5.166485,9.840004,9.557506,7.041816,75.20493,76.19529,75.0796,73.02147,71.64855,58.49039
2025-12-29 07:00:00+00:00,site_1430,359.19324,340.60706,289.8444,233.01553,182.48177,219.26744,508.99838,473.3355,424.9018,330.7145,304.52744,298.90158,36.2074,53.784607,60.38719,34.24409,33.30929,32.767113,8.317901,9.142312,7.2210274,7.5622735,6.9057083,9.138713,2.507405,1.9587057,2.3008468,1.6069866,1.3216826,1.436779,4.99955,32.980694,7.3637176,9.900134,10.061826,7.3828197,75.600006,86.8989,69.74582,76.61995,82.375916,58.408474
2025-12-29 08:00:00+00:00,site_1430,330.2232,346.46515,303.1065,230.6027,203.5203,216.97412,491.6028,476.1737,472.9211,343.14984,304.47125,352.5494,57.890114,56.616272,71.00048,45.867752,46.5004,44.416565,8.574172,10.529025,8.062057,8.422063,8.890025,10.288778,2.359063,2.0093906,2.6688938,1.7321718,1.4798247,1.5313989,5.9555264,53.105873,5.522919,5.3042603,11.005157,8.550627,79.359634,76.601974,78.925095,80.0265,77.94484,69.18896
2025-12-29 09:00:00+00:00,site_1430,310.03546,292.64453,298.41568,235.69623,192.60844,212.47112,465.77267,464.11957,492.97778,349.8171,304.28348,353.8073,68.67678,61.939697,75.466774,47.072205,54.080894,47.563683,7.385779,9.908924,8.868742,7.985571,7.2787356,7.9296355,2.1535666,1.8082862,2.9917018,1.626923,1.3908488,1.3639367,11.070142,62.159058,7.573084,8.21628,14.141509,11.242018,73.6671,72.88501,73.09857,73.11481,70.09282,59.249565
2025-12-29 10:00:00+00:00,site_1430,328.1777,283.39783,300.7546,234.30534,214.25398,209.86969,493.08792,429.34335,463.81787,391.13846,340.78595,345.8032,67.21943,54.51036,62.203243,58.241734,54.92026,51.49453,7.745336,8.441757,8.014157,10.590163,8.658977,8.836897,1.9976207,1.6918647,1.9938606,1.7469066,1.458843,1.4574219,21.143837,48.22109,8.803947,15.997401,18.365656,15.595785,65.21554,68.34794,68.71719,67.551575,61.098167,54.808617
2025-12-29 11:00:00+00:00,site_1430,346.6638,279.07944,292.5966,267.8035,237.96355,250.99309,522.7296,413.1595,422.99078,403.9018,366.75415,351.17148,59.22057,62.314945,53.806877,53.41714,53.392986,52.315807,8.62702,8.265013,7.333319,10.766814,9.366448,9.053859,1.8224256,1.7506095,1.6876231,1.6126499,1.5407249,1.2880017,48.444466,31.174458,9.437433,32.58434,28.214825,26.393784,67.52539,66.871956,68.16317,61.51729,57.064713,47.94134
2025-12-29 12:00:00+00:00,site_1430,353.96323,290.88626,317.13223,264.40085,272.3567,239.05957,490.98636,492.39987,431.9384,415.23483,407.04694,360.54764,52.96769,74.958145,47.537216,55.12365,53.19928,47.218502,9.28052,8.756342,9.198525,10.820928,9.608485,9.820822,1.7724303,2.1807575,1.532754,1.6755502,1.5753673,1.4718423,82.85761,10.638705,7.680215,57.884907,48.017513,44.624367,68.628334,65.02567,69.17959,62.507305,54.5165,46.512077
2025-12-29 13:00:00+00:00,site_1430,336.68234,357.1946,297.7843,278.60742,271.80197,236.36795,495.00772,519.66486,433.3833,465.35904,412.093,355.39062,49.98935,69.381065,48.60203,49.470287,52.48644,41.764603,10.237753,10.004169,10.830666,12.429268,10.561144,10.690465,1.7228638,2.0490706,1.7880322,1.4922186,1.5217006,1.4429166,76.44183,8.589033,12.414774,50.419415,48.635834,43.476818,75.76351,70.35362,69.516655,66.359665,59.6018,51.815918
2025-12-29 14:00:00+00:00,site_1430,328.49844,359.01273,282.31934,248.78568,264.8794,225.23055,451.55627,538.25946,408.3755,431.37433,362.63297,325.8413,34.006283,68.777626,37.925457,36.126,35.154846,29.54354,10.553929,9.135923,7.121083,12.01633,8.7221155,7.932316,1.3102074,2.6146605,1.3828863,1.2281171,1.0177642,1.1917967,74.41884,8.613859,10.310909,62.915966,54.65154,56.91744,60.647,74.578094,57.918972,58.077305,54.91618,50.55871
2025-12-29 15:00:00+00:00,site_1430,274.8573,357.64035,253.32372,239.88489,241.01556,213.36179,346.43164,467.1044,402.06946,375.81403,347.70575,300.43463,40.611435,64.22587,46.19462,45.497135,39.536568,34.87618,9.582396,10.738838,8.032279,11.290034,9.77365,10.252954,1.5905943,2.9553056,1.9973955,1.4506528,1.2154385,1.1977059,49.105286,6.260396,10.872798,71.8667,57.945408,63.834423,89.71792,84.16195,74.21233,77.75197,70.2183,62.183865
2025-12-29 16:00:00+00:00,site_1430,273.99234,339.00055,245.35434,251.16869,245.6834,174.31795,366.04742,472.27066,393.60193,363.43213,336.53946,263.6332,48.425587,59.795734,42.932747,45.042564,42.713238,34.07936,9.138198,12.054674,7.345787,9.513828,9.982982,9.398796,1.6648672,2.2233155,1.8681257,1.2712221,1.350803,1.2628617,40.54349,8.185409,10.8678,61.201683,48.43891,56.592323,88.83533,84.22183,73.82172,81.775536,71.31039,63.650208
2025-12-29 17:00:00+00:00,site_1430,275.96677,342.13745,238.92432,271.49875,220.92905,174.83112,346.688,481.67557,379.88663,386.1718,352.97766,280.52533,58.371944,55.438004,41.674206,52.60378,48.10897,38.933327,7.701461,10.045797,8.275453,9.090917,8.909955,7.82475,1.9305371,2.0990686,1.7864313,1.5959864,1.5513238,1.2299004,24.155027,5.673291,12.187057,39.967857,32.722122,38.08993,82.68962,78.92698,66.66793,77.389946,66.80524,54.758152
2025-12-29 18:00:00+00:00,site_1430,299.59305,288.12216,233.63844,238.18095,208.9562,203.67876,402.61456,415.2105,358.91022,387.36533,312.60626,289.49728,54.14221,49.21733,42.18757,63.21449,53.838722,49.118504,7.6910453,10.479049,6.8836465,9.463073,8.406611,8.164236,1.879803,1.9937315,1.6635491,1.6252854,1.5603284,1.2573385,15.369606,10.448538,14.85985,17.45306,15.474646,15.627331,66.61239,60.019226,58.674305,64.78738,55.87538,46.95813
2025-12-29 19:00:00+00:00,site_1430,313.1809,285.57114,225.71707,272.5889,227.48167,220.56427,450.28787,414.55814,374.0831,428.94034,342.70938,372.11508,54.8948,47.067394,45.75422,61.702736,53.725925,54.67277,9.018124,9.8697195,8.106751,9.6289,8.789836,9.668386,1.8656371,1.75002,1.335539,1.9077163,1.7016363,1.3389444,9.155413,9.938198,12.4605465,8.851392,7.824376,11.755728,66.330986,63.23527,59.851208,61.95673,58.48341,46.846363
2025-12-29 20:00:00+00:00,site_1430,382.24454,259.99475,235.32202,289.9393,265.07422,276.28088,508.01578,394.80603,380.35422,439.4977,350.13992,403.7149,40.937252,32.86136,42.783783,49.959167,43.54431,47.54106,10.050962,10.395263,7.434703,10.553977,10.477897,10.521527,2.2641475,1.7300091,1.5013608,2.008806,1.8007956,1.8590742,6.207491,6.867704,12.008792,6.334551,4.153494,6.576157,60.136185,57.878063,56.052174,58.76797,49.071968,43.649303
2025-12-29 21:00:00+00:00,site_1430,452.71317,237.348,231.08562,308.82635,263.13937,276.13,622.3719,410.14145,381.63245,466.70563,360.4463,399.27875,40.86639,33.134773,50.111443,50.053448,41.959225,42.367725,11.995368,9.236831,8.51407,11.620258,11.776512,11.073615,2.2907178,1.7792008,1.5227166,2.084562,1.9685616,1.8046852,5.325155,7.054683,8.447342,3.6161566,4.77247,4.958644,63.849564,62.69929,59.80127,67.15502,51.879547,50.304306
2025-12-29 22:00:00+00:00,site_1430,386.90973,242.67088,264.02338,302.40994,237.6398,278.04324,531.1162,396.98505,402.04648,497.38812,334.1632,408.61334,37.765297,31.988192,57.700813,42.382236,47.767006,41.632675,10.824313,9.313259,10.782837,14.47307,11.123473,14.080024,2.654589,1.9479994,1.2875688,2.5838888,1.644338,2.0147493,5.0322604,6.968936,7.83435,2.1270595,4.5171595,6.7322435,62.78198,52.927433,56.39489,59.71772,51.4171,51.341328
2025-12-29 23:00:00+00:00,site_1430,371.77374,266.03625,278.46902,315.3557,235.45274,267.0898,515.5007,363.19788,425.61072,506.04623,340.87152,402.3692,33.989155,36.45402,53.558197,46.348835,44.31623,41.13356,9.686418,9.646089,11.326116,15.3885765,11.624735,14.735201,2.8109336,1.8157552,1.3945315,2.5014675,1.5294918,1.6680206,6.351152,8.252374,19.319616,4.609516,5.6984777,6.067397,65.532135,60.529377,61.396324,65.305855,52.77145,55.493572
2025-12-30 00:00:00+00:00,site_1430,367.1569,283.70096,301.77325,292.8547,239.84554,282.06274,441.61105,353.02756,443.917,409.229,344.29437,362.43005,45.458557,44.700954,56.887478,49.88268,56.909332,47.642242,13.503586,10.325326,12.812144,14.180402,14.619888,16.038462,2.6960814,1.7828859,1.3007759,2.3094263,1.7210894,1.9153334,8.207928,6.7593284,19.20002,4.328114,5.0967393,8.562816,70.37008,60.953587,64.30345,71.3067,55.27379,59.13899
2025-12-30 01:00:00+00:00,site_1430,400.05438,261.42114,293.47083,271.943,232.50212,256.9982,542.497,387.48383,422.8242,373.67087,373.88757,347.3806,32.92021,38.271698,39.39822,37.998493,31.537174,32.761925,11.306272,12.122168,12.480612,12.826485,12.235718,19.35962,2.521355,1.8999677,1.2406486,1.953195,1.1482328,1.8261303,5.396543,15.140421,29.029854,6.2364755,3.9603002,7.8796287,63.36569,58.9115,63.041656,67.66391,56.58324,57.57523
2025-12-30 02:00:00+00:00,site_1430,360.7662,256.71783,309.37552,277.45517,209.22343,229.51137,447.87296,346.37668,437.51126,373.08395,317.52734,340.0226,29.89839,38.13816,35.511284,32.85827,30.385298,28.87439,9.739697,10.938658,10.64634,10.22718,7.795182,17.092878,2.1489904,1.813482,1.3127918,1.4857016,1.2846,1.3589107,11.92264,18.665268,33.81474,9.010481,9.626069,12.297839,53.875927,62.807095,53.24996,48.187176,46.306362,49.268356
2025-12-30 03:00:00+00:00,site_1430,270.17224,255.85931,278.22894,249.3955,194.96107,202.82018,366.98734,365.53506,430.73148,340.90378,285.64847,312.816,30.774431,46.389465,37.378754,33.980656,26.495373,29.47261,9.711798,10.108581,10.991442,10.576368,9.060075,13.737653,2.0067515,1.8455439,1.3414807,1.4562253,1.3147904,1.0585495,5.976388,10.438647,36.41524,6.897608,6.9307423,8.734124,50.287838,57.644863,49.94003,49.160706,44.24799,44.116283
2025-12-30 04:00:00+00:00,site_1430,256.43167,235.69765,301.20496,228.59601,190.22438,197.63925,338.09613,344.53033,402.89377,289.68634,260.69678,303.20535,34.38733,44.712093,49.812214,33.53948,30.059805,29.226574,9.913709,11.234682,8.914471,10.143429,8.28219,15.139762,1.9132578,1.935124,1.3736835,1.2944373,1.3144308,0.9904727,5.726108,12.43856,33.6272,8.609276,8.826843,9.94451,46.062782,61.97851,48.374607,45.525852,47.335396,38.7382
2025-12-30 05:00:00+00:00,site_1430,247.52063,267.86417,295.17218,231.68224,192.02493,178.57225,340.69128,380.87323,407.32333,313.16843,273.8833,290.74673,36.823307,48.185963,53.629993,36.153397,28.82895,28.386274,15.121437,10.843493,10.632925,10.315813,7.504658,15.063375,1.8686572,1.7494885,1.4781467,1.3540466,1.2222999,0.9806403,2.4870021,14.86887,13.696229,7.643335,7.21652,8.177431,47.828587,53.004456,51.774353,48.118565,42.310837,44.49111
2025-12-30 06:00:00+00:00,site_1430,237.67975,278.22754,268.2836,217.41086,192.17899,181.84773,325.15408,404.17737,338.92642,295.0831,279.67386,282.16135,37.511135,38.618416,57.544613,35.5528,30.599485,31.903923,9.879081,10.5562,12.231243,10.194031,7.9093604,14.276851,1.8856133,1.775887,1.7979568,1.3963268,1.2175441,1.1894013,1.0661578,27.45646,6.439943,5.4315844,6.1097126,5.739618,51.684254,56.07502,51.01117,51.754116,45.240665,43.15607
2025-12-30 07:00:00+00:00,site_1430,223.4864,279.70013,275.59027,211.45132,186.57472,198.16992,336.12524,400.6529,365.92673,284.2851,279.22922,273.12253,37.544327,36.47715,53.943905,33.489777,32.182262,35.584526,9.945265,10.723702,11.359528,9.993275,7.4010916,11.447149,1.9724898,1.7110289,2.239377,1.447405,1.2318141,1.1030799,2.8284955,48.613506,6.423666,7.2046123,7.591953,9.107767,52.675888,51.940224,55.462963,52.445923,46.524223,42.587246
2025-12-30 08:00:00+00:00,site_1430,215.7992,245.1938,285.48584,208.83406,193.59198,191.26382,290.10516,368.4547,395.52588,296.16074,277.56442,268.0342,40.886856,38.2188,55.2934,32.37646,35.588596,34.564163,9.560355,9.927445,9.734228,8.672524,8.278623,10.476181,2.0164082,1.6833655,2.5536988,1.4732473,1.3223405,1.1534827,4.4621277,48.835644,7.102298,9.465096,7.464994,7.5705137,57.310566,57.48615,63.75669,55.38561,56.71995,47.61448
2025-12-30 09:00:00+00:00,site_1430,217.85683,239.82677,313.73862,218.3478,195.99002,195.4877,335.58008,368.88974,428.8088,300.36652,279.16235,291.21866,38.794064,33.82042,51.773407,32.21712,32.56503,32.598923,9.191648,10.387822,8.921668,8.947273,8.295234,14.175004,2.0335348,1.5652895,2.6401682,1.6348318,1.4521888,1.1956283,5.754325,50.49403,4.778935,8.297412,6.9885693,8.906666,64.23396,62.08036,64.1729,58.8691,60.092476,52.264557
2025-12-30 10:00:00+00:00,site_1430,246.266,223.88226,313.52646,208.49498,218.91577,233.85579,390.41904,343.86108,466.8557,295.40326,295.3686,325.049,59.559624,54.0309,61.99655,43.869614,41.517258,42.280937,9.881841,9.060632,9.869611,9.754618,10.000573,10.131034,2.0468843,1.5280778,2.8358436,1.6245664,1.3500555,1.3034022,11.192926,50.840492,4.7974105,14.780893,15.938422,9.847123,63.664803,61.8677,65.85964,54.109024,61.614124,55.350235
2025-12-30 11:00:00+00:00,site_1430,296.22186,232.83739,300.7196,212.09245,221.06618,235.64647,454.45178,341.66586,463.8291,351.4077,318.30112,295.33475,66.709236,63.546227,52.51212,50.96098,51.61067,50.008892,9.991666,8.236511,8.091681,10.740255,10.899894,9.706254,2.0027843,1.7865686,2.6707103,1.4781767,1.3874875,1.4384077,27.175232,30.704681,7.0742517,20.218227,20.064983,24.170656,55.191383,50.97328,60.519894,54.427284,48.169556,45.940666
2025-12-30 12:00:00+00:00,site_1430,332.862,253.55754,292.4236,226.34825,239.16078,229.42621,451.5305,371.4852,419.95242,352.48914,336.87177,311.74225,49.49203,60.268612,50.584007,43.227364,41.832794,45.34637,10.112031,8.306833,7.31626,11.599781,9.561068,8.711285,1.7426684,1.645765,1.9888188,1.604669,1.4844646,1.4654211,47.228798,24.769493,12.771425,39.316788,36.211887,40.266685,55.18664,49.956932,54.099953,44.734493,41.217957,42.06061
2025-12-30 13:00:00+00:00,site_1430,293.21783,277.71365,293.71747,223.38683,223.17828,230.84029,393.742,417.47177,393.6859,338.96478,343.1088,328.76605,40.24212,63.061455,52.8371,40.293304,42.023228,43.694794,10.269204,8.499591,8.871639,11.883906,11.203654,9.426366,1.4925271,2.2621095,2.0227888,1.3969109,1.4682432,1.3878272,58.105118,11.627443,13.752292,50.49772,47.718513,57.41911,54.362087,50.385693,54.534496,47.608105,39.982075,42.177544
2025-12-30 14:00:00+00:00,site_1430,263.59213,304.03552,294.1577,227.97798,222.68884,220.4161,361.93686,420.4627,364.94656,326.30826,330.03885,329.25204,42.002632,77.93871,46.6825,46.043983,42.151344,44.268536,11.009721,9.261324,9.109544,11.976212,11.469571,9.89457,1.5003775,2.6623018,1.6690859,1.3700187,1.3847679,1.2837101,79.80029,10.973668,14.65852,77.563965,70.206314,71.35914,61.50947,52.42339,52.015785,50.51105,43.31823,41.639736
2025-12-30 15:00:00+00:00,site_1430,261.8701,358.372,320.3928,236.13177,235.64653,234.64929,377.55283,470.79477,381.04877,354.31845,300.7199,324.56375,44.099773,79.5953,52.6631,47.70419,41.908195,45.43568,11.359463,11.066646,10.056294,11.674928,11.509723,14.153092,1.2150518,2.3885984,1.5051404,1.3404845,1.1653872,1.2389039,81.57677,12.122871,16.266603,76.006165,66.34922,77.07087,65.10509,60.775093,55.4446,55.48224,50.17218,47.860886
2025-12-30 16:00:00+00:00,site_1430,215.51697,354.20078,257.4978,258.0721,223.00986,214.47168,319.53482,473.24268,340.35498,337.47125,332.85944,335.04474,54.017735,69.35872,51.219097,50.308468,44.966534,50.062756,11.560923,13.351638,9.568838,12.087194,12.560217,10.331026,1.3039408,2.9756536,1.3505993,1.2253422,1.1637352,1.1180557,59.81067,9.407174,11.596885,69.71442,62.83053,76.30343,64.03727,62.809025,49.094746,59.936996,52.67301,48.9998
2025-12-30 17:00:00+00:00,site_1430,223.82285,341.82565,255.48615,247.97429,212.00598,215.64967,325.2885,489.3668,328.83243,337.35226,334.45663,328.24338,62.725697,59.218414,47.975685,57.20931,61.458805,46.65609,10.781014,16.704834,9.054002,10.277724,13.000416,14.649345,1.6573582,2.3696299,1.2782841,1.3318349,1.2585042,1.3131661,28.527641,7.591463,11.5963545,39.948593,40.362755,49.29283,72.1902,70.548615,58.987717,67.94519,63.24043,54.037277
2025-12-30 18:00:00+00:00,site_1430,259.99344,322.30078,226.99953,253.74336,219.17642,169.11581,366.32397,432.27646,313.95044,348.33987,354.21237,317.5058,57.051308,50.52982,37.182438,69.83644,67.40995,57.153984,12.667711,17.246334,7.83167,10.38718,11.695981,11.60287,2.344555,3.2606423,1.8850871,1.9938517,1.4658897,1.5943569,10.603874,10.47593,13.597882,16.084703,9.32102,10.671085,76.358315,71.15125,60.343937,71.617294,62.556156,54.815067
2025-12-30 19:00:00+00:00,site_1430,319.60736,321.7061,247.00247,272.62836,241.16168,241.41455,460.15143,405.53384,404.94098,384.56635,354.06674,370.3558,52.548832,42.015106,40.201893,70.79552,53.734238,58.29181,15.18334,11.978858,7.528232,9.588075,11.403196,13.273528,2.5633287,2.9770205,1.7218039,2.1090596,1.8087665,1.7744744,10.308278,11.540355,11.765497,12.336719,9.45742,7.296622,68.37937,62.466072,56.166332,63.71558,55.131577,52.15203
2025-12-30 20:00:00+00:00,site_1430,342.7577,315.30276,281.7099,292.52194,262.794,264.18036,416.02078,370.92023,386.9824,421.91644,382.30444,344.66724,51.112232,38.03883,45.823235,65.54361,49.65826,52.80154,13.640112,10.770242,7.778843,11.648765,11.920579,13.04482,2.007538,2.2480114,1.451587,2.2574677,1.922596,1.9544675,10.267557,9.694738,15.462552,12.759805,9.821118,9.183865,62.09592,56.13854,53.8012,59.787704,49.5338,50.55394
2025-12-30 21:00:00+00:00,site_1430,360.27097,291.29938,287.13412,313.2523,260.5832,304.6654,481.23376,387.7662,414.40494,405.80246,430.03873,321.61218,38.162766,31.75863,49.299397,48.226074,43.084965,36.27868,11.444361,9.271267,10.009363,10.672561,14.280368,16.057247,2.679957,2.3763592,1.6038393,2.580503,1.4747195,2.356334,8.174032,10.52583,6.514617,8.061061,7.902279,7.37364,59.492905,50.760212,55.304176,63.00585,49.451355,49.966232
2025-12-30 22:00:00+00:00,site_1430,422.12537,317.1104,326.76456,333.90494,258.32712,275.1586,592.7498,428.49142,457.9324,412.771,406.79,354.74445,32.820198,32.41708,46.427578,41.44233,39.891434,31.73283,12.094225,7.2417293,12.268094,11.932195,12.936101,15.950891,3.1898005,2.5185444,1.52267,2.2433517,1.9782267,1.4765488,9.609967,13.119469,6.028929,12.810386,9.1597,8.411182,66.23602,58.495937,67.576385,67.128136,54.076588,56.335766
2025-12-30 23:00:00+00:00,site_1430,427.51523,315.174,344.9233,333.34872,252.31752,269.22018,624.8296,417.71362,466.11014,391.96878,359.50998,345.69073,18.196232,25.290474,52.174995,26.554422,30.627644,26.141085,13.120903,8.7503395,12.4416895,9.207316,9.681334,14.302191,3.194463,1.9744673,1.6699305,1.8307382,1.8729532,1.6430633,7.7466645,13.009128,11.660441,4.135041,10.084143,7.6103816,77.08825,67.75458,71.53434,71.9508,64.62707,62.300533
2025-12-31 00:00:00+00:00,site_1430,385.72766,287.98294,353.06378,326.63745,222.3048,226.80331,516.1855,377.48102,518.1325,383.45453,364.02063,285.88208,22.579983,31.688036,43.878498,25.10089,29.600088,25.742313,12.648998,9.025027,12.370613,9.305476,10.097626,15.028798,2.6710114,1.8405565,1.8311814,1.8521365,1.6506921,1.62846,6.7829943,11.372458,12.792861,6.109682,14.530828,7.9041066,75.32457,64.38064,72.707214,69.08195,64.362366,63.14949
2025-12-31 01:00:00+00:00,site_1430,381.11807,294.5727,349.66446,301.0567,244.48935,200.02708,510.58792,341.96375,473.97354,388.1932,345.3422,255.72426,21.379665,29.262386,45.445045,23.278902,29.889065,20.326166,10.866044,8.758399,9.158106,8.304543,14.533496,14.024867,2.302934,1.8249304,1.7782568,1.9734677,1.3747457,1.4153113,11.006465,12.276143,27.064491,14.068267,13.324833,12.601064,71.229805,65.67194,73.92135,71.73821,69.986,57.42339
2025-12-31 02:00:00+00:00,site_1430,351.40906,300.85522,309.31296,282.3015,226.59244,198.68037,459.36362,341.0767,415.01282,336.28937,308.3975,238.25941,19.222126,35.41811,36.529053,23.069643,31.008831,18.280022,9.182094,7.2898607,7.757818,6.813364,11.255143,11.069245,2.2567034,1.6750349,1.4107925,1.9427774,1.1578507,1.2304872,5.356427,12.539649,33.586014,8.445038,5.856245,7.624382,75.605515,62.81969,67.09428,77.28401,70.318695,63.588158
2025-12-31 03:00:00+00:00,site_1430,299.9448,242.72856,263.03036,263.2908,234.46951,196.50908,400.62958,359.60535,399.31207,311.6989,308.13016,276.39337,27.734755,37.797173,41.546745,26.772726,32.318535,25.292253,8.104371,8.616696,6.8986535,7.206658,9.117209,11.794961,2.020074,1.9651108,1.5135254,1.8957112,1.2101835,1.2578974,7.857395,9.311712,23.173248,19.444502,8.19194,11.810413,75.93589,75.27939,71.14867,75.93866,64.84777,70.64524
2025-12-31 04:00:00+00:00,site_1430,332.86496,273.82794,261.8602,250.00052,222.76764,219.93686,418.3978,402.68723,375.3014,333.12997,343.20166,312.334,23.753962,41.879784,37.24498,28.862463,37.841118,25.19867,10.090324,7.917469,10.242129,7.3747272,13.216104,13.721328,2.070836,2.532214,1.6574551,1.9116488,1.6380635,1.4254645,15.28834,12.814329,22.271553,24.246672,14.783219,14.279734,57.789314,77.37926,75.718056,61.940784,51.469395,56.54603
2025-12-31 05:00:00+00:00,site_1430,312.1364,268.71442,255.79013,282.83643,214.80734,234.95744,456.854,435.2292,399.85098,317.9366,317.51544,305.1799,21.877989,37.76996,43.276543,24.546162,29.929039,27.20203,9.1916685,8.877471,11.469115,7.988606,10.176913,16.34725,1.6439954,2.0054798,1.5972453,1.6613725,1.5915245,1.6996164,8.654146,24.431515,11.654106,20.704401,20.628878,12.754089,53.328884,71.244484,71.85663,61.60659,43.024216,53.78582
2025-12-31 06:00:00+00:00,site_1430,187.96626,234.61145,221.51512,214.92688,206.2571,212.51138,276.57303,384.47003,384.80624,285.97937,313.55536,313.16345,28.355364,36.10066,51.12149,30.249613,33.517567,27.722128,8.275019,10.932452,9.795531,7.3624487,9.358377,11.348394,1.5538605,2.252585,2.017356,1.7569857,1.8558875,1.6985635,7.2943215,29.45716,8.548525,22.80388,21.075653,11.128557,57.446064,69.003235,66.36039,59.147366,50.978973,46.79277
2025-12-31 07:00:00+00:00,site_1430,243.12895,251.34607,266.80295,215.64085,201.89589,206.28645,374.84152,380.72937,389.83493,297.16373,290.03775,311.65668,34.535477,42.951035,56.820496,32.42678,37.356644,25.036087,8.847987,10.574229,8.003618,7.290681,10.526728,12.746959,1.6567534,2.3079293,2.0621572,1.5506549,1.7965084,1.4187714,8.068543,41.35323,12.714018,21.834314,16.234976,8.998076,59.003063,69.99475,67.280655,62.10507,55.227634,47.083744
2025-12-31 08:00:00+00:00,site_1430,255.60797,284.6691,327.62833,194.45006,203.01715,228.32315,361.88724,381.35904,397.3478,309.67465,280.5607,292.80075,35.12626,40.448223,57.380146,30.134907,31.01334,21.500874,9.613536,11.219953,6.969027,8.075677,7.3418403,10.977181,1.8340757,2.416187,2.0827506,1.5123037,1.8065938,1.4474859,10.07732,36.284096,7.253858,22.525957,14.499485,6.390534,69.1498,71.02652,68.87121,66.5988,61.4337,53.096893
2025-12-31 09:00:00+00:00,site_1430,286.78256,244.73523,338.54114,186.16962,170.27895,196.24098,433.571,401.2487,433.63013,341.29483,285.58493,276.79654,43.537136,47.231533,56.559708,35.782864,37.901886,32.747307,9.403534,11.594835,8.636899,10.251874,8.131174,11.678767,1.5599536,1.266838,2.3382437,1.1848541,1.4260995,1.2405059,12.59772,56.849407,8.872224,24.530867,9.4645405,10.403145,74.02463,76.990395,70.20622,71.72867,57.26678,49.2238
2025-12-31 10:00:00+00:00,site_1430,207.90654,267.21454,367.69543,221.92198,217.86401,224.24232,306.47922,349.35663,392.05762,333.48404,301.64627,294.25116,77.170006,73.50758,66.06597,73.64369,64.35964,56.211166,12.225809,9.271755,13.153224,11.384727,9.073547,8.415397,2.3408775,1.762192,2.2603228,1.8650656,1.482517,1.6419338,14.299894,29.785936,15.922288,31.783535,14.373914,9.834004,94.230316,108.55909,85.87335,87.51673,78.29404,76.02219
2025-12-31 11:00:00+00:00,site_1430,381.04236,283.05963,393.95242,286.39926,229.45938,221.99622,451.89813,397.06253,427.8312,266.9629,283.34842,263.50565,55.482033,71.21897,48.26687,53.235035,50.710743,46.23126,10.450905,10.39488,11.254938,11.4588585,11.536316,10.542963,2.2138844,1.826419,1.7539546,1.7482481,1.6735384,1.2027019,18.082182,22.182394,13.674202,30.794891,19.72004,19.662933,98.18969,85.67429,77.221085,88.9225,72.54996,75.05755
2025-12-31 12:00:00+00:00,site_1430,307.643,302.39542,339.12567,256.78592,202.4507,202.57938,350.59897,342.92477,398.4114,299.2637,301.89615,237.17363,46.61527,64.898674,41.886967,54.523636,39.01249,36.25067,8.797588,8.074683,10.973565,8.961624,9.637845,10.474701,1.6351267,1.8046263,1.6344153,1.0627027,1.5391214,1.2086817,19.958525,12.249743,11.377234,35.168663,27.143986,34.281258,73.58286,59.458973,55.670525,63.778927,55.283607,47.097927
2025-12-31 13:00:00+00:00,site_1430,259.82495,271.50305,299.5583,202.25775,191.57277,190.6781,340.29178,391.04727,349.92126,273.5776,321.14984,255.5103,47.131714,54.58843,40.25786,43.797325,38.154114,37.08362,9.025263,7.4029493,9.148416,8.144474,8.141485,10.818357,1.5829312,1.8626355,1.4660761,1.0531029,1.4611522,1.131702,22.439026,10.021132,17.757996,40.414658,33.257843,49.122715,69.47309,48.48425,52.968884,62.084526,53.55884,44.969658
2025-12-31 14:00:00+00:00,site_1430,260.40137,270.20825,277.26807,179.70897,157.62117,178.75244,339.75687,361.19186,294.0522,300.67285,255.69218,248.45082,46.092175,49.291534,35.80894,42.18419,34.824356,34.267467,9.042058,7.918444,10.040786,8.933326,10.180062,10.422646,1.5443556,1.7291404,1.7598301,0.68446714,1.4144254,1.32889,20.760553,14.783522,21.89343,44.317963,37.83025,53.131615,69.143394,51.255993,66.478264,63.88223,49.547234,43.906715
2025-12-31 15:00:00+00:00,site_1430,251.27724,298.96228,241.20502,173.03871,158.49059,189.11275,343.19086,367.54364,289.65546,281.7994,225.5954,256.2944,48.012493,49.233093,35.491913,41.930275,29.961327,26.890022,9.671063,7.931031,9.783339,11.516811,11.118675,9.990486,1.5114421,1.868774,1.5311313,1.1525453,1.3765477,1.1547298,17.855421,13.383949,24.369703,37.47091,40.26877,51.589363,69.80305,58.123714,61.193096,52.935642,50.542213,48.00924
2025-12-31 16:00:00+00:00,site_1430,289.67242,273.64084,236.56122,201.95044,182.73352,208.1007,371.49524,365.2059,254.60258,281.25995,245.59926,322.83786,42.55682,50.77944,36.309696,51.55963,42.550484,36.675766,10.386452,7.1279936,9.791265,10.69028,10.255222,10.122546,1.650158,1.6278502,1.6456819,1.5150508,1.3457385,1.2173841,12.528174,13.86827,24.413223,41.306446,35.67109,50.478848,70.0472,57.359356,54.50812,56.01753,50.85413,45.120655
2025-12-31 17:00:00+00:00,site_1430,287.4903,269.94302,234.59032,200.0869,161.49968,211.21048,406.17877,358.3522,271.20172,314.56168,251.36562,294.69598,46.77945,49.36057,34.20251,59.529507,41.641655,41.62338,11.40558,8.27215,10.034101,9.879256,10.755695,11.090434,1.7525262,1.3063387,1.5209662,1.661694,1.2975539,1.5720527,9.57675,15.340094,25.745884,28.853247,29.774324,34.424393,69.12237,59.02608,43.0226,53.448933,52.950535,40.98833
2025-12-31 18:00:00+00:00,site_1430,289.57428,209.04944,230.53644,233.93193,162.41316,211.23772,425.23688,335.8854,269.51294,327.3382,263.0554,309.6175,48.96555,41.654327,32.106716,65.47897,37.271244,42.148037,11.082976,7.244937,10.082236,12.393932,10.1707,10.503552,1.8786917,1.3523045,1.3743453,2.2322369,1.4334981,1.9350444,7.287685,13.367648,26.105787,23.124073,16.459797,21.180452,69.422516,59.503662,40.56035,57.20706,49.458794,39.64427
2025-12-31 19:00:00+00:00,site_1430,335.0307,230.53357,254.71419,289.94525,188.23882,244.66222,434.22565,352.31403,270.2127,369.00214,298.49896,369.59427,47.416992,41.0812,33.043755,64.23971,36.40353,42.16844,10.66432,8.7065935,10.480758,9.194,11.133716,11.395938,1.9717422,1.1210442,1.4398849,3.6862972,2.006101,2.724553,9.547976,15.177795,23.012875,13.376093,14.165327,16.519686,69.24405,61.965652,45.628983,58.68445,46.84875,37.423626
2025-12-31 20:00:00+00:00,site_1430,328.9154,208.62808,269.1809,328.9593,228.46075,292.09155,468.2374,320.28345,300.12747,419.2153,275.73807,418.83185,47.15206,41.628326,41.314816,75.44936,43.95711,47.20418,9.622437,8.124119,10.913755,11.366489,12.012742,9.155622,1.9057114,1.2484195,1.387609,3.5844681,2.1022556,2.8907492,12.605392,19.387636,19.599354,14.137251,13.982073,15.880828,74.67672,69.203835,56.674572,64.414474,45.84175,38.90972
2025-12-31 21:00:00+00:00,site_1430,314.75323,211.46475,260.60687,308.90802,202.47108,314.76907,446.3245,338.25076,309.2224,418.39435,292.85843,410.88376,45.978893,39.21542,46.438858,72.838356,43.836185,42.572273,8.423042,7.719077,9.524443,10.444827,12.507318,8.372828,1.8401948,1.1491445,1.5201962,3.1742392,2.3213837,2.9731581,13.06976,18.744831,18.252743,12.886371,13.30635,13.565535,64.01199,53.267174,48.344643,57.242252,47.964767,40.64739
2025-12-31 22:00:00+00:00,site_1430,289.35312,223.03473,255.99066,306.808,197.8668,318.30347,432.23462,370.53665,319.04187,398.12213,305.55725,405.97495,48.388958,35.393894,49.172466,77.1864,48.497253,49.271137,8.658847,6.9740458,11.297116,12.437896,11.949003,13.106566,1.5484772,1.2639158,1.5105735,2.2182753,2.4302852,2.1448653,14.965733,22.300383,18.630075,18.657074,11.66007,14.303431,64.50396,48.368156,47.043575,57.159084,46.231403,40.29247
2025-12-31 23:00:00+00:00,site_1430,278.29904,224.64995,225.88538,286.05878,182.56244,280.77716,405.0705,361.16742,315.6703,370.3667,304.05322,364.24805,40.40959,42.712353,51.292656,63.98947,50.1146,43.80942,7.942225,6.654198,11.917517,11.069317,10.817506,11.365813,1.5448291,1.3040445,1.1239905,1.9116112,2.458353,2.1254697,12.951063,19.086962,22.163088,16.575039,14.401005,11.545467,63.846645,49.34495,49.2765,55.4119,49.882393,40.530327
2025-12-29 00:00:00+00:00,site_1431,452.8017,220.85446,276.75238,266.31766,259.77643,237.04575,511.34018,370.4717,412.77255,446.2593,345.36212,295.70203,58.96298,56.49486,67.55899,57.994423,55.288074,48.384018,8.668394,6.0898776,7.698576,8.340536,18.044878,10.355313,3.658829,2.3706791,1.8312666,2.112005,1.8785084,1.990493,6.9307475,5.9539843,33.30237,5.515543,5.85722,9.413682,84.33283,68.149414,66.57088,77.39465,58.773804,60.339615
2025-12-29 01:00:00+00:00,site_1431,355.85645,224.77005,242.57614,278.9838,233.53503,227.22575,400.44205,327.28513,403.7923,382.57455,363.78128,314.51987,48.935215,47.49896,57.433838,50.25147,52.265488,43.744408,8.449873,5.644386,8.216243,8.31437,11.533627,9.065633,3.8379118,2.0924556,2.0603755,2.2049341,1.6622006,1.6067271,2.6518085,7.7919,48.653908,6.0104895,6.481311,10.381422,71.730156,65.8856,64.29991,76.57552,54.356266,58.609142
2025-12-29 02:00:00+00:00,site_1431,391.33847,255.60426,226.44815,303.1453,263.73755,243.7052,513.7647,401.76132,394.24268,373.98184,321.26547,344.70587,49.46366,59.72218,55.53831,52.77181,52.338345,50.346348,11.474474,8.473501,11.903774,10.266877,9.953604,9.797047,3.1458447,2.257527,1.9170287,1.77369,1.5452374,1.1995568,3.467324,13.586496,53.655952,9.884091,11.236857,12.117056,65.3292,68.265976,55.794556,68.35217,62.194218,63.193268
2025-12-29 03:00:00+00:00,site_1431,290.12976,242.78175,262.74384,292.6265,218.6735,208.70462,364.58102,373.91125,440.0859,366.9103,314.8856,293.5267,46.278996,71.764244,53.67557,52.69615,45.156727,43.537647,9.795453,9.4638815,11.210233,9.923688,8.60292,9.274066,3.6538203,1.9586341,1.9772868,1.9731165,1.4889666,1.5667192,4.443384,8.213673,42.577347,9.16471,7.7703595,11.8720255,68.36835,67.8707,60.62021,65.931984,57.85186,50.660698
2025-12-29 04:00:00+00:00,site_1431,338.14102,278.364,254.53513,271.6259,258.89395,233.99713,478.8499,373.63025,369.71524,361.04166,320.22626,298.03156,46.957455,74.19561,52.393555,50.87676,43.364563,41.863663,6.791092,7.5516405,12.676142,7.662237,8.116213,7.179928,2.9817338,2.3466115,1.9695178,1.9454741,1.3112206,1.4866087,2.7945287,13.259147,32.25855,6.731332,6.947409,11.336751,68.33065,68.10721,62.250637,67.17668,62.85006,63.747578
2025-12-29 05:00:00+00:00,site_1431,316.87064,300.04373,246.02098,234.11972,254.362,202.65614,531.4236,404.19858,360.6624,353.1099,315.79172,320.81836,52.237522,83.70549,72.938675,44.92661,43.63051,40.704617,6.6777387,8.384834,8.942913,7.0331783,6.6488338,6.823611,3.190106,2.3889651,2.0299914,1.707092,1.5190634,1.366441,4.364039,16.221697,7.4387774,6.767191,5.5373707,9.079903,72.43393,82.71768,73.749535,68.549545,62.23264,68.55839
2025-12-29 06:00:00+00:00,site_1431,296.05338,325.71213,260.18494,242.8899,207.70245,186.69763,352.1303,415.84457,443.3733,328.85974,303.56442,291.5704,56.865303,73.8238,85.46196,47.066956,51.122982,40.986996,6.5630255,7.623414,9.507694,6.785656,6.4658065,7.3564534,3.4953563,2.4187295,2.4103258,1.6805404,1.4195452,1.4794166,2.841824,19.443304,4.9520407,4.82207,7.3029976,6.746565,86.28189,93.067566,79.34622,87.25628,61.592136,56.902466
2025-12-29 07:00:00+00:00,site_1431,292.87927,301.27768,262.95032,223.7053,196.52417,205.64444,373.51813,430.732,462.55408,301.39584,308.37363,344.89023,58.46469,66.793236,75.957504,48.308502,56.154278,45.25436,6.792333,10.49442,7.7704244,7.3756595,7.09921,7.7833505,3.2030606,2.4756556,2.3009212,1.9741871,1.3618745,1.7820029,2.5947456,29.799623,2.7200553,3.1754432,8.381183,6.0396934,78.14355,77.34492,71.47878,82.31147,62.035713,58.31245
2025-12-29 08:00:00+00:00,site_1431,287.3166,287.56296,261.97632,243.76622,192.5961,206.38048,354.9708,403.35513,431.56512,292.46387,300.10208,349.61047,65.42911,61.505615,72.86907,53.62623,54.23078,47.372818,7.569154,9.818616,8.282772,7.851647,7.7797093,8.171297,3.2160976,2.45912,2.384931,1.7742571,1.4516575,1.7796031,6.3310237,41.24692,6.324534,4.3922086,10.086599,11.22815,71.76219,74.2724,66.54431,70.72295,58.445324,54.816093
2025-12-29 09:00:00+00:00,site_1431,256.20355,277.087,297.23676,232.70515,215.1686,215.61977,327.82925,371.95688,441.20508,309.2558,329.54404,348.30936,68.395996,54.23982,66.25792,50.9669,56.155365,48.724358,8.9676895,11.379768,8.166048,8.681571,9.840851,9.234351,3.0523796,2.2018635,2.6565368,1.8392171,1.6046805,1.8085281,8.08899,47.696964,6.493451,9.117924,10.751021,10.566447,67.25389,71.3112,63.38666,67.02223,58.541275,55.464825
2025-12-29 10:00:00+00:00,site_1431,254.5741,245.17587,290.7751,243.89314,232.83986,226.51651,328.1574,313.27737,437.98666,318.1864,336.66434,347.09445,69.987976,59.992386,65.947464,61.71802,59.9031,50.630608,8.33065,9.259212,8.487598,8.924474,10.7338915,9.495505,2.9063175,2.0733209,2.093625,1.880525,1.5650153,1.81796,17.44841,36.246178,7.684699,16.577904,17.429735,15.130854,62.453182,62.807064,61.123524,64.50949,58.026375,52.97064
2025-12-29 11:00:00+00:00,site_1431,255.9477,245.18182,256.8951,239.54637,242.13155,225.2483,326.55212,299.4769,410.8054,358.63046,328.00162,317.87732,62.572113,71.34538,54.001232,61.1984,54.89268,52.275955,8.600899,8.28769,7.8426,9.732805,9.719234,10.0624485,2.8386683,2.1459324,1.6878145,1.7473649,1.6520088,1.5692588,29.8669,25.894579,7.72468,24.696207,28.127214,29.584633,60.45451,62.81493,60.542118,59.505627,49.98758,45.936207
2025-12-29 12:00:00+00:00,site_1431,270.59882,257.53714,273.9217,270.33963,266.3159,240.8967,328.2985,362.57703,439.9034,377.89105,399.31418,355.18686,50.35062,59.61602,42.115173,52.721085,48.67279,42.752804,7.144956,6.3628807,6.2933583,8.701945,8.501395,9.484699,2.6655107,2.1952467,1.5982538,1.982955,1.7371489,1.7478602,53.06657,11.823045,11.789173,41.618416,42.202877,43.518394,64.41776,64.44414,57.67461,63.119514,54.405052,43.816658
2025-12-29 13:00:00+00:00,site_1431,253.1072,287.4259,285.798,296.07147,278.82806,244.8517,327.03656,412.61148,456.5577,394.38916,401.85883,372.57773,49.795235,66.92318,46.03417,54.656483,49.49611,45.105324,6.287354,5.857821,6.609103,8.412966,7.2031784,8.919557,2.6740391,2.594547,1.6088202,1.9332653,1.7176455,1.5691209,72.080215,12.16239,15.123609,57.86287,55.055393,57.57098,68.16149,66.47662,61.542076,65.593895,54.844475,46.57787
2025-12-29 14:00:00+00:00,site_1431,247.92488,312.92407,278.74335,298.9506,266.1701,237.60445,332.83862,439.89685,423.5048,393.66507,389.82767,376.18225,54.004425,70.97099,49.515175,58.648125,54.51199,45.511276,5.9299483,7.0405307,6.6330256,8.272861,8.18766,8.068729,2.504886,2.8343635,1.8190863,1.8014857,1.6000764,1.5256516,96.500404,10.312521,13.276939,69.35433,62.01607,69.74277,74.873985,75.81399,59.83742,70.74023,57.989895,52.7872
2025-12-29 15:00:00+00:00,site_1431,263.7425,365.83527,262.02518,320.80807,253.25417,230.08844,322.5476,511.51584,378.2225,399.45673,348.85748,341.23236,75.46922,79.96908,56.350586,70.90015,57.109825,49.48422,5.483927,7.3219047,5.217706,7.9315457,7.089301,7.7351766,3.1494703,2.8214447,1.9152329,1.9324671,1.5513451,1.6636367,65.40001,10.66055,14.800004,72.72324,66.295105,62.15177,77.46214,77.20299,62.0417,73.09074,57.105682,55.9921
2025-12-29 16:00:00+00:00,site_1431,286.94208,342.10004,246.95361,247.47551,233.30501,221.78784,369.22937,509.97107,382.6591,413.8079,334.42972,322.50238,82.94932,72.58188,49.87668,68.135284,62.355762,52.792538,6.881987,11.240631,5.7417817,9.378771,7.980479,9.586458,3.4827633,2.9306443,2.011998,2.1875997,1.7441986,1.71063,26.666018,8.197391,16.761469,43.14409,38.02637,38.14828,72.49577,79.90157,59.978504,73.668625,56.90188,54.470734
2025-12-29 17:00:00+00:00,site_1431,345.29138,368.54523,255.61656,263.69235,225.98466,197.35866,442.50974,505.03082,365.2869,378.58542,339.9909,305.79138,93.78424,62.68588,47.639477,74.766464,76.19811,60.1759,8.362952,12.420368,6.7807317,8.982643,9.969969,9.116238,4.644017,2.7617192,1.7983577,2.2336318,1.9338597,1.732169,10.538997,10.033654,13.952972,25.329124,26.260471,24.641191,69.46319,67.09972,57.200928,63.029476,54.198326,49.631245
2025-12-29 18:00:00+00:00,site_1431,356.1495,317.44116,255.7661,267.19025,212.49216,197.54109,450.33484,438.8647,375.58932,403.02628,342.1983,283.6852,74.58128,59.660748,49.1312,76.26189,79.28696,60.164864,9.486273,9.884742,7.51733,9.733993,10.138575,9.99312,4.37089,2.6420772,1.6684245,2.152579,2.047593,2.0107875,4.8762302,9.773532,13.372556,8.774951,7.5125904,7.8149366,65.57275,59.55323,53.74997,61.12039,51.544712,47.62408
2025-12-29 19:00:00+00:00,site_1431,316.60834,275.37024,248.08392,276.34018,239.39691,228.50317,419.27393,375.36087,369.24316,437.84137,421.62375,341.8119,65.053085,50.35623,49.766582,67.63462,67.472496,57.091343,9.049122,10.224454,6.5357594,8.853639,13.193191,8.792321,4.28597,2.6474724,1.5801907,2.2670822,2.228702,1.9265604,2.6159668,8.677321,8.467022,5.549326,3.189693,5.5788474,60.710094,58.41579,53.169765,58.587364,49.052597,44.97831
2025-12-29 20:00:00+00:00,site_1431,282.67023,237.0648,246.30399,292.716,243.57478,285.4675,366.05936,329.40598,347.96234,423.65808,399.2992,372.30313,57.839603,45.115017,56.016422,66.86249,65.53502,53.717907,8.532144,9.109482,6.151339,11.477062,9.533639,9.579929,3.8795938,1.881095,2.0366511,2.3925545,2.7516906,2.3418288,2.6458304,6.296533,1.4020354,5.0003047,1.3078903,3.9129431,68.13039,62.643177,53.936882,71.221466,58.12804,50.18708
2025-12-29 21:00:00+00:00,site_1431,299.69577,224.69551,279.20145,284.17435,263.9096,283.83047,386.93005,317.33627,408.58218,375.90372,396.05295,370.28326,55.089836,48.490215,69.10735,59.219727,56.93038,41.684944,7.2836757,9.958939,7.542151,8.872998,7.71786,7.5458264,4.0419984,1.8000886,1.878655,2.4699156,2.6907184,2.576975,2.4520998,19.038387,3.4871445,6.355685,2.5139513,3.5774176,70.19948,60.81602,51.792717,77.78232,61.013237,55.365376
2025-12-29 22:00:00+00:00,site_1431,327.02182,240.10115,244.23993,295.74634,258.33588,267.3312,405.08542,311.71912,425.43463,394.85684,402.72653,377.6433,48.422546,38.610916,55.2285,48.87551,47.652843,40.61565,6.781021,10.6464815,7.3144155,7.1900477,8.193188,9.9379225,4.607747,2.059551,2.0677626,2.484649,2.448534,2.0939631,2.6495364,6.9488826,3.6315126,2.6238542,4.231065,7.689219,77.80954,66.32965,66.11496,80.30167,66.21385,56.298912
2025-12-29 23:00:00+00:00,site_1431,313.2127,228.67528,271.92838,305.1749,272.53,281.16998,372.86203,305.7053,443.88376,407.5916,372.32486,362.2186,47.899548,40.716934,53.400364,46.950195,44.491974,40.452396,6.3158436,7.908004,6.57118,7.005825,7.5844083,8.104672,3.9310687,1.9266143,2.0046892,1.917753,1.9054403,2.0408094,2.9508262,8.579365,13.337431,1.799999,4.9747076,4.4183817,78.93355,67.00601,68.67959,87.3091,64.29712,57.114952
2025-12-30 00:00:00+00:00,site_1431,404.41864,281.6875,272.12396,290.46588,294.74344,272.27097,526.8306,323.1372,402.6481,384.66843,365.27744,340.09317,55.452316,57.146305,68.23503,52.985077,47.76364,48.55812,8.39939,7.845096,7.5968895,8.70598,10.962397,10.659687,3.4341085,1.9438454,1.8935764,1.6788392,1.8339138,1.864935,4.4905944,11.783937,23.746767,1.57145,2.978746,4.1479535,77.974884,61.515137,59.67376,70.729294,60.557102,61.883076
2025-12-30 01:00:00+00:00,site_1431,268.86453,248.69157,316.59564,258.07047,249.60857,257.9296,323.6441,339.47812,437.64252,357.44482,344.4611,300.1996,70.228546,76.19625,69.93749,64.33943,57.968544,52.66594,9.825611,9.4243,9.583099,11.421285,15.137247,12.112025,3.6040952,2.4701004,1.9122791,2.291059,1.5183148,1.743191,2.134613,9.2711935,49.63616,6.290893,7.9200873,6.046029,68.32531,60.798923,53.42317,66.44258,52.205795,48.43066
2025-12-30 02:00:00+00:00,site_1431,272.92136,251.66081,313.0483,264.59656,227.31238,224.6926,343.88943,324.82687,449.8499,379.97595,319.3336,296.39795,74.679695,89.14888,65.25672,70.0594,60.55845,55.47991,10.202517,7.8791037,9.87335,11.36648,10.774853,12.242864,3.616811,2.0833437,1.7678508,1.8167938,1.5614929,1.5284501,3.1890109,14.069343,40.766476,6.923349,9.528691,6.0195756,61.228416,55.43545,56.458862,60.860294,47.502537,48.894672
2025-12-30 03:00:00+00:00,site_1431,252.10648,247.53296,322.42496,245.51009,211.45203,213.42616,337.90714,372.8365,473.33237,363.2237,307.06464,278.97217,79.10489,98.20171,67.469955,72.46442,61.105953,54.926514,9.511756,10.566836,9.19763,9.962581,12.662241,11.951116,3.199676,1.9373928,2.0665164,1.8358014,1.3420321,1.6959757,3.2455478,10.529144,49.48565,8.826383,8.296333,7.5590343,59.80671,62.73023,61.921925,58.564377,43.471607,44.897617
2025-12-30 04:00:00+00:00,site_1431,249.97235,232.65805,309.50974,229.92058,200.8133,201.15005,324.5502,355.7047,451.82413,328.62366,276.8822,283.82416,79.30154,101.10565,79.41494,72.40945,62.388092,47.3862,8.903259,10.075374,8.678989,9.894575,8.72455,12.4503,3.352181,2.0972052,1.9522926,2.058265,1.35415,1.7524339,3.3073242,8.526976,31.948414,13.96575,8.303682,7.0985403,63.640903,67.50812,61.163326,62.120113,43.984085,44.585518
2025-12-30 05:00:00+00:00,site_1431,259.91086,243.69753,288.6872,243.57014,192.57677,172.93361,347.46854,390.784,463.7612,345.99615,294.33582,251.8458,81.93693,104.11921,88.24874,68.415306,57.506927,47.505875,8.134156,8.406035,12.035866,8.395391,7.5189013,12.397886,3.4553883,2.0787454,2.1697595,1.7760689,1.2829492,1.4115788,2.4092927,8.796165,12.724506,9.276564,6.676464,8.959045,68.06862,72.54185,60.749233,64.32088,50.62216,48.232563
2025-12-30 06:00:00+00:00,site_1431,282.00458,288.66388,292.77005,242.53487,173.07405,177.50388,349.9871,416.8764,430.53595,329.45068,273.78174,253.25446,76.84663,92.53773,89.1737,64.99437,54.430176,47.758823,8.657564,11.25895,13.610984,8.935205,8.341073,12.273537,3.676576,2.0009043,2.2018962,1.4899359,1.3234016,1.6171098,1.0321497,28.692019,3.3511267,4.3507066,6.8978987,10.056619,69.98745,74.818306,62.944958,66.148056,52.833836,54.94936
2025-12-30 07:00:00+00:00,site_1431,300.9372,297.992,291.3903,227.10846,168.43198,167.96432,384.40833,410.64078,462.58435,318.28564,281.78668,262.08237,85.25069,73.660065,96.04969,64.90099,53.463253,52.364468,8.717709,10.620068,8.391958,8.134953,11.316581,11.122913,3.8034167,1.9714897,2.3314745,1.7398754,1.4166918,1.4832633,1.5129685,43.901943,0.0,3.4204965,7.423003,7.1535316,74.32177,73.78248,72.14698,72.443184,59.086327,55.16551
2025-12-30 08:00:00+00:00,site_1431,325.26584,294.57376,272.6571,223.4052,179.31676,175.73047,411.53983,412.8595,498.7236,335.16205,274.07385,275.37778,88.50734,71.25265,87.13193,63.43808,54.030586,50.105953,9.3571005,10.451402,8.660799,7.526999,10.5976925,8.7425785,3.7893736,1.9273819,2.885841,1.6750804,1.4266917,1.5759006,1.6623367,39.802643,1.5192928,3.9536889,5.0450788,6.6868644,71.14813,71.07868,69.42837,65.382324,56.112595,52.89121
2025-12-30 09:00:00+00:00,site_1431,322.14322,264.13348,331.52908,236.88492,198.35286,191.19522,403.10602,372.6479,444.75464,309.38864,283.3294,302.86945,107.642525,66.880554,76.6088,66.64148,61.93758,62.53158,13.412838,11.656403,13.360672,10.314004,13.809835,9.690328,3.6476393,2.0314105,3.5111828,2.0008352,1.682787,1.7999942,3.0969012,44.537376,3.7218149,8.80189,8.093946,8.416673,67.88468,66.77822,62.099014,66.93978,55.195484,51.12061
2025-12-30 10:00:00+00:00,site_1431,336.7914,232.38087,312.49704,243.72412,208.58235,221.998,423.10562,343.21597,480.51883,345.38803,302.0255,323.91742,106.63557,72.198044,71.925896,73.01379,62.972427,66.02198,11.975186,11.445383,11.971945,10.818436,13.131685,9.811552,3.3702357,2.2156677,3.081114,1.8910136,1.6517128,1.7654858,14.204266,46.8751,5.019606,19.161434,17.275066,13.950731,64.54766,64.07214,60.45614,62.475708,54.014744,50.78808
2025-12-30 11:00:00+00:00,site_1431,334.5475,258.5902,323.26938,251.05763,228.7762,222.61026,409.80182,329.8622,490.80975,362.5947,320.50006,311.88388,94.46295,96.44151,59.867607,77.14154,66.70946,72.37407,11.673011,11.490109,12.467551,11.621236,11.851656,10.970087,3.4035687,2.277024,2.7269504,1.9617089,1.6259356,1.5672992,58.827126,39.83336,7.6717024,33.500137,34.783745,28.810345,67.58315,65.89141,61.91763,63.461033,54.399605,49.47046
2025-12-30 12:00:00+00:00,site_1431,350.60724,287.8348,269.0068,245.4198,242.92589,221.9001,402.19788,382.2974,433.94962,347.88464,321.2041,326.9763,95.95635,99.662735,67.04818,74.29163,58.799988,67.352455,9.846435,8.546503,8.471468,10.176263,10.7075,10.468472,3.0518787,2.300575,2.5663688,2.0324757,1.787501,1.595435,96.19393,14.356574,9.627823,71.676506,53.482838,62.44736,69.498146,66.453575,59.23116,61.156456,55.255848,52.03492
2025-12-30 13:00:00+00:00,site_1431,310.8603,335.74542,283.5751,228.4409,261.26358,232.22737,382.85324,466.74496,423.1266,326.68625,331.68094,312.20554,64.27835,97.35179,54.3232,58.312172,54.502174,48.980328,8.495808,9.321996,9.053479,9.684645,8.709192,8.499727,2.761078,3.5539532,1.8219104,1.903951,1.8396548,1.5777799,131.5943,16.034739,10.332118,79.30005,80.30301,73.80881,76.637314,69.59011,64.64463,64.151985,58.923294,55.48962
2025-12-30 14:00:00+00:00,site_1431,211.6203,310.18106,266.16617,262.9196,253.19504,222.61806,284.41156,488.3062,453.0092,372.13324,334.4104,345.80594,46.760998,102.26639,58.919464,49.441177,44.34562,46.75728,7.7607384,11.468242,13.263907,8.351691,9.5588875,9.462929,2.3091748,3.9378867,2.5238101,1.8638242,1.7711868,1.5124867,141.66905,11.788177,19.279974,95.45563,98.43566,79.411255,76.5834,67.36251,64.25943,72.60766,56.673027,57.554886
2025-12-30 15:00:00+00:00,site_1431,149.79814,354.17654,247.96568,250.629,214.7254,224.51924,221.11804,546.6625,403.99863,320.19296,327.5481,305.95892,70.86172,97.824585,64.72784,60.422092,48.648212,41.652676,6.818043,12.412554,8.517069,9.782426,8.497768,9.984364,2.4659617,4.302846,2.3538783,1.9920292,1.7457714,1.5022976,91.3719,14.124096,14.655932,94.754745,91.6119,83.34334,68.754326,65.628525,63.037468,71.263916,55.024338,57.244755
2025-12-30 16:00:00+00:00,site_1431,147.99623,414.2132,243.88168,208.60733,214.93013,180.26646,213.12294,529.3746,368.12,318.89877,307.71497,305.67807,92.830635,98.40786,62.822468,62.47735,53.29352,50.685383,6.999793,14.283208,8.128212,10.547623,8.865884,10.869466,3.2358825,4.68007,2.2145386,2.1116965,1.6891425,1.4689351,58.08063,13.472892,17.341963,75.269005,70.01647,71.38657,63.210686,67.235596,59.2336,69.03229,56.328293,54.128174
2025-12-30 17:00:00+00:00,site_1431,173.90994,389.32382,248.72585,201.83748,224.94109,189.89012,290.97412,532.3895,364.93414,349.68237,334.79385,319.54684,132.13399,101.29635,68.269684,89.83057,83.732056,76.10173,11.720047,16.783098,8.478197,12.612547,14.667938,12.090744,4.1543794,3.8737376,2.0499978,2.592325,1.9915315,1.7611799,13.424022,8.79308,11.586111,31.935827,37.25315,33.615623,54.556084,63.015514,51.394245,57.03191,50.893917,45.786854
2025-12-30 18:00:00+00:00,site_1431,244.79893,365.24808,273.38702,243.90332,219.72128,178.52376,362.8536,473.05353,365.98752,394.39587,365.84128,303.68668,129.0401,90.01002,68.402245,104.66031,109.43953,102.99626,12.1988,18.32852,9.146055,13.227518,17.089436,14.355787,5.2267885,4.232184,2.2216177,2.9296427,2.216862,2.1432679,4.616655,10.16485,16.785969,11.492391,7.971903,11.426031,57.50286,60.92992,52.88174,54.12455,46.83739,46.825123
2025-12-30 19:00:00+00:00,site_1431,283.58917,322.98367,265.73154,289.78802,284.3558,215.41672,458.08984,458.7519,375.25864,449.20764,391.55215,345.0134,118.20922,78.795456,70.51179,100.66596,105.85169,93.3966,12.216889,17.523012,8.66755,12.630547,13.889447,12.368764,5.570929,4.202838,2.5226877,3.5063977,3.0315459,2.3013265,4.397921,11.796335,16.014774,10.314548,8.370338,11.153567,56.966053,64.39026,50.499027,56.890934,48.211994,48.282864
2025-12-30 20:00:00+00:00,site_1431,326.4163,280.3679,280.40964,303.47787,266.89108,276.85852,521.87244,425.3596,419.6158,426.44644,423.61722,339.5503,103.503815,67.798676,87.43803,88.09049,89.85597,80.30216,14.459155,13.562533,6.6761885,9.750402,14.354741,10.201932,5.7232237,3.062482,2.4508486,3.3960693,3.6217048,2.8762405,6.9027667,17.735073,17.466204,16.860039,10.26325,9.145215,63.530025,62.26173,60.496044,62.42608,55.396942,50.624435
2025-12-30 21:00:00+00:00,site_1431,545.66046,295.90442,320.03012,345.8342,300.26556,270.96008,697.9665,531.2203,453.9285,414.70105,518.6803,400.01093,90.00771,61.722603,95.32676,63.933964,79.95061,65.588974,10.483125,10.023304,6.7795806,9.147546,12.268714,11.788843,4.209841,2.937682,2.2929356,3.3531065,3.453015,2.7700067,7.2208834,20.069069,18.339266,15.599988,8.654996,8.835972,72.88058,61.010666,65.6749,67.09915,58.358906,58.548702
2025-12-30 22:00:00+00:00,site_1431,608.2955,303.41324,339.66443,360.13736,285.848,269.75577,724.37177,505.89624,480.9095,441.7608,465.16516,434.59186,75.08915,52.647423,83.60977,58.141872,65.8048,51.090034,10.235984,8.519901,9.435327,7.5935206,10.782072,13.436038,5.8740244,2.7186503,2.0379825,2.7976859,2.8480718,3.1155128,9.148469,17.828262,19.62705,20.326023,10.704833,9.021023,76.26776,60.119038,70.27005,69.64777,60.455124,61.486835
2025-12-30 23:00:00+00:00,site_1431,526.15735,320.72736,349.17535,360.81467,268.09314,253.61333,670.28284,472.97845,472.8152,397.71753,423.6634,393.27655,65.57302,51.60339,82.92276,50.20937,46.106632,39.982304,17.441477,7.838908,7.4928594,7.44314,13.04348,10.670478,5.6546564,2.5259087,1.9839728,2.3723633,2.1137319,2.5721042,9.686195,19.715084,17.703352,12.017884,12.03019,10.0043335,75.35764,66.85079,77.19888,67.92787,61.59145,59.02841
2025-12-31 00:00:00+00:00,site_1431,531.3347,356.06787,332.13306,323.04135,246.10457,232.83972,657.5774,426.7476,511.31778,360.76938,409.35873,319.39764,55.38321,51.91673,64.67661,48.16389,41.13666,36.69129,16.384342,6.107095,8.73851,7.350941,11.450495,10.495142,5.062541,2.5656075,2.1815107,2.028952,1.6972028,2.6592453,13.602428,28.514433,28.00823,14.781716,14.14072,11.744784,81.11801,71.26414,75.55618,68.31748,61.44566,58.6774
2025-12-31 01:00:00+00:00,site_1431,568.58093,364.4576,353.41394,283.5103,246.92046,220.54013,661.634,477.29163,514.7428,376.1118,389.21262,298.89862,45.732037,60.53832,60.616,40.974205,36.135197,30.003761,11.932765,14.809178,9.229566,6.501767,11.008512,11.193847,5.341476,2.4528716,1.8205421,1.77406,1.5310755,1.7270126,12.675754,32.889507,44.755527,15.818186,15.248637,16.739866,73.00658,73.41808,79.52586,67.272575,63.392315,62.213135
2025-12-31 02:00:00+00:00,site_1431,523.09265,324.50473,330.78607,256.2397,246.05112,198.64925,625.0556,462.61258,510.78314,356.27332,373.23355,256.86646,41.279694,89.225784,54.010067,31.856102,31.157534,24.566442,11.760528,14.035451,10.009124,7.306892,10.892517,11.120091,5.7420053,2.0427747,1.8361249,1.6482375,1.3581496,1.4301902,7.817373,14.404991,43.380856,14.035753,16.053274,17.438793,69.00603,73.4544,72.67051,65.63479,49.250504,58.891914
2025-12-31 03:00:00+00:00,site_1431,435.3973,296.45065,304.7607,236.13422,224.19138,193.47885,507.6594,428.74713,466.11493,322.8786,321.60504,224.66878,48.43561,90.940346,54.04257,35.233627,37.41008,25.684591,11.739482,11.312717,9.055873,8.732044,11.639245,11.197271,4.657847,2.0669038,2.002943,1.5712965,1.6017433,1.8208156,7.3027034,10.3937235,48.19919,17.311115,9.16263,11.653241,62.789387,73.15547,72.785774,61.51801,50.576504,61.501675
2025-12-31 04:00:00+00:00,site_1431,391.74042,272.49432,288.1298,244.38255,204.16475,200.63853,455.01797,383.3898,402.63327,316.0299,318.46762,244.0237,46.9159,71.53742,50.07967,41.285404,36.132935,26.525496,13.156698,10.559123,9.47157,8.782954,10.621645,10.467473,3.7902918,2.1731088,1.9741518,1.9418175,1.8266302,1.6154732,5.2234387,10.140959,36.83563,16.71187,11.396316,11.37353,61.033096,66.46058,66.052444,59.185936,48.638496,51.326374
2025-12-31 05:00:00+00:00,site_1431,327.85934,280.2742,256.5885,263.24524,194.34369,193.59991,416.2354,370.313,399.73837,313.93814,286.61246,266.72614,48.93501,65.66371,71.17888,39.962276,36.003685,29.972776,10.270357,7.9182134,6.1446977,6.828356,11.008165,8.780058,3.65361,2.3280497,2.370563,2.29292,1.7235899,1.5665972,3.2053711,14.658542,9.092044,17.438408,6.3332744,3.7836528,68.49675,74.80678,70.880486,67.84805,56.937046,56.145077
2025-12-31 06:00:00+00:00,site_1431,286.95557,265.37552,255.56528,239.76543,179.45097,196.3394,373.24905,366.45587,364.57144,294.72055,259.49582,268.2335,54.92672,56.024403,75.33503,42.945957,45.23017,36.44207,8.568489,10.5306015,6.2671185,5.9602423,8.089655,6.5362897,3.0661726,2.4100077,2.410825,2.2572634,1.7745088,1.4266495,3.9455016,28.045172,4.5552907,14.629569,7.6001306,6.8752747,77.73557,78.58558,76.37801,70.12001,56.77219,55.05905
2025-12-31 07:00:00+00:00,site_1431,244.52797,251.33359,286.19034,209.99712,193.60365,190.93393,303.53235,345.17795,395.15036,274.0653,262.61377,270.8754,50.135975,48.123867,73.260544,40.934242,45.872227,37.327335,7.2512436,9.101895,6.379391,6.396733,7.518132,6.4600897,2.867969,2.3691807,2.3349624,2.1682754,1.9517418,1.430921,2.7077982,49.114147,6.2647223,12.185675,8.644857,7.226398,75.87959,70.40539,70.74596,63.329006,53.84652,52.249096
2025-12-31 08:00:00+00:00,site_1431,206.25684,256.29117,302.38297,198.83212,197.13124,192.7416,258.70123,319.1789,394.82513,257.4725,264.63742,314.17078,47.01662,47.130154,56.1138,37.94118,42.457245,33.02243,7.1618824,9.500926,7.3796806,7.5320888,6.5879498,7.2402487,3.0882418,2.4118526,2.4303167,2.0418165,1.7221113,1.3616276,22.748022,37.108757,12.634118,13.40784,14.193832,11.492346,73.11611,70.41328,66.596985,68.79552,55.59084,51.996098
2025-12-31 09:00:00+00:00,site_1431,226.80077,262.9837,289.83084,224.45253,171.5898,193.2033,286.82455,344.40778,395.2676,276.68192,277.07147,273.07907,37.946606,43.167393,44.757614,37.994118,41.952732,32.282845,8.371215,9.050668,6.332791,7.243953,7.122627,7.386845,2.829296,2.277342,2.797026,2.1321847,1.9894853,1.4957361,2.2724807,29.836552,4.196616,7.011505,7.4291434,5.3850174,72.38179,72.88073,68.748726,70.00418,52.33692,50.039726
2025-12-31 10:00:00+00:00,site_1431,152.1527,222.74596,284.12518,202.88278,186.24217,202.24689,183.28142,282.5582,367.99893,268.6271,247.25214,278.60135,45.59257,50.75111,53.845234,44.73757,48.617275,41.948795,8.733563,9.059731,6.9025517,8.271614,7.068254,7.6422257,2.7031784,2.4256434,2.0786512,1.8904878,1.812687,1.3509082,4.8938694,17.078667,5.38791,10.668061,6.9389005,5.9087496,64.71254,71.654526,59.132008,68.55542,49.38522,45.59955
2025-12-31 11:00:00+00:00,site_1431,184.50775,232.6232,266.5015,226.2943,177.50793,202.0949,237.09743,321.05438,391.5535,290.02338,294.16614,272.26617,49.067135,62.238037,47.42162,45.617935,49.539146,38.213036,8.071735,7.1761475,6.572469,7.9993916,7.011539,8.755234,2.7696695,2.4255369,2.0780342,1.704912,1.7784032,1.377168,6.4448357,7.1183805,6.5778174,16.681816,8.483453,9.530549,64.03402,68.3875,59.886738,62.95964,49.776287,45.66718
2025-12-31 12:00:00+00:00,site_1431,213.95973,235.68039,226.30745,228.98509,176.06187,193.11748,253.66853,322.40747,335.66785,285.8526,313.0239,263.3259,46.013527,57.375427,41.055237,43.972782,43.14295,38.10594,7.491284,7.418932,6.718451,7.7603245,7.4265423,8.416169,2.6968052,2.225717,1.976696,1.5735751,1.5763149,1.58014,11.329282,8.651387,7.5146384,17.564775,13.425228,19.124596,66.75525,63.829357,60.77673,65.20546,50.542137,45.751526
2025-12-31 13:00:00+00:00,site_1431,216.53911,239.03264,223.4414,214.29256,176.03233,177.0332,251.62402,329.98175,310.54642,258.00488,301.6621,256.83072,43.12232,46.56482,32.933884,37.191246,39.644085,33.60993,5.7611966,5.360739,6.4735374,6.5583405,6.37653,7.237388,2.636632,2.575995,1.8817705,1.7306954,1.6373813,1.5823613,11.66135,8.101551,12.066892,22.12306,16.450811,25.565702,68.69039,64.3608,60.612698,63.832573,48.554504,46.77568
2025-12-31 14:00:00+00:00,site_1431,224.27425,254.82169,206.15714,186.73041,165.0472,174.51718,278.7324,339.99402,291.65887,223.05704,246.00404,244.40944,41.663315,39.54628,32.227715,35.076946,37.667526,30.208565,5.6077905,5.146936,6.175277,6.6690826,6.4886904,7.468512,2.7147472,2.2853997,1.8965347,1.6208624,1.6077559,1.7964737,12.3561325,7.2877903,11.966092,33.80299,24.511868,28.147827,72.32177,69.64624,56.77046,64.13825,51.157303,47.676064
2025-12-31 15:00:00+00:00,site_1431,258.5265,278.86624,203.7226,168.80864,169.21582,180.7722,340.82596,299.1062,284.6546,271.29486,244.87512,261.06317,45.49114,37.997246,31.948078,37.39283,39.109264,32.25027,5.5167446,4.858488,5.6019144,6.826887,6.7823486,6.9383287,2.7433834,2.2668781,2.005088,1.7583617,1.535612,1.9523126,10.059465,8.181967,14.477872,38.08674,19.048237,35.35481,76.42587,72.87011,53.666344,64.47922,51.56589,47.323746
2025-12-31 16:00:00+00:00,site_1431,286.67694,247.91788,198.39452,189.38303,171.01888,201.16165,373.7004,308.40225,269.901,288.9186,256.21838,283.50674,47.48187,38.391457,28.478386,39.59488,43.744602,31.425013,7.36704,5.576129,5.621507,7.337085,7.2871895,8.136434,2.7293437,2.2146478,2.2372458,1.9380217,1.6834337,1.7422397,8.476603,10.565273,16.965637,35.353184,23.467722,35.372143,74.42577,71.171555,52.31521,60.695656,53.241627,46.514942
2025-12-31 17:00:00+00:00,site_1431,298.12488,243.96013,206.82065,195.7218,157.0356,200.57297,375.84067,285.4638,257.47635,313.86105,266.0858,293.55234,50.784855,39.513165,29.121304,51.92936,49.658875,38.279358,8.342949,6.034812,5.787473,7.669439,7.918226,8.227153,3.2011313,1.9724029,1.8461292,2.0742624,1.7053291,1.8831865,7.8575883,11.759252,18.622808,22.974722,21.37233,23.467653,69.71075,64.216606,52.436317,61.03641,54.687077,44.908527
2025-12-31 18:00:00+00:00,site_1431,322.09067,217.06764,195.53253,242.62924,150.61258,230.32156,410.0185,295.1421,223.02097,325.07303,271.1413,321.36548,61.8313,39.54498,34.255512,57.693157,54.170494,50.36813,8.698747,6.3477693,5.5371017,8.245289,8.520908,10.086635,3.4066105,1.785904,1.9933988,2.317725,1.9383491,2.1487687,3.8208022,10.452126,20.838665,9.6098175,10.96268,12.388578,66.70523,62.2794,50.354927,56.612526,50.234146,41.880375
2025-12-31 19:00:00+00:00,site_1431,333.362,198.75652,207.57834,295.2478,171.1219,273.8265,412.01498,286.82266,248.29099,367.34607,330.12674,382.65454,58.25028,35.669193,38.584675,64.232834,52.306274,57.982452,8.768353,7.235268,8.149659,8.709126,8.811631,9.824262,3.8551013,1.3916464,2.0593085,2.721149,2.1183617,2.5806792,3.8730166,13.792003,22.94382,9.054054,6.0974874,8.8424635,63.91574,61.027294,51.5587,57.688652,48.191917,41.83288
2025-12-31 20:00:00+00:00,site_1431,314.28186,200.51013,198.0096,275.53897,208.04315,310.9766,403.2056,248.45897,275.7364,375.0445,340.55112,402.72787,59.704426,38.716858,42.141052,65.9867,50.774467,54.56854,8.892506,5.827955,6.226969,9.003724,12.183621,10.178385,3.1312287,1.3080235,1.9523759,3.0514772,2.1327834,2.623858,4.909529,15.999918,22.421032,7.4391313,4.9170914,4.7982974,68.73887,65.53365,56.841118,65.74798,49.815933,42.841076
2025-12-31 21:00:00+00:00,site_1431,305.18546,168.58559,212.49791,279.08224,192.60915,325.72153,384.22504,249.66833,279.99832,357.0725,355.55447,410.51367,55.047405,35.651714,45.940353,53.611958,47.26293,47.15752,6.2549253,5.2353277,5.9504633,8.124643,8.392092,8.04326,3.1973054,1.5045849,2.1342392,2.8926373,2.401476,2.6145234,6.212729,16.040194,14.334391,8.040452,5.5917068,3.789995,69.82637,60.525093,52.617466,61.033535,49.62496,42.8297
2025-12-31 22:00:00+00:00,site_1431,305.3101,159.27573,205.54596,282.50647,196.61313,291.40808,391.53342,248.69064,290.40488,337.12863,326.30002,411.07025,53.52012,38.691162,51.688225,52.70736,45.478413,47.250175,6.455601,5.7026963,7.7902417,8.189641,8.204279,9.227005,2.9685674,1.7459124,2.2654815,2.1827934,2.1605377,2.3305311,4.7363663,11.632896,19.244396,7.845619,5.573042,4.532819,68.96864,60.421345,61.379692,64.06486,49.85328,41.819103
2025-12-31 23:00:00+00:00,site_1431,286.37097,168.25076,197.60777,253.64363,194.6224,257.92953,376.3653,261.82928,308.9358,334.6232,326.83978,395.56796,48.08369,39.700222,47.669933,44.639393,42.28029,44.083298,5.6377726,7.8708014,7.654824,7.373675,8.856358,8.638008,2.966327,1.8716949,1.9853793,2.0706336,2.0062761,2.369416,4.0754943,10.638211,18.70681,6.6225033,5.480805,4.1286516,70.450386,65.03594,60.22651,61.997334,49.029438,44.016365
2025-12-29 00:00:00+00:00,site_1432,414.88443,263.02283,238.56825,270.4548,222.4278,229.34473,565.4772,429.4307,347.9134,382.68655,348.4293,342.14917,30.912615,34.889633,42.465153,34.10676,28.549425,31.451397,1.9176087,4.6425004,5.402404,2.189752,4.009638,5.453725,3.7988138,2.156201,1.734059,2.7840612,1.8730873,1.5059917,12.959266,13.724837,15.531496,5.539831,6.4503007,5.276515,52.828835,62.610718,67.06102,50.020344,44.701183,50.05767
2025-12-29 01:00:00+00:00,site_1432,363.6843,238.42198,236.01004,281.14282,207.19818,222.89445,485.3407,397.96222,320.6627,389.23602,301.36264,330.90573,27.469189,43.007053,32.95239,30.56518,26.355255,29.035835,1.6932459,6.488089,3.9468129,2.7597067,2.145544,2.4963675,3.3031878,2.0070481,1.7082155,2.013592,1.6141225,1.362664,1.3693081,6.5148215,28.133137,4.976721,3.9980774,4.365274,36.465996,56.828255,58.885643,52.87367,44.57761,51.866734
2025-12-29 02:00:00+00:00,site_1432,301.3225,224.40648,249.44269,244.2017,207.98645,203.337,396.89523,331.53204,418.95743,339.38773,272.0873,334.8013,24.839193,46.757923,31.370955,29.370365,26.13299,25.421482,1.9888058,5.049015,8.756722,3.0218072,2.5058048,2.5717964,3.599954,2.3825958,1.6879542,1.8298357,1.93218,1.5840311,3.0110385,9.851108,29.096651,7.8006063,4.772379,4.731994,41.95837,63.643085,58.850468,48.55491,43.54238,55.818707
2025-12-29 03:00:00+00:00,site_1432,452.99625,270.0549,263.29626,238.3287,193.85437,206.90964,626.27655,455.96402,397.40573,390.09253,287.58563,283.47885,25.43106,69.71827,30.027113,25.712004,23.600018,19.555014,2.7198312,5.049172,3.5581858,3.4714434,2.8672085,2.751197,3.9534922,2.0328913,1.7639129,1.857449,2.1192381,1.5522978,9.926491,10.029455,23.1699,8.633945,11.141924,6.3097053,44.34341,63.027435,58.30796,44.802525,39.919388,44.169792
2025-12-29 04:00:00+00:00,site_1432,441.54807,263.8641,287.5781,234.35675,191.15701,229.01819,678.50745,438.22357,406.3968,398.6253,305.0652,308.20557,35.73979,70.79711,34.108303,31.486238,29.321432,25.462925,3.4394903,4.015086,4.480622,3.229993,3.6133604,2.547686,3.4479446,2.328406,2.0018263,1.958939,1.8596467,1.3868293,9.464455,6.864183,24.881083,12.756284,6.521351,4.434484,45.043236,60.222633,67.08002,45.82753,39.80832,51.051247
2025-12-29 05:00:00+00:00,site_1432,304.82315,314.36835,251.40451,254.13513,190.41953,203.4121,439.81235,443.5841,404.06824,360.8989,303.2106,279.81665,41.773483,64.52689,49.24972,34.41598,39.552307,31.442984,4.251474,3.2174282,4.6230135,3.3317535,3.8643346,4.3312116,3.1264112,2.3820753,2.1927197,2.0064278,1.7908003,1.3534532,3.7364032,6.2589602,14.872228,4.827502,10.466907,7.786826,48.60254,56.876698,49.580048,45.53252,41.243946,37.992607
2025-12-29 06:00:00+00:00,site_1432,272.23044,345.1457,236.91248,226.39948,189.59026,203.79529,384.56183,474.23438,396.00034,341.25827,292.33893,296.20358,43.626675,65.04988,63.254063,36.67179,40.747017,32.24103,3.7892501,3.2096062,4.1926475,2.901125,3.2949831,5.2461567,3.1000702,2.616937,2.1206844,2.1571295,1.8589923,1.7048595,3.0876613,17.502785,2.4824278,2.8056312,8.001659,5.8306513,44.66907,54.253418,50.86116,43.261345,40.25037,35.290123
2025-12-29 07:00:00+00:00,site_1432,287.4546,367.91553,212.96465,216.43596,189.9445,193.94629,417.67477,498.74942,412.6872,340.33084,286.7454,304.9228,45.155743,60.547127,65.4493,38.331245,46.449734,31.565985,5.736938,3.3368604,5.511905,3.7100103,3.8701823,6.4971485,3.1932757,2.564424,2.3574874,1.9019178,1.4907911,1.8839612,3.9714673,33.93788,4.0801806,5.032333,6.587442,6.1739364,41.072372,49.079796,48.33787,46.144382,39.200684,35.017532
2025-12-29 08:00:00+00:00,site_1432,295.2351,313.29822,260.14786,224.42944,197.04802,188.51411,435.07736,495.10236,432.7818,344.0797,305.4243,316.23706,54.829514,53.10847,56.99732,42.476402,50.2026,35.79851,2.8614469,4.7357745,3.8978202,3.9885113,3.4019449,5.3331513,2.997321,2.3455884,2.4369366,2.0928147,1.618835,1.8243421,4.4461465,40.73514,5.6348495,2.8082485,6.908669,7.094787,46.363594,53.47141,51.270428,44.026264,41.44068,38.180492
2025-12-29 09:00:00+00:00,site_1432,285.01794,273.70856,250.32227,230.48015,203.24892,191.20915,401.54108,410.60516,458.09143,355.45123,306.93695,301.75092,59.75091,54.100403,54.488834,54.191387,53.90398,40.03152,2.7210479,5.5010123,3.6190705,4.3861575,4.0484195,6.831803,2.8725574,2.0479856,2.459466,2.1309602,1.6584526,2.003637,8.674129,49.245983,6.3474545,5.127408,9.701718,9.693453,42.16127,49.868458,46.07867,43.754692,41.35402,37.16914
2025-12-29 10:00:00+00:00,site_1432,287.78622,254.23883,238.14476,240.60329,221.1596,217.85626,402.60205,347.36716,396.90137,362.8296,309.7737,309.66443,69.35498,54.61748,49.213512,67.506805,55.449635,47.588257,2.271745,3.8376288,4.0821013,4.5251923,4.067841,5.7093787,2.704827,2.059679,1.8547877,2.0093503,1.5890172,1.7615048,21.471151,51.562263,10.029972,21.326462,18.485626,18.276289,45.358322,50.51659,48.56829,43.34258,41.32818,40.88145
2025-12-29 11:00:00+00:00,site_1432,284.60007,228.97029,260.77725,249.88655,242.89215,201.32594,374.35117,317.8831,374.12384,352.71695,325.587,311.98495,57.353806,64.785706,50.567783,58.64903,58.766975,50.448708,2.2361662,2.9639618,4.004628,5.0915065,4.1867805,5.4193807,2.463325,2.181109,1.8455412,1.8923776,1.6612958,1.7632409,44.61419,34.59633,12.1671,34.018974,32.907654,33.24147,46.571228,47.60759,46.49986,41.138763,41.066036,36.4785
2025-12-29 12:00:00+00:00,site_1432,304.09042,251.99352,258.93927,253.77205,252.20247,222.88419,390.14017,368.97336,382.7612,367.1317,365.01324,320.19733,53.287407,69.42212,41.13075,60.99734,51.844585,47.28635,2.1727533,4.3793473,3.9250903,5.14851,5.233015,5.9740486,2.3991466,2.294769,1.8033524,2.0202522,1.6548058,1.88391,61.7578,11.887438,13.418946,45.087444,41.32904,44.253735,51.09113,49.8688,49.339993,47.287903,46.120296,32.21242
2025-12-29 13:00:00+00:00,site_1432,295.87936,277.11972,260.9345,280.03952,253.2062,207.2183,395.60834,459.52463,420.50153,422.98264,367.87527,334.19226,49.14025,75.03297,48.911053,59.426834,48.11824,43.27869,2.7407937,4.978529,6.7676373,6.512309,7.732169,6.320187,2.2920651,2.4403589,2.0637815,1.7965142,1.727812,1.5929158,102.91339,10.532295,16.140587,70.13139,66.69185,68.32647,48.389748,47.720963,48.597404,44.2583,40.844204,34.81781
2025-12-29 14:00:00+00:00,site_1432,293.7605,290.0481,251.6254,256.44376,254.6394,197.38542,398.46774,443.47824,375.01462,437.88263,346.06876,305.09592,48.670918,73.05584,42.498287,52.69638,47.083973,34.531094,3.285278,4.4521756,6.834975,6.373389,7.590393,5.8239255,2.7535636,2.496329,2.0360124,1.8587123,1.5496887,1.5367166,99.5162,6.105918,13.757136,78.75685,64.3269,68.3032,54.61977,51.36981,46.53605,48.994034,46.041203,33.353947
2025-12-29 15:00:00+00:00,site_1432,388.80872,364.65826,252.6782,268.6513,245.99458,188.9489,499.72418,441.85507,345.8452,476.0873,340.7462,280.06418,52.575706,67.05252,41.32955,52.6133,46.31129,32.83372,3.051915,3.4215047,6.6577387,5.939119,7.239269,5.910225,3.1351955,2.9311743,2.0646553,1.7920705,1.712645,1.640344,67.387184,5.677562,11.868942,79.33779,64.18756,74.1791,54.058495,50.64666,41.157204,49.615234,42.828735,31.068083
2025-12-29 16:00:00+00:00,site_1432,412.00644,365.74686,213.87181,271.50204,237.90436,178.00943,564.74023,462.34213,372.998,453.26047,319.70706,279.89047,61.868618,53.513195,34.6316,48.238514,46.552246,31.867947,3.1185927,3.214668,6.1507134,5.868426,7.239025,5.305566,3.123548,2.127925,1.9527627,1.9145771,1.7610183,1.4252477,46.999393,7.6655426,15.543567,68.70729,55.47551,54.801758,50.214592,49.271652,40.972153,48.14133,37.52503,30.256346
2025-12-29 17:00:00+00:00,site_1432,393.53616,334.05905,210.66306,266.12064,236.95805,178.96764,511.80936,462.77957,339.8905,418.09283,325.0277,312.25095,56.80354,48.999817,36.793118,49.82829,50.487404,29.473066,2.7449923,4.102369,5.37873,4.825236,4.9707127,6.010766,3.2917335,2.4307868,1.7339574,1.6670094,1.7863225,1.4496179,38.926636,9.562101,12.138004,44.4856,35.881027,41.135807,51.36569,49.809,40.850784,49.020966,40.261066,32.985992
2025-12-29 18:00:00+00:00,site_1432,371.82785,317.76266,221.77158,269.07645,209.27701,205.44571,498.5262,463.01807,347.29947,413.00357,328.80048,305.58588,52.4333,43.93488,35.208775,59.763836,49.933388,43.037468,3.2385817,5.2200193,5.683058,5.5622096,5.1779,5.844856,3.394965,2.4203358,1.8341988,1.7970812,1.7939764,1.6064317,20.674349,13.771075,14.718557,19.336203,14.817433,18.187334,51.698174,60.52512,44.819736,52.696575,41.267582,41.28155
2025-12-29 19:00:00+00:00,site_1432,342.98984,269.60626,216.94632,271.2748,216.16406,222.21587,451.0703,417.5441,353.7313,438.44748,356.10883,370.1434,47.071064,33.93623,29.267252,54.80776,47.699936,46.428345,2.6547112,5.7426567,6.0691953,4.282984,7.198996,5.8440967,2.5403347,2.0540714,1.8471105,1.8646361,1.7087798,1.5806454,5.9738097,9.9109535,10.235653,9.536216,8.41241,8.641236,56.044586,54.551647,44.404694,51.426037,43.754612,36.91232
2025-12-29 20:00:00+00:00,site_1432,327.0669,250.55443,234.2473,278.47934,218.61421,252.98169,455.44086,393.14117,379.07526,455.40936,367.78793,377.79984,35.687534,27.966564,28.858892,36.704147,33.40357,28.907442,3.0642934,7.103593,3.9068396,2.9378092,5.3811855,2.9706786,3.1225116,1.7635437,1.8293535,2.231154,1.9988538,1.768072,4.850273,7.8121524,5.6532288,8.763985,4.3025913,5.789647,60.48517,56.866287,49.86982,64.80074,49.498196,40.640594
2025-12-29 21:00:00+00:00,site_1432,319.97458,231.02379,237.48561,284.75293,227.90712,255.5253,433.58368,357.27438,390.2748,456.0348,354.84555,366.77774,29.647331,22.525433,36.41274,33.06667,30.197613,28.54957,3.0631495,5.7706556,5.010624,5.424275,4.093328,4.055135,3.7720926,1.9266391,1.7700444,1.8472097,2.0356634,1.8826809,4.5982637,9.84008,3.1959438,2.4270337,5.892608,3.5918744,51.42847,49.318317,52.310833,60.408707,46.97634,38.868206
2025-12-29 22:00:00+00:00,site_1432,307.4593,231.52628,247.34923,306.12473,246.27626,245.23463,416.50278,319.81598,425.71286,451.7586,368.10236,375.6001,36.20505,29.214148,37.96315,32.367027,31.24047,30.131582,3.7494788,5.6531696,4.857542,4.4157834,4.5580664,5.684363,3.6279097,1.8070252,1.8928696,2.0231953,2.0808215,1.9555945,6.2848144,11.379229,6.0043144,3.7730951,6.1721497,7.0063972,61.454086,50.96894,56.55637,76.123116,63.622402,55.17897
2025-12-29 23:00:00+00:00,site_1432,296.61404,223.50409,233.4394,313.83646,259.50305,249.15482,415.77545,416.0786,424.75925,484.19504,386.6991,409.8013,28.169981,30.414728,37.166,30.7172,31.54979,26.748968,3.5096211,4.7808995,5.564189,4.7585797,5.0674033,3.5989285,3.407978,1.4872775,1.870771,2.5474908,2.2574308,2.0923934,1.2193166,7.456941,11.8074,1.5952753,7.333631,2.8778677,59.319096,47.84562,53.137005,61.062656,50.21944,49.799942
2025-12-30 00:00:00+00:00,site_1432,282.80295,219.85065,258.3839,293.3594,236.46033,234.77539,380.38718,361.43546,415.03525,399.2161,357.93887,354.866,25.713234,30.499172,29.432745,22.433283,22.751814,24.06841,3.205346,4.725309,5.1130834,4.386771,4.038019,3.2738867,2.8962617,1.6132846,1.7705183,2.4524267,1.8664047,1.5842525,7.6831713,5.101488,3.8511593,4.7615657,4.240326,0.27772728,51.26781,52.300137,51.628548,50.60864,36.552544,47.363274
2025-12-30 01:00:00+00:00,site_1432,245.316,214.2169,289.3179,253.91386,211.14668,220.77171,313.59106,357.8975,430.30933,388.20514,352.4331,361.25952,25.40052,39.407566,24.232351,25.3174,27.230547,25.928501,3.0129077,2.485787,5.538207,3.2887614,3.674838,4.921446,2.669159,2.066714,1.8464012,1.7921046,1.836554,1.5809053,1.9068061,7.6836367,17.500319,5.0280743,1.9504234,2.1178958,45.74608,52.594795,46.888607,46.531773,33.951817,40.7944
2025-12-30 02:00:00+00:00,site_1432,231.84465,217.19354,271.3264,249.70752,214.90292,195.38213,309.18494,342.56393,436.65332,387.9033,311.24323,345.5895,26.515854,37.529408,23.5578,28.549833,31.780775,24.025854,2.1824217,2.0546224,4.661609,3.0013094,3.0430548,4.644879,2.8179872,2.0538368,2.0033557,1.894016,1.705737,1.5417718,4.093239,7.864257,30.762648,3.9475532,4.9202514,3.74384,46.762238,52.795113,46.817722,48.449978,31.424574,37.572666
2025-12-30 03:00:00+00:00,site_1432,228.11774,233.76582,279.1495,225.56703,185.7666,193.72331,310.54636,368.41263,427.6063,363.64636,298.21704,321.35898,31.124697,45.510517,27.413,30.711943,28.28518,22.970745,2.233089,3.7218432,4.5360384,2.9326372,3.1185894,4.3659472,2.7442605,2.2939045,1.9014659,2.08946,1.5285996,1.4754399,3.2261047,6.7458663,26.748587,5.225114,5.335162,3.1617093,46.613438,52.848858,58.381702,52.16106,34.703663,40.96829
2025-12-30 04:00:00+00:00,site_1432,250.33522,239.33992,267.0706,218.91182,193.69012,193.14468,318.241,355.37683,419.61575,327.284,287.79352,301.8759,39.487484,51.182995,36.89026,33.655262,31.674223,25.537436,1.8795601,1.95517,4.4371266,3.2475007,3.121492,7.558138,2.8768706,2.3430061,1.9856873,2.0425415,1.5311929,1.3616892,3.0807326,8.038448,32.289867,5.1814194,6.0053945,5.224048,45.948757,49.266285,48.982944,41.366875,37.48268,39.577953
2025-12-30 05:00:00+00:00,site_1432,232.73262,267.34473,228.05515,211.163,190.90141,165.60803,323.1049,369.11957,413.3261,339.2267,274.35864,274.2557,39.73115,52.127457,47.234657,36.693382,33.39157,26.18032,2.6165595,4.0586734,4.620394,3.8702748,3.4407005,6.6139793,2.9066362,2.4425287,2.1877434,1.9017446,1.581388,1.366125,3.437361,11.418204,12.662136,5.5532107,7.856044,5.0764966,51.281647,53.967903,46.571545,44.0977,36.73361,35.780434
2025-12-30 06:00:00+00:00,site_1432,214.42696,271.06494,213.6139,185.39883,188.32971,166.33427,281.99173,368.25027,364.64374,297.64987,288.12445,279.95087,39.04421,44.001926,55.416534,34.32783,33.192966,33.282375,1.8543832,3.4888992,5.230829,4.258282,4.488559,6.770878,2.9387891,2.5224917,2.3329926,1.9719449,1.7386427,1.4746004,4.7213864,18.250505,0.96246314,5.2173643,5.6380196,3.296656,47.199722,47.39981,44.92391,45.03783,33.368587,38.828953
2025-12-30 07:00:00+00:00,site_1432,177.93752,228.93893,210.77548,177.33221,183.71765,165.3322,233.43153,341.93524,349.59576,304.53595,286.3854,287.45346,40.267365,43.264427,55.592228,37.894608,37.44447,36.51842,2.743274,4.4657936,6.175253,4.6409492,3.8490195,6.495151,3.0400434,2.455924,2.3742766,2.0718212,1.7445551,1.7955531,6.518716,26.966684,2.3440769,5.3664746,4.2239666,6.9510856,45.10564,46.96404,44.719967,48.433983,35.095604,35.42864
2025-12-30 08:00:00+00:00,site_1432,184.97093,214.75783,234.55338,179.66974,179.37668,165.387,230.62918,299.78696,367.35678,309.30865,287.6661,281.40314,38.7702,39.735397,44.557636,31.807339,36.17401,28.597713,1.8622229,4.413844,4.681074,3.4733236,3.4756627,5.2062397,3.125169,2.3552961,2.5981572,2.1798368,1.843938,1.5985819,4.0286007,35.991833,4.0121074,4.4456544,6.3769484,6.9434085,43.081608,42.885956,45.045383,44.215855,34.356136,34.73786
2025-12-30 09:00:00+00:00,site_1432,188.94218,213.47932,245.65749,181.60281,177.89473,167.84181,260.37585,288.2028,389.87445,297.5214,296.4352,279.0517,38.913414,33.36666,34.655453,31.058779,36.340397,28.748266,3.4456272,4.036112,5.4569273,3.6200294,3.7667038,4.7647185,3.2889884,2.1807294,2.4265902,2.0811694,1.900805,1.7511296,3.8949642,31.162386,2.733363,4.49905,6.5041604,8.266483,41.218952,43.51578,49.72369,45.80174,36.128605,34.303497
2025-12-30 10:00:00+00:00,site_1432,222.09366,196.10402,246.26468,194.2202,199.58423,203.41963,318.6734,286.3404,400.77353,304.66037,300.45987,292.0953,49.229153,40.441113,34.66267,37.419537,38.813313,31.93252,2.1560652,4.1516175,4.289702,4.4456224,4.042768,5.387021,3.1469564,1.9218398,2.2535372,2.129855,1.7202648,1.7127501,10.582244,30.567104,6.4430733,15.080704,11.354675,9.529586,42.07174,50.226368,49.717655,43.70432,35.241375,35.183598
2025-12-30 11:00:00+00:00,site_1432,246.36469,187.15092,233.91212,192.39346,210.047,194.16055,373.5703,294.53275,377.94064,337.28433,290.31415,283.75986,64.76764,60.03813,35.755993,53.818695,48.19791,43.080246,2.5522466,4.5631776,3.8352084,5.2126946,4.861029,4.905235,3.052764,2.125278,2.4526684,2.1397638,1.7038916,1.4621551,31.46096,28.339306,9.023443,28.383076,23.251942,27.397972,44.379456,49.097622,46.59455,44.051556,33.60013,36.064663
2025-12-30 12:00:00+00:00,site_1432,311.90234,246.46564,240.58998,231.39854,213.14796,212.68913,419.3538,364.03076,371.61087,324.8685,313.7761,291.2746,58.1178,55.348522,33.069252,53.56348,45.56737,44.07658,2.8922899,4.684254,3.976009,5.338576,4.8093643,4.9867554,3.2220867,2.3915904,2.1261628,2.0620828,1.6738968,1.5019413,52.267784,8.584913,8.790751,43.84993,35.345104,37.930473,46.4539,50.198692,46.864048,44.947487,34.220684,35.78099
2025-12-30 13:00:00+00:00,site_1432,386.0218,311.46777,259.48532,235.45564,234.73532,199.57706,494.14078,456.5593,399.1762,341.5804,334.61945,305.965,53.86456,58.906765,37.300556,48.491768,39.954853,36.29819,2.8252964,5.426074,3.575994,4.863408,4.514569,5.541453,3.0957832,2.7667615,1.8341094,1.9920061,1.6974014,1.5278032,55.096752,9.310659,9.444212,45.479527,38.013134,46.79592,55.694447,53.632736,53.076202,52.244095,38.810753,36.47259
2025-12-30 14:00:00+00:00,site_1432,336.9991,316.49835,279.33066,238.94133,242.55469,191.61568,423.06982,432.80554,358.98154,345.31247,340.60736,290.92935,49.03138,69.12706,41.52422,45.487267,40.21809,38.56655,3.7053738,4.813012,5.0150366,5.520187,5.9871125,6.1743474,2.7416933,2.7922325,2.2431033,1.765748,1.4860405,1.4764389,86.795784,8.221683,13.520269,80.539055,74.45777,63.332047,53.220272,52.148983,48.399986,47.514427,39.677135,37.01303
2025-12-30 15:00:00+00:00,site_1432,242.81955,292.7884,266.2141,299.62616,224.13373,213.64603,348.81607,486.30573,355.55582,395.6396,313.47778,330.88303,42.24869,68.20415,42.19746,37.34491,34.235172,39.808865,4.4932113,7.249031,7.246346,8.575964,9.940944,9.007182,2.0057647,3.3467925,2.2228603,2.0346792,1.8332725,1.6445144,87.62876,15.378711,20.53833,95.94103,84.38156,68.14193,58.64303,53.97084,47.02744,53.63257,42.90117,43.81581
2025-12-30 16:00:00+00:00,site_1432,171.64737,282.6223,244.74681,282.7316,235.667,199.05786,254.88348,472.39728,339.7633,423.68307,358.99872,336.05624,57.208195,63.23788,46.38285,57.579433,39.19338,45.727913,4.876145,10.695047,5.88991,8.0847435,8.416367,8.801768,2.293568,4.093546,2.514051,2.1506064,1.8194044,1.6133394,60.6423,11.474465,14.704269,83.44738,70.029274,72.92113,57.21991,50.808834,45.22238,59.230316,47.65782,44.364838
2025-12-30 17:00:00+00:00,site_1432,221.67906,273.42303,209.28128,281.58612,229.8523,194.63156,315.60895,435.25333,302.26804,380.8868,333.24142,296.3663,52.341724,49.292225,37.020752,55.00744,47.3518,43.573772,3.1910653,7.221687,5.360996,5.8267,7.5617833,6.8857865,2.9262946,3.8063252,2.1296551,2.1428616,1.7676804,1.8261763,37.760956,14.500554,13.1945095,48.05576,46.875202,47.8828,55.423416,48.840588,43.95375,55.56256,46.059402,43.971325
2025-12-30 18:00:00+00:00,site_1432,311.97937,268.26486,228.55496,299.8993,235.94284,174.87708,432.735,420.3142,292.71457,395.82855,351.7906,288.04147,49.76432,39.349865,28.281883,62.655067,52.874813,47.35833,2.5941854,6.923136,3.7989454,5.55078,6.158235,7.127178,4.306963,3.6014216,2.1532154,2.6691763,1.9280639,2.2132182,12.225201,15.549838,12.612863,18.945366,13.908199,12.326763,53.871502,54.254166,47.624332,57.355934,43.54439,49.10333
2025-12-30 19:00:00+00:00,site_1432,382.37674,239.97214,214.20082,290.14838,218.91113,233.48141,509.2871,387.49612,345.01654,428.12784,378.4545,352.23184,49.76464,34.456963,28.158113,58.19205,53.176014,43.510014,2.068094,5.636632,6.1288857,4.2917,7.6767325,8.504807,3.8345888,3.4319997,2.0536044,2.6898632,2.105284,2.2792475,5.955824,8.286076,8.489075,6.886486,7.927517,5.0730577,69.337425,66.31042,51.438942,58.30886,51.78531,53.45705
2025-12-30 20:00:00+00:00,site_1432,385.70828,259.39337,238.872,293.3257,243.51823,273.07944,487.98746,366.69382,388.28812,440.29343,437.25995,345.03378,43.87454,27.655878,25.661053,58.678173,42.833237,42.592274,2.8312771,4.7728243,2.6596096,3.4593186,7.3640366,7.933289,3.0789313,1.9313842,2.0550642,2.3998961,1.9575474,1.9553431,3.4685,8.945128,9.456727,10.074941,7.542213,5.0674024,59.949993,53.08719,49.942276,63.395657,48.7928,50.680645
2025-12-30 21:00:00+00:00,site_1432,290.02206,239.277,245.29153,307.5576,247.71684,272.36526,369.06442,339.13577,351.21594,415.5239,425.45074,332.6829,35.917915,28.75868,32.877666,44.834774,40.512024,33.707268,2.5000374,4.6877427,4.428409,3.676903,8.2469425,7.4381943,3.0142663,2.0883484,2.2417073,2.76037,1.6350609,1.9673645,2.5275176,9.3858795,10.914591,12.919051,11.138418,6.1321383,55.732773,46.329323,50.62072,58.89729,45.996338,47.382027
2025-12-30 22:00:00+00:00,site_1432,264.59183,225.9654,249.27377,304.36514,260.10385,248.47324,333.26367,327.49316,339.474,442.85455,439.4845,317.55222,29.477827,25.32159,32.630432,37.38464,34.115223,29.213127,1.6059283,3.1090784,4.8269877,4.735636,7.0299683,5.294244,2.8109312,1.9503462,2.041502,2.230797,1.840285,1.7896081,3.6313872,8.85456,12.955181,8.314328,10.34427,8.197944,62.201405,53.82649,56.315895,64.51483,53.364025,53.92353
2025-12-30 23:00:00+00:00,site_1432,220.01277,223.6311,241.35661,308.96048,268.73538,237.4525,282.94238,317.3685,362.45462,390.41898,404.129,364.48196,22.55182,25.946548,36.24843,29.490168,30.539103,24.96836,2.6818976,3.4134333,5.791218,2.9276247,5.407142,3.95899,2.7048416,1.8771075,2.1928504,2.21265,2.2516665,1.8818183,2.5442543,11.387379,10.226921,5.926081,12.421107,7.7562747,54.961502,44.11345,59.665222,64.25815,50.24977,55.685467
2025-12-31 00:00:00+00:00,site_1432,224.39134,206.6366,229.88118,307.75842,260.2499,199.8571,265.60034,318.94595,358.1691,362.2191,340.23102,305.82486,20.00615,28.108305,32.620808,27.785322,26.235247,21.494833,2.5081813,4.351473,4.0837603,2.9572732,6.0650244,3.6965046,2.3646362,1.9093473,2.1273658,2.389989,1.8750983,1.7769914,6.978708,11.342076,12.028179,8.855142,7.3970895,6.3088775,52.13752,53.44621,55.40532,56.72652,43.237976,52.55835
2025-12-31 01:00:00+00:00,site_1432,173.45558,195.8064,200.0389,274.11108,239.51813,198.70424,185.55913,308.9967,298.82062,343.75998,333.4115,313.497,20.438736,29.633686,35.50397,22.479652,23.52278,19.153814,4.3683314,4.2003374,7.168868,2.0870106,4.94706,3.3958166,2.2971177,2.1370747,2.028304,2.06271,1.6338595,1.550063,2.5973911,10.634409,35.00973,10.973496,9.095952,7.5366135,48.737415,56.11353,55.78995,50.454647,44.56034,50.565144
2025-12-31 02:00:00+00:00,site_1432,157.4192,207.41383,224.20428,247.78766,209.49419,196.0118,192.55943,354.37335,334.42953,331.65155,314.06635,306.31342,18.780409,36.431698,31.33285,21.403584,26.784204,18.339336,3.29565,4.443666,2.777956,2.241907,3.75127,3.7887733,2.3422334,1.9699618,1.9229767,1.942906,1.5549167,1.4275866,0.080708355,12.053821,24.05659,12.433796,6.138391,6.7931514,47.836292,59.94046,59.07015,48.728863,41.475273,40.088455
2025-12-31 03:00:00+00:00,site_1432,176.09427,227.24577,240.68188,230.41759,217.52461,181.25102,217.10973,380.26334,348.62366,314.28748,306.49634,304.3274,22.083887,37.569843,33.64419,22.196697,25.251442,18.992151,2.8831117,2.0181918,3.7590203,1.8483025,3.4934738,3.1841853,2.493689,2.1855335,2.00771,2.0066319,1.6821235,1.5345466,3.943211,15.113422,23.07585,14.8288965,6.9618306,10.5740795,45.203075,59.384953,61.238495,54.009724,38.48572,38.83619
2025-12-31 04:00:00+00:00,site_1432,200.72426,213.39874,235.83672,211.96774,202.24367,193.20885,245.3,358.69098,341.91318,323.87228,311.11603,274.0412,24.573849,37.244137,41.189114,26.62896,27.624006,22.945524,1.8828574,1.8860153,6.333208,2.615121,4.818904,3.2104187,2.0631936,1.9272627,1.9459479,1.774707,1.6819953,1.50022,6.27329,14.072,19.822418,13.496612,9.450908,11.87064,45.9169,56.280285,53.046432,41.82192,38.083878,29.06736
2025-12-31 05:00:00+00:00,site_1432,172.54774,252.12244,258.50723,218.95818,181.0509,183.60716,240.75903,366.7919,362.14505,251.81898,290.24875,262.80646,26.862316,42.01993,48.7818,29.901363,28.212309,26.414534,2.6878033,2.865006,4.908107,2.478767,3.3250728,4.0845523,2.0152953,1.9888879,2.1082923,1.8046163,1.6145455,1.6001446,3.9872296,21.251806,12.191734,14.768956,9.244921,7.0629015,43.484535,50.75605,56.649395,41.099953,39.390392,31.053522
2025-12-31 06:00:00+00:00,site_1432,205.98033,266.75024,234.14888,216.14658,176.99455,174.53387,303.6241,392.18234,393.42526,289.318,272.0488,280.6241,24.67013,29.586767,45.882706,20.571321,24.101992,20.800951,2.7488334,2.7229445,4.7887144,3.2115362,2.9780948,4.0885897,2.3741229,2.1262412,2.317293,2.3226805,1.425203,1.6164359,4.4603105,23.279299,4.7709994,8.662438,9.899615,7.8886847,44.19947,53.133533,54.459175,44.162132,38.037594,34.16259
2025-12-31 07:00:00+00:00,site_1432,271.73093,294.01627,284.72964,217.13493,157.40315,180.06497,369.70804,399.16974,357.7606,289.93076,268.56088,257.5572,34.661373,39.431858,49.046165,27.15287,29.366724,18.973703,2.1251755,4.5466027,3.9376128,2.545658,3.9838545,2.842571,2.4992812,2.0683193,2.4752882,2.3068163,1.6891034,1.570061,2.553302,29.90346,6.251045,8.497598,4.0090065,6.0980344,45.661278,50.394306,55.044567,41.26119,35.71089,30.491518
2025-12-31 08:00:00+00:00,site_1432,263.2509,284.34885,290.6696,185.59145,169.00456,175.42955,420.29193,396.55853,395.28668,283.7521,285.4194,253.91086,33.68585,40.169277,34.06149,29.73931,29.9903,15.882483,2.999699,5.6709414,4.3205976,4.8202767,4.0581126,3.7424936,2.3599944,1.9335582,2.0766964,2.1773612,1.683727,1.5525495,3.4654536,23.499172,4.1381745,10.747387,2.6374235,7.0451374,39.094406,42.91893,44.682423,36.94056,36.940205,33.960876
2025-12-31 09:00:00+00:00,site_1432,219.20132,257.25897,266.5587,222.92705,185.27942,195.22617,327.38458,372.27258,387.95853,323.66495,297.8375,272.42505,35.589573,36.590153,28.343561,31.543694,33.319466,23.629398,2.7600553,5.773524,3.7908435,4.3085623,3.0748823,3.7840552,2.3295755,2.1764288,2.2330334,2.0965695,1.6165239,1.7003453,7.409318,28.707878,5.5598536,13.8815975,7.163087,10.528009,39.539654,44.367374,45.15153,36.67491,31.583784,36.023907
2025-12-31 10:00:00+00:00,site_1432,196.23126,240.3344,273.09186,241.49223,184.48155,184.0199,276.9394,376.64853,332.45477,309.24142,280.03644,250.4195,39.33809,43.357548,33.4947,36.118347,40.85778,36.007675,2.28262,4.579233,4.7996945,4.5973406,7.6917677,13.991946,1.0608414,1.3893415,1.6470681,1.3247298,1.0901568,0.8473553,8.247247,21.311747,9.847473,27.634491,7.889707,8.607455,45.506382,54.8162,47.73592,39.70894,29.743958,30.500948
2025-12-31 11:00:00+00:00,site_1432,252.03094,252.1782,273.77048,201.69318,169.20665,182.58398,346.89938,390.76282,302.5789,323.19937,297.50818,242.64235,55.963497,61.49555,38.26556,47.614285,49.56907,36.028107,2.536159,4.2577753,3.6506839,4.790333,4.913176,4.2355394,2.488081,2.162888,2.184625,1.8858998,1.5287586,1.4984949,8.493313,10.747343,10.15302,19.55175,12.835008,11.483461,53.90926,59.111637,53.177708,50.34901,40.793373,38.14416
2025-12-31 12:00:00+00:00,site_1432,262.8748,255.77829,274.57553,201.673,168.24513,170.98918,379.22046,394.05292,310.34625,304.14194,297.7136,244.87805,54.296906,57.798424,39.349014,42.033417,44.807728,29.691504,2.4976993,3.2263618,4.4205503,4.73056,5.3880367,4.7689185,2.3254318,2.1321816,2.2055995,1.8248594,1.4000705,1.5426471,11.321913,6.0936756,10.756389,20.230276,13.922162,20.195322,100.984215,104.600136,91.49555,88.08152,72.116936,71.72154
2025-12-31 13:00:00+00:00,site_1432,285.49698,282.43048,248.35577,200.40866,180.77466,191.4237,409.01617,438.5472,329.45724,309.87164,320.95505,284.94537,52.776768,57.393623,37.46809,50.617924,47.594856,48.87655,3.490956,4.73255,5.1831017,6.3164067,7.270975,7.8264284,2.3216968,2.388043,2.094408,1.6584622,1.3969793,1.5106133,15.189122,10.163794,15.196737,26.036278,20.210949,28.754139,135.36021,74.703316,88.14963,117.81053,99.12527,83.320274
2025-12-31 14:00:00+00:00,site_1432,312.59924,283.87756,233.14763,206.0951,154.60301,181.66925,408.666,402.56964,301.63467,298.58746,293.03418,314.84753,65.81011,59.304867,48.7851,50.107086,54.621803,51.7448,5.0477657,9.11934,10.857062,8.965036,10.3734455,13.922103,2.400565,3.1240234,2.2355273,2.1710446,1.7889198,1.9201357,15.000169,15.650909,27.134352,31.643744,39.85437,46.03622,110.19397,80.75609,91.85557,93.459236,89.60384,74.98011
2025-12-31 15:00:00+00:00,site_1432,312.584,257.2268,175.27739,185.79561,152.35477,164.8552,424.97513,376.9846,241.42838,242.05586,264.47845,276.73578,45.294582,36.212612,25.682081,36.277912,37.411133,27.425282,2.614924,3.4088995,4.460511,4.800111,5.866397,3.951283,2.3808188,2.3176954,1.8459641,1.7577698,1.5450463,2.0806658,15.693131,9.316819,18.209303,39.006832,29.430635,48.5663,56.792744,52.415623,39.902035,47.2728,40.3511,33.153965
2025-12-31 16:00:00+00:00,site_1432,317.27655,269.8068,186.0157,200.00824,139.22234,164.48259,425.86707,339.39383,251.57442,263.55154,248.93558,310.7619,43.82152,30.257511,14.501394,37.72314,38.664646,25.692772,3.034541,3.703212,3.7856154,5.589892,6.7072325,4.4632993,2.527116,2.252062,1.9716295,1.851363,1.528833,1.5562521,12.780715,12.575491,20.18097,36.85218,27.579046,42.568436,42.894855,43.9537,36.349216,33.331974,29.34187,27.05168
2025-12-31 17:00:00+00:00,site_1432,345.0767,238.98315,186.95706,243.99547,158.2294,178.58278,479.63712,317.55774,275.74963,336.55017,241.2786,303.15952,45.01452,28.518505,23.210468,43.68645,40.010117,29.064344,7.509037,5.4658847,5.9260154,7.299493,8.048365,7.5806527,3.0799358,1.8539159,1.8164939,2.286683,1.6600713,1.937638,8.0959015,8.357983,18.223028,23.586931,24.215677,24.063063,49.09028,45.989456,42.495003,39.578445,32.953934,30.988415
2025-12-31 18:00:00+00:00,site_1432,348.49814,196.9112,193.60307,242.48296,147.50294,192.87814,536.7741,313.57532,271.40497,335.73425,254.74596,322.68408,50.883427,29.856886,28.19918,45.301884,34.46648,31.321419,6.683997,5.759592,4.932343,6.498009,6.219939,6.5585866,3.0749416,1.8509297,1.8116267,2.289584,1.8694929,1.7807707,4.768438,8.700494,13.145061,10.0664425,9.428407,9.007098,48.61174,47.33685,46.068184,44.60204,34.453876,29.493664
2025-12-31 19:00:00+00:00,site_1432,372.13495,202.45784,198.55994,293.13794,180.83417,230.47202,565.47504,316.8997,267.27133,353.71515,278.31265,402.44235,53.76198,32.888092,29.165497,60.098095,40.438435,30.774174,6.5338297,4.4506755,4.4328833,6.419248,5.469338,8.610405,2.7323775,1.5268836,1.5971427,3.005837,1.8204229,2.312798,2.675569,8.564829,15.746242,3.6654365,6.4759116,5.396362,83.218956,78.94307,65.52015,73.57184,56.125446,46.994232
2025-12-31 20:00:00+00:00,site_1432,393.2656,200.5622,218.8093,307.0398,225.52017,313.93927,551.09174,289.481,281.99292,374.708,347.90323,466.45346,57.351734,38.722294,42.95435,60.54044,40.873543,53.795918,7.026654,5.098747,4.414923,7.7013807,7.1450357,7.2449203,2.5200346,1.5393332,1.6671927,2.6608884,1.9880651,2.3521447,5.414755,12.981902,20.958088,6.5056353,6.86418,1.6964719,102.56535,84.964554,91.15997,92.62362,72.28342,64.703285
2025-12-31 21:00:00+00:00,site_1432,373.97937,226.10118,227.4021,315.54297,202.80708,348.4763,532.6125,339.82413,336.6605,450.9082,344.97784,503.50513,66.70734,59.17773,69.12997,71.1715,63.658257,71.3164,7.6341953,11.14021,10.940886,10.034095,9.1174135,15.328948,2.799671,2.1834278,1.9806614,3.9459019,3.0540836,3.8522847,7.625514,26.786963,35.108494,11.26476,8.053897,6.113901,121.983765,78.640045,88.81342,103.10333,82.65516,93.77872
2025-12-31 22:00:00+00:00,site_1432,367.54318,241.40344,209.89958,305.59598,204.34193,280.64948,486.07083,357.4912,314.46268,418.7757,321.3663,472.34024,70.60518,54.378765,65.81091,72.38596,59.803326,64.89104,8.321855,10.457605,13.483999,8.941071,11.303674,16.462088,2.5255952,2.103455,2.2003243,3.0652869,2.731187,3.187995,6.5726423,30.544374,39.665203,9.520815,8.555776,9.311803,102.15422,77.513115,81.16712,86.08381,78.915924,76.41043
2025-12-31 23:00:00+00:00,site_1432,345.05774,178.27368,203.04842,262.63986,199.02205,229.14923,467.6469,315.2585,328.7334,395.9485,327.8404,394.38916,51.73515,39.16189,51.519035,46.997044,35.6529,37.69936,5.409432,3.0354707,8.632094,5.9842286,3.4081297,8.211894,1.9260994,1.7235085,1.7825114,2.394348,2.0708122,2.2720196,7.1477933,17.401457,24.679914,8.073431,10.531611,5.595613,55.780205,45.240486,53.85152,48.98264,40.959213,34.697952
2025-12-29 00:00:00+00:00,site_1435,247.72322,279.062,222.48425,310.01508,244.78185,245.56944,478.3324,394.31818,351.72723,399.55502,369.29025,353.05664,34.49924,44.259056,55.096798,47.343723,48.693264,48.216446,7.9544773,6.832445,14.154283,7.551922,9.369817,9.828599,0.9974773,1.906827,0.9662508,1.254181,1.5057496,1.787089,5.5737157,8.928697,17.11074,6.68769,14.1528225,4.316489,54.054653,61.73901,60.07665,54.563354,46.959564,47.283085
2025-12-29 01:00:00+00:00,site_1435,440.97357,217.6418,236.27278,234.15477,206.52885,215.39069,630.0701,378.70923,355.39005,428.45428,343.74866,308.0863,42.98097,44.557667,58.881527,50.91316,50.38538,45.57481,7.7101808,6.9733095,10.74851,8.572159,11.446609,9.012799,3.2290215,2.074957,1.8788897,2.1517122,1.5095474,1.5761538,2.6665452,10.258859,24.098093,8.312385,10.246986,8.244579,50.98171,53.098988,53.011272,53.464645,46.975998,42.110264
2025-12-29 02:00:00+00:00,site_1435,400.91696,258.6299,246.82387,305.65784,233.7559,238.7119,612.54724,424.28885,399.7693,412.8485,348.6744,351.22458,46.053932,57.53622,59.407684,50.70155,47.223663,43.42075,6.582255,4.901154,16.125854,7.298625,9.017242,6.984848,3.5914204,2.3546722,1.9145335,2.1830983,1.9412084,1.6359811,3.272192,12.133688,26.582691,8.895221,6.5242295,7.042866,53.52757,60.258583,56.753967,60.839058,51.4661,50.327442
2025-12-29 03:00:00+00:00,site_1435,304.87305,256.89163,228.40501,310.7727,214.24629,205.77472,504.03152,435.0232,364.15558,419.13712,322.39487,314.83304,49.88113,73.3647,62.890335,50.24527,52.487595,44.003056,7.3883734,7.2363515,10.898766,8.691849,9.2282715,8.693547,1.3033447,1.2712095,1.1575152,0.9545214,1.331548,1.2103566,2.9564033,10.570288,26.683977,10.855054,10.269031,4.923809,53.798096,57.858906,60.301243,57.09749,48.993656,45.15498
2025-12-29 04:00:00+00:00,site_1435,346.41522,254.35187,264.05518,268.78302,188.31389,211.03366,473.85904,400.75677,416.2382,412.80814,303.9885,278.0425,48.848644,77.41219,65.90047,49.601345,52.38463,41.400116,6.5803027,6.8115187,11.670222,7.6633406,8.068714,7.9574594,1.1404654,1.4907724,1.1986003,1.3554671,1.2179666,0.9581243,2.8895729,7.8691645,17.076698,13.187817,4.770917,7.8943434,54.531216,57.922127,64.85698,54.378296,44.221363,40.17061
2025-12-29 05:00:00+00:00,site_1435,201.20264,242.5383,226.18404,256.78143,218.39467,212.95993,380.56787,438.43265,370.1948,361.276,311.64563,288.60544,48.918472,77.143234,78.88086,50.814865,51.191925,43.133644,6.029149,7.434452,10.359614,6.3897343,7.8670335,7.0317235,0.88746774,1.4808574,1.3772417,0.987196,1.177868,0.8221853,2.8226895,6.71138,10.2198715,4.611119,5.574467,6.5046854,54.459545,62.44461,62.199253,54.668587,48.103455,45.23639
2025-12-29 06:00:00+00:00,site_1435,287.028,245.67511,202.8777,213.83702,203.11705,193.89995,350.28305,433.31265,400.15253,340.55438,277.29288,291.5258,56.721508,77.22241,95.04124,56.21445,68.93463,50.11073,6.039182,8.024125,10.514113,6.5632105,7.487034,7.2875795,3.305667,2.4122674,1.9630339,1.6643807,2.2077065,1.6850795,2.6627166,20.761896,0.40383774,5.6704154,3.8494701,5.6185594,57.015415,62.577694,64.50585,57.089203,50.69892,48.539974
2025-12-29 07:00:00+00:00,site_1435,256.48358,303.085,218.67128,197.85855,184.65703,195.23874,354.8731,443.84842,401.87808,299.04172,264.1346,280.97073,64.895454,70.66384,88.59094,49.064587,54.10433,43.670197,5.3523507,10.6163845,11.870956,7.1466503,8.363664,7.9785523,0.9658232,1.0963768,1.7383518,1.0763482,1.0607886,1.341545,3.799327,28.818937,2.1913743,4.5827494,8.090278,6.9774194,57.427494,59.7415,63.4611,54.668823,51.75878,45.39865
2025-12-29 08:00:00+00:00,site_1435,326.89548,267.9139,261.8125,225.68646,196.14049,182.3207,417.32495,414.48907,484.89407,343.42047,297.08514,298.39966,86.348465,78.71754,87.81498,68.73816,67.15006,54.53054,5.747686,10.168765,10.972408,6.1095014,7.936064,6.6815357,4.798666,2.2081451,3.045347,1.8910837,1.806828,2.0056431,3.6280093,41.136192,9.178519,4.1364207,4.37067,7.9543824,60.35951,65.09023,66.60555,62.717163,54.975887,55.937523
2025-12-29 09:00:00+00:00,site_1435,260.33524,230.44841,273.87256,224.68657,193.86516,174.41565,397.979,373.93567,485.73975,341.99832,298.98932,294.8884,75.29673,66.32018,80.850044,68.8971,63.87903,59.047604,7.6133976,10.806409,11.660669,6.923411,9.033857,7.1312566,2.0206113,1.4682424,3.2025383,1.8172626,1.7061102,1.4365693,7.0015616,44.760468,6.7046356,2.359825,7.22785,4.9250584,62.47043,64.90029,64.0616,57.49558,58.292645,54.357788
2025-12-29 10:00:00+00:00,site_1435,292.1181,245.94936,263.62805,229.00072,212.68207,199.08586,393.3456,335.34583,438.19513,367.38135,332.32156,323.34824,52.51446,59.662464,53.725796,58.71261,55.050823,50.71214,7.65428,7.7559752,10.922736,8.650197,9.130188,7.626884,2.2010334,1.6226109,1.9995475,1.9815294,1.5311495,1.7185776,12.933447,31.247591,6.9564385,13.062134,13.396794,10.628225,59.652096,60.368923,61.48925,57.081707,56.71519,48.978184
2025-12-29 11:00:00+00:00,site_1435,153.52019,198.35495,249.20316,235.2563,213.26674,187.70235,349.46448,327.37344,379.21545,383.57834,306.44116,299.7341,48.224293,61.76824,59.059196,52.859135,52.482338,49.755493,10.283774,9.858437,13.610857,10.932339,11.498593,11.295759,0.23743299,0.85800076,1.2565852,1.098744,1.0672312,1.1410116,25.858137,12.634489,9.273766,23.29699,18.239145,18.875017,63.332703,63.811024,60.95675,57.70471,52.90475,53.569153
2025-12-29 12:00:00+00:00,site_1435,151.12834,223.35568,239.8026,245.33812,231.41695,200.3249,342.58493,367.83936,368.94202,350.58353,349.05783,316.13428,48.050995,66.34488,49.629677,53.684044,48.940754,42.407127,10.474137,10.643372,10.483971,13.609329,12.343879,10.892807,0.432408,1.5354776,1.5864515,1.017819,1.1197824,1.1443824,43.725506,3.6589284,4.3633366,23.523499,25.900557,26.825367,61.105854,62.89425,59.51218,53.463158,53.219265,49.07549
2025-12-29 13:00:00+00:00,site_1435,188.86751,291.9305,247.16557,253.12915,204.7031,183.7883,382.1197,404.73553,376.83636,380.61972,354.82538,308.84366,78.94145,77.48078,48.03571,50.437378,39.460953,26.741934,13.474596,10.953761,10.587776,13.071553,9.437626,11.41701,1.3333493,2.0988984,1.8250372,1.5430174,1.5338401,1.3006254,48.633465,6.988391,8.833254,33.249794,31.77379,45.861664,47.739464,59.87958,60.507664,63.30753,50.59212,56.023018
2025-12-29 14:00:00+00:00,site_1435,152.3777,321.89648,241.34555,265.85446,213.20514,189.93526,356.33405,441.68784,391.57278,371.5465,335.4512,289.6051,58.437775,74.42235,48.456066,51.27296,49.28843,39.30971,10.822031,10.486356,9.418686,13.047589,13.876007,9.797272,0.9269875,2.4048266,1.6080729,1.2851746,1.2806877,1.1849533,70.98647,4.8485856,8.572267,58.74997,52.168663,56.820183,61.568153,61.680405,58.340008,59.416103,56.20387,48.043198
2025-12-29 15:00:00+00:00,site_1435,171.35628,436.80554,250.40105,241.31607,215.6511,194.60544,344.66245,438.41495,381.38565,339.0265,313.48758,293.04333,72.66204,75.17942,49.772987,55.775204,53.34495,45.234413,10.532815,10.476236,8.715331,12.166169,16.2208,12.964124,1.0274134,2.8287864,1.571615,1.3084797,1.2420179,1.1442488,49.445778,4.331136,9.781079,62.586243,49.631466,58.20841,60.923275,63.957607,59.39243,57.673233,55.710205,46.089886
2025-12-29 16:00:00+00:00,site_1435,248.49446,379.72937,289.33685,254.14578,216.06708,190.61357,488.46292,497.59186,404.90915,412.84113,333.22757,274.96298,79.61717,76.01172,44.928337,61.568977,58.068947,54.602013,10.861835,10.836443,9.320569,11.928174,14.69907,10.115211,1.3282057,2.8851354,1.6052898,1.2847837,1.286082,1.1869687,28.58869,6.020882,13.340866,47.318413,41.37669,51.707066,62.389416,61.2749,55.311626,61.021744,51.787285,45.21417
2025-12-29 17:00:00+00:00,site_1435,280.93246,341.68027,273.30112,285.98242,234.15103,199.94427,607.86896,520.62524,362.82175,380.80048,411.83978,308.66452,75.86545,65.377235,42.44477,58.10975,63.90392,47.283955,8.989238,12.190665,8.702445,11.262777,12.462367,11.584124,1.7197856,2.4908972,1.2211794,1.5685668,1.4492949,1.0575349,8.364647,5.590446,12.30416,19.931068,14.180512,21.196924,62.55037,57.957912,51.53543,60.078735,52.868874,44.748962
2025-12-29 18:00:00+00:00,site_1435,284.32397,335.1937,266.71317,286.37854,206.80424,205.01459,555.66864,504.9722,371.56625,397.80118,345.06702,336.71542,66.9757,53.756573,35.204903,70.70967,69.15112,59.446945,8.9724455,7.732864,8.696611,9.757789,12.727706,12.973165,1.6721067,2.1154375,1.3490106,1.8400236,1.6314175,1.867368,4.9739966,4.3610635,16.01602,7.742106,3.4421206,8.607121,60.512634,62.490723,57.434372,58.806717,48.300755,46.53788
2025-12-29 19:00:00+00:00,site_1435,295.8575,265.17844,220.63246,281.02866,205.12117,216.52637,493.34073,443.70883,354.5273,437.67673,339.18588,380.07333,53.209324,36.438976,41.170948,63.94661,60.718998,55.824493,7.5524974,8.308228,7.928445,11.02908,11.335375,13.613209,2.7984774,2.122949,1.6946099,2.205998,1.8224084,1.7909013,2.8651748,5.5993624,10.323641,7.2296205,3.8764,7.6406274,57.767727,55.48326,53.950966,53.94373,46.178776,40.241802
2025-12-29 20:00:00+00:00,site_1435,305.00732,332.62006,266.92862,330.8292,246.3753,262.79623,427.09155,422.0077,365.8059,453.6264,373.14273,396.61313,46.80911,43.980076,48.019623,63.369778,54.771744,43.57084,9.099263,8.743053,11.155467,10.807688,13.605248,14.42872,2.2020867,1.4214911,1.3149228,1.9646848,1.7770756,1.9907506,2.4785137,9.139944,14.733494,7.907098,7.343361,7.6156735,55.899105,55.525654,55.088726,57.268948,49.38686,46.405125
2025-12-29 21:00:00+00:00,site_1435,284.0707,245.04324,238.60359,266.43097,212.4166,264.65988,422.53558,386.08762,381.69565,445.06918,357.0229,403.37164,36.560764,31.6754,64.52209,54.461308,47.25357,38.471478,8.052231,7.4025292,13.372846,8.540409,10.923054,12.613471,2.3335044,1.8630134,1.6839195,2.172863,1.9119701,2.528092,2.9593053,9.1771965,5.0482197,6.439437,8.983468,6.475826,61.213116,54.53354,58.40492,60.80693,53.783394,46.708794
2025-12-29 22:00:00+00:00,site_1435,312.8515,237.3062,243.52686,288.26517,221.75932,261.93564,403.90555,347.40695,416.11185,449.15582,369.45056,371.25653,34.915733,33.21206,54.25181,46.1084,38.900993,42.33053,7.8848596,6.0820575,8.236137,8.510838,9.202862,8.837203,2.9200325,1.5811256,2.1590204,2.4536817,2.0608525,2.311511,4.373691,7.2610126,2.2064085,7.414001,6.963914,9.718324,58.008057,52.50531,56.302452,59.600136,56.969406,49.22688
2025-12-29 23:00:00+00:00,site_1435,315.64594,229.39102,221.49043,283.34888,245.43327,270.467,431.02222,370.76263,399.04202,455.4796,369.482,382.05426,34.19971,37.047886,70.46498,45.762424,43.357647,43.43976,7.595275,7.290768,8.689945,11.556817,10.373766,9.700739,2.8153074,1.6348432,1.7297792,3.3218586,2.2110763,2.430116,4.0311384,9.442219,13.754136,4.789084,7.5293255,7.423926,57.204742,47.831078,55.713776,56.450348,53.792442,46.534103
2025-12-30 00:00:00+00:00,site_1435,371.97318,244.35953,271.64798,276.9308,242.7418,268.04706,491.48813,380.70377,414.731,409.62,370.54376,412.9082,40.97983,43.198544,52.324123,42.465374,42.13149,41.68373,8.387213,7.8379574,8.492601,11.3209305,15.071568,14.510309,2.2548847,1.5368097,1.6507152,2.4646924,1.8383989,1.9773093,5.431787,7.154592,12.898676,7.686859,6.836437,8.80673,59.283432,53.841114,53.74199,49.966587,47.122242,43.476715
2025-12-30 01:00:00+00:00,site_1435,366.4095,227.55453,275.7863,259.02872,205.22421,228.92683,544.09015,405.22946,443.66095,407.58322,386.1218,350.3718,43.844654,51.309578,44.972603,40.469193,40.11495,42.169518,7.480176,6.7594185,7.4241395,8.660216,12.886644,9.97729,2.1035316,1.8688455,1.6099973,2.2160008,1.5550756,1.7353749,5.1771545,9.588902,20.490896,4.270892,4.9788055,9.673825,57.080387,51.352142,53.052586,49.93284,43.27133,43.98128
2025-12-30 02:00:00+00:00,site_1435,354.97113,243.3939,273.94666,264.1982,211.44637,213.23848,530.04205,412.75616,455.33713,374.0215,353.8372,312.2227,53.433918,60.62851,51.26444,51.39203,44.198376,40.124016,6.76964,6.367586,7.946916,8.403476,8.688318,8.758514,1.9045188,1.8020072,1.5899273,1.9074566,1.5373075,1.311144,3.0564158,9.233241,22.974958,5.1339,5.3554068,7.341961,54.914696,51.376488,57.091526,47.904808,40.890984,41.3064
2025-12-30 03:00:00+00:00,site_1435,364.9094,242.50023,279.1988,252.59412,195.56456,192.41072,492.664,416.9366,427.8004,371.85104,327.02203,308.54117,57.189648,89.30648,64.26036,60.25703,51.23295,47.457508,6.5506086,10.877567,10.798929,7.963416,8.004695,7.722742,1.8995656,1.9015422,1.4679779,1.8345965,1.6133006,1.4787545,3.652581,10.1382,25.374573,7.231459,4.39494,7.6420045,56.263092,55.337875,58.515236,47.940804,40.81929,42.77691
2025-12-30 04:00:00+00:00,site_1435,324.9477,211.22482,268.42612,251.73178,188.33893,197.64171,472.17856,385.79272,400.15222,341.44888,317.15924,301.06534,60.05856,74.84637,80.5403,55.1492,52.259457,43.485832,6.2611895,9.023444,12.602601,6.934793,7.2812986,9.1082535,1.7125815,1.6850408,1.2980487,1.4595346,1.3416697,1.4147012,3.4262538,4.9485636,14.496721,10.163159,3.9820676,5.782454,56.210674,56.990448,58.595726,45.978058,39.314922,41.730373
2025-12-30 05:00:00+00:00,site_1435,284.37192,259.98685,241.36832,218.90935,174.86296,164.05167,420.2211,448.30402,410.49704,340.78568,298.72244,284.28458,68.849525,90.52165,104.34758,62.759647,51.98553,48.127666,6.324824,8.743135,10.0926485,8.433787,9.024979,8.48093,1.2221866,1.4400673,1.1428823,1.1662457,1.1839689,1.5212352,3.1324308,10.720536,9.558421,9.7365,6.538359,8.328874,58.83997,60.10192,58.790073,47.30893,41.32389,42.144375
2025-12-30 06:00:00+00:00,site_1435,263.16885,272.7174,241.91325,198.23997,175.78665,160.9195,374.5959,430.0139,390.94138,304.33102,293.67352,269.4771,73.28881,77.63049,104.02409,63.875824,50.388668,55.623512,5.058837,10.510286,10.326776,7.3883843,9.362355,7.0755816,1.2972838,1.4080496,1.4795506,1.1190778,1.1697431,1.4662269,2.9819338,20.606277,0.040282607,9.041458,6.4050508,8.166806,60.649204,60.347443,63.013218,49.82996,44.322506,42.76832
2025-12-30 07:00:00+00:00,site_1435,269.94635,269.17236,216.03163,212.40228,180.80128,157.91765,376.7497,402.1502,391.23373,308.1331,271.59393,289.21808,70.00907,65.69762,95.3689,59.79613,49.83743,51.007755,7.271549,9.85495,10.086155,8.104059,7.9298277,7.0239496,1.4629135,1.2672383,2.1773887,1.3097414,1.0503472,1.1105917,4.5055475,22.463623,3.4400463,7.205696,8.060546,8.205507,62.54477,63.066593,63.444294,51.179573,47.19618,46.301704
2025-12-30 08:00:00+00:00,site_1435,279.2469,253.07625,234.62247,226.27463,185.27008,182.64618,400.2904,351.44107,437.79318,333.59848,287.37076,297.17807,63.18777,52.04318,73.64309,53.332012,43.094563,42.27936,7.742284,11.280616,10.450399,8.339525,8.037698,7.7005754,1.2772148,1.0955061,1.8821728,1.1887511,1.0324306,0.99736255,2.9577558,40.110527,3.834326,4.1960683,6.2043304,8.653694,61.91737,63.329468,63.247894,54.00897,47.933933,48.17313
2025-12-30 09:00:00+00:00,site_1435,270.7822,219.17586,246.88326,200.27977,198.45888,177.76051,384.231,316.02515,421.5104,329.09988,298.40347,295.79486,74.86985,56.650936,67.53527,59.11774,53.599846,54.624863,7.653199,10.543109,9.75674,8.934358,9.139123,8.076679,1.851337,1.3529932,2.5590105,1.6357363,1.4867452,1.625306,3.2019544,33.246468,2.6219568,8.190346,8.454467,7.8814535,63.39018,63.616497,64.83807,56.178574,50.520725,50.945595
2025-12-30 10:00:00+00:00,site_1435,311.62723,200.74487,294.73746,219.54019,216.83195,214.5062,417.84143,276.70767,477.69894,383.96326,314.97058,312.9453,85.81315,66.20195,67.0713,74.937035,59.5174,59.677246,10.274215,11.1618805,10.467163,11.191847,9.979342,10.004048,1.9959924,1.3245047,3.1209593,1.717652,1.5630269,1.4717126,10.590191,37.12836,4.192447,14.067269,11.513957,11.826901,67.44277,65.0305,64.48214,60.011868,60.651672,53.624474
2025-12-30 11:00:00+00:00,site_1435,351.74615,227.3731,307.58698,262.01407,230.93398,216.35213,471.62448,313.0822,470.45132,334.8024,331.27164,303.80603,80.667244,85.853714,51.42773,73.462036,60.89316,66.8548,11.549063,11.609638,11.297537,12.816769,11.752492,10.991538,2.0543818,1.5901514,3.4980922,1.9689816,1.5925301,1.5144359,31.451132,22.367132,7.553552,25.464108,23.405867,28.732872,70.62484,64.01666,68.145905,63.953617,58.31673,55.00406
2025-12-30 12:00:00+00:00,site_1435,359.9639,279.04715,275.8501,233.58339,241.95032,205.60912,465.57648,387.442,430.54773,338.06152,331.87674,311.10968,73.066025,86.37567,51.71045,71.038925,60.511425,64.73146,13.769873,9.825097,9.045758,12.361798,9.671176,9.85751,0.98637134,1.7005222,1.9342519,1.0561146,0.9885126,1.1220926,76.94185,9.790378,5.0902376,49.03167,38.235428,39.613083,63.221344,59.669956,56.995697,52.400314,48.745007,44.38076
2025-12-30 13:00:00+00:00,site_1435,376.07693,376.93738,306.11728,259.01978,238.76385,197.75668,537.13586,519.30115,439.1968,360.5939,348.71167,323.02652,82.743004,86.03084,52.98788,58.356644,54.635853,60.686,15.33186,13.958028,10.530413,14.691112,10.867715,10.826566,1.6268958,2.5261896,1.7636338,1.5099267,1.612146,1.2681313,65.17322,7.9501853,5.757255,43.207375,41.67829,46.19792,62.091476,61.693203,58.09941,57.154724,52.55663,45.752655
2025-12-30 14:00:00+00:00,site_1435,360.14633,401.57376,308.29474,275.2024,243.90375,192.91487,585.6278,543.7184,427.73175,362.95273,392.94275,291.198,72.57156,78.994095,57.752968,64.88252,53.805145,53.08196,13.842627,12.153115,9.701986,13.512864,11.433407,9.55977,1.1323798,3.5502667,1.496749,1.0670884,1.1106339,1.0075085,82.59307,7.327298,9.959125,58.75568,61.729374,54.420185,67.22938,68.16496,61.815865,56.11211,53.124077,49.128498
2025-12-30 15:00:00+00:00,site_1435,260.85907,376.71295,290.0407,267.73657,208.38013,206.10976,412.1217,588.9332,422.58612,401.21487,317.25403,319.02347,70.77595,84.50724,52.52461,57.429226,43.669502,48.995167,11.442267,10.444833,6.720891,14.663756,13.291891,10.437254,0.7949206,4.6777062,1.3165852,1.1569679,1.0286613,1.1079214,60.97798,9.130811,11.463033,64.242516,64.24017,51.542458,66.1866,71.16478,58.819088,61.196194,54.52976,50.581734
2025-12-30 16:00:00+00:00,site_1435,185.12608,344.91638,275.54834,273.128,201.48256,210.50333,288.6655,590.49915,367.571,403.391,350.55566,323.47797,87.32934,83.516685,57.256107,65.28858,61.63075,54.525787,10.684101,12.438547,6.9402432,13.965396,15.412767,15.159325,1.7575953,5.253812,1.8755975,1.4058799,1.1160452,1.0965487,25.419264,6.411389,9.705622,57.526226,45.972225,48.547443,61.154926,69.1189,55.848568,62.61027,53.0703,55.414528
2025-12-30 17:00:00+00:00,site_1435,210.79507,316.15378,217.96495,263.07077,200.3891,176.27208,290.43756,492.44797,315.66025,388.65085,348.8838,289.51886,83.71286,60.94108,46.00419,75.85811,67.00263,57.083187,8.610096,11.389014,6.1320233,11.018494,12.529882,12.2474785,2.2846346,4.086389,1.9460274,1.6721961,1.3251809,1.4326811,11.539104,6.1959004,9.185368,19.902649,17.322714,21.58976,64.14138,63.10729,51.55268,61.138626,51.306732,50.360714
2025-12-30 18:00:00+00:00,site_1435,285.9031,269.51968,239.20418,275.8871,221.45612,160.97179,423.0946,466.70612,313.35815,398.52618,346.8058,288.65375,76.88863,59.855972,43.4811,90.9072,89.91828,77.01084,8.271039,9.587208,5.923536,9.355909,9.874289,11.41812,3.507426,3.990293,1.7377557,2.415601,1.9478917,1.9167252,5.8888464,11.689502,14.788421,11.25823,7.585128,4.670145,62.17849,56.118843,54.017628,58.334232,54.46772,47.590725
2025-12-30 19:00:00+00:00,site_1435,464.34933,271.79526,258.88266,271.42004,223.92825,245.17804,640.5345,448.34103,362.5205,435.96338,402.2555,356.83823,71.37385,45.406208,45.454987,78.29494,67.83404,67.93999,8.696268,10.423174,5.3139977,9.438595,11.915422,15.729238,3.8883197,3.7131424,1.8640122,2.9845278,2.3347065,2.2116637,5.3376484,10.431772,8.980498,10.454318,7.079426,4.725611,64.81205,60.838257,50.535316,56.84114,54.84046,49.66523
2025-12-30 20:00:00+00:00,site_1435,629.9237,291.7921,287.0037,306.55768,275.73636,275.84866,811.1542,477.44592,407.94333,464.56702,458.34647,441.97357,65.665115,41.75166,56.83927,65.67284,55.697998,56.777172,11.371315,8.948758,7.876195,9.353629,12.70449,17.706654,4.05109,2.7796156,2.0441751,3.0220706,2.6490064,2.3846307,4.712397,14.902566,10.908076,17.086466,8.014179,2.6570075,65.174,55.32729,54.738346,62.725456,54.18746,53.046753
2025-12-30 21:00:00+00:00,site_1435,431.4299,346.57574,302.76947,408.40616,272.30057,286.05447,608.85913,450.62717,357.12378,549.11926,407.5798,439.5293,47.69152,44.47505,55.523357,57.981445,44.610367,45.53067,11.9582615,8.641493,6.6876626,10.89307,13.921083,15.810553,4.1121073,2.716734,1.8446627,3.0158916,2.856317,2.2666001,4.497039,13.267948,12.125674,12.466165,7.170287,3.639051,59.51254,57.301216,49.51922,64.55421,52.842243,54.9263
2025-12-30 22:00:00+00:00,site_1435,428.21313,326.80826,305.54276,391.45474,265.83966,249.51003,655.5333,419.34494,385.73428,502.8893,406.5389,425.83282,41.40669,37.851643,53.457405,52.03621,44.113503,42.181328,11.152335,8.662375,7.6487737,10.643627,12.930967,15.994537,3.768339,2.3281245,1.8402671,2.9233649,2.6261632,1.9081869,4.3563623,10.772808,14.233073,8.833776,6.8403244,5.8459463,59.29719,54.48316,54.04736,63.236485,52.084507,55.288265
2025-12-30 23:00:00+00:00,site_1435,416.35803,291.83398,283.22662,397.5094,282.85797,225.97366,636.1597,449.5733,404.8545,442.6384,405.04926,385.49597,35.456814,46.492115,69.14093,49.666428,39.583645,34.50309,10.698243,7.6597257,10.402882,9.565644,14.268438,13.371524,2.938727,2.1691892,1.85639,2.3666825,2.1851468,1.843962,2.3043742,9.258692,15.777789,9.190818,7.5952625,7.029365,55.690804,52.69443,59.652958,62.46775,52.2969,51.34734
2025-12-31 00:00:00+00:00,site_1435,399.74185,242.71996,334.35397,274.85663,241.29802,213.07426,593.41754,402.2256,469.84882,424.59238,389.3442,269.13095,35.000397,39.679867,56.161053,35.627182,33.87546,31.586481,8.310608,7.128112,13.865397,8.598167,13.3230095,13.299934,1.9014409,1.4939448,1.6612564,2.2497723,1.6189787,1.7796,4.0867457,8.733669,14.637069,9.472363,9.493023,5.564793,53.778843,50.11902,62.051487,54.11611,44.64456,45.75666
2025-12-31 01:00:00+00:00,site_1435,367.38812,244.43886,319.14725,251.62529,210.2739,203.18701,534.42474,382.52695,440.0826,405.1184,387.2843,273.51013,35.393394,45.20976,51.240654,36.002525,37.477844,30.195932,6.557739,7.336136,13.71014,5.621009,8.476137,8.60986,1.2999926,1.7619796,1.5377444,1.4856106,1.3945831,1.2334243,3.1724243,9.292305,19.237576,11.797096,9.798768,5.8496675,46.90955,49.693634,59.8848,51.860195,43.897575,43.99021
2025-12-31 02:00:00+00:00,site_1435,333.04022,237.05612,303.78366,256.5387,190.47832,203.33804,460.50772,382.2215,454.7534,410.8077,358.3371,270.89948,38.23279,58.610035,51.66639,36.372723,37.0736,29.834911,5.0228205,6.2634754,9.971112,5.410667,6.120419,7.9381723,0.99695474,1.6368765,1.2401128,1.2140162,1.1815224,1.2749263,2.0827205,11.730058,28.683886,12.76248,5.0099945,8.148935,50.132908,55.683804,62.410236,52.816578,41.50583,40.605755
2025-12-31 03:00:00+00:00,site_1435,253.59578,214.24168,254.44601,255.66985,186.16803,200.51837,365.55756,361.21542,381.43542,353.17218,328.4203,273.35794,39.850163,60.593853,56.63167,38.25057,48.232105,30.697803,5.8629804,6.5396075,9.178234,5.7135973,6.991053,10.094492,1.1681145,1.5068874,1.1388528,1.245076,1.5673652,1.482515,2.0183828,9.719238,25.270199,10.123287,5.8456964,10.175306,54.295113,55.73057,62.95258,54.176395,44.507973,45.56093
2025-12-31 04:00:00+00:00,site_1435,216.89157,180.54199,246.69565,213.90933,197.19125,191.43102,327.15533,349.8619,393.36945,330.9968,340.81732,257.5621,34.64163,54.149395,55.782856,36.20563,41.87334,30.527817,5.4282517,4.961718,7.4888825,5.7052703,6.0290127,6.9901395,1.1811662,1.3493865,1.2841152,1.0052634,1.5571381,1.4287986,2.2435157,7.7124753,21.866247,8.698803,6.6668286,8.934128,52.491196,53.06402,61.14412,51.508015,41.062706,40.041847
2025-12-31 05:00:00+00:00,site_1435,176.88654,219.31204,256.4647,216.67729,181.00842,175.32153,268.49713,350.5646,389.69708,279.06995,313.5764,257.00433,36.42494,57.541477,67.358925,39.151,35.143715,28.820423,7.4080806,6.5834904,9.256393,5.9895887,7.7062826,6.482255,1.2466005,1.6203551,1.544165,1.1717263,1.3647125,1.20751,1.56439,13.43518,11.683568,8.178009,6.9278936,7.9181685,51.59862,55.461483,63.19607,50.879726,41.0997,40.44569
2025-12-31 06:00:00+00:00,site_1435,211.37582,243.11533,243.14062,221.6761,174.31566,170.39984,302.2035,373.1375,409.05753,296.944,278.80582,263.87146,43.59594,54.759377,72.1115,36.86947,36.584114,31.869934,6.2565007,5.821734,9.091947,6.2272296,7.713214,7.5841064,1.2959402,1.6725287,1.7692502,1.437137,1.3500326,1.5061985,0.99557424,17.497559,5.5423326,9.750952,5.4340773,8.66091,54.7968,59.10113,64.20927,52.57389,46.49917,45.214157
2025-12-31 07:00:00+00:00,site_1435,212.12604,246.04082,268.12558,206.37517,165.07146,170.39938,325.28482,362.28796,380.3263,285.5286,283.7673,249.35878,45.271484,50.047752,68.899284,39.54765,42.956554,32.369434,8.362466,6.8453836,9.622011,7.208519,7.744455,7.6517286,1.2395508,1.1619422,1.896421,1.276311,1.4224815,1.2651585,1.8161718,30.407911,8.605944,8.725161,5.0810633,5.721429,56.04143,58.612396,64.53988,54.22306,46.9438,44.043015
2025-12-31 08:00:00+00:00,site_1435,193.19151,252.1513,281.38486,177.68753,165.70499,173.58696,278.95752,358.7473,395.46945,280.94135,308.02893,250.68141,43.93329,54.80251,59.687157,39.933548,43.14148,30.602692,7.44264,8.379657,9.248155,7.100136,5.8120265,7.97423,1.2830638,1.2970846,1.7568346,1.2131354,1.4724556,1.1685835,2.021585,30.318634,7.0592594,12.01408,3.6370196,6.0085454,56.269627,57.57494,64.49013,52.796074,45.53321,40.49356
2025-12-31 09:00:00+00:00,site_1435,197.9779,236.43033,281.29422,210.42255,168.81812,184.21013,271.99655,353.0447,375.433,284.8777,294.82037,243.50275,46.79894,53.176636,51.274094,42.64566,43.71188,36.22514,6.692901,9.608231,9.228484,7.3953876,5.6363406,7.345628,1.4244074,1.4164754,2.212367,1.1454931,1.4121373,1.0877284,2.734365,26.52472,5.742208,12.993612,2.8543262,7.6418056,56.21097,60.634453,64.494026,53.1082,42.36292,41.869736
2025-12-31 10:00:00+00:00,site_1435,205.20613,250.067,288.15753,231.82904,174.99658,175.39806,281.8251,379.42368,363.4902,290.20258,277.6028,258.95093,49.155754,53.4822,46.812164,48.065247,47.64859,35.59315,5.996275,7.1739893,6.94058,6.8500443,6.1619635,10.322264,1.2163727,1.3562716,1.6609752,1.0714419,1.0924516,0.9265816,5.9918637,16.138971,6.6628695,12.550676,2.3166332,6.847058,57.86038,60.713543,56.924778,57.505062,42.054493,39.117126
2025-12-31 11:00:00+00:00,site_1435,191.4579,242.45535,263.2178,215.82614,156.46136,179.83133,271.46774,378.7968,324.55313,318.57373,305.50735,263.80484,65.66614,89.47306,52.53517,59.66707,57.9413,51.147068,6.16318,9.019414,8.10627,9.3355665,7.043849,8.234096,1.2633386,1.427595,1.6334788,1.0888407,0.9897316,1.1045848,5.4652267,0.0,10.518623,13.944203,7.4908705,5.9867215,55.155457,57.429916,57.484673,55.408283,42.92795,41.31956
2025-12-31 12:00:00+00:00,site_1435,207.53902,234.27371,233.60425,202.7952,147.75563,166.45413,290.35626,360.01065,307.0763,298.30637,316.00537,247.40907,56.343822,71.77397,49.951927,47.727985,52.470715,35.444717,5.406603,6.900396,7.821959,7.180705,6.3694644,7.0356755,1.2014977,1.6348947,1.8496478,1.1422285,1.1132407,1.0219756,4.5282197,4.614545,7.248193,15.48883,9.876501,11.425297,59.06696,57.93662,55.423492,55.971592,44.561703,41.00385
2025-12-31 13:00:00+00:00,site_1435,221.53052,243.47472,221.30498,178.58595,149.38947,173.13507,287.89752,369.3776,321.39023,282.61682,308.30484,276.56165,44.086143,54.022728,41.223763,37.021824,37.20122,31.496883,5.8422513,7.6539288,7.036043,7.2125573,7.1738787,7.898278,1.1217451,1.7323647,1.4093969,0.88017976,1.0256621,0.9762729,8.745926,6.1326222,8.073564,18.952847,17.06885,22.246078,60.728073,58.870117,56.825363,56.330853,45.19302,42.93405
2025-12-31 14:00:00+00:00,site_1435,229.40424,238.53767,185.66003,157.90193,131.3229,162.81483,303.89612,315.9938,282.2396,255.71362,292.20743,257.4916,42.40591,45.51674,42.668064,35.031837,33.68504,28.834993,5.636984,7.3649487,5.8391585,7.3217363,7.8309755,6.994023,1.2020248,1.7614099,1.2643251,0.93304855,1.0173625,1.1561542,9.124373,6.3360577,9.712956,28.78344,23.525747,25.60075,62.546738,59.282356,51.3359,54.03922,47.58004,42.95118
2025-12-31 15:00:00+00:00,site_1435,254.30804,248.62398,188.61453,145.65077,141.6927,159.7387,339.79337,331.47284,270.9105,236.15143,259.1565,259.94473,39.966644,42.35929,41.434658,36.482544,34.742664,29.155956,5.805167,6.483126,6.505443,7.492139,7.5451655,8.123605,1.3147234,1.6159849,1.3404553,1.1003964,0.9632011,1.1560289,11.155186,6.2362437,14.303592,31.466463,17.995428,24.778624,63.276657,57.010925,49.067074,54.047024,47.97225,43.93755
2025-12-31 16:00:00+00:00,site_1435,264.79,236.66992,192.40298,161.49588,134.86035,161.72922,362.9705,313.3129,282.04837,291.738,264.81744,290.20273,45.058147,45.469646,42.910084,38.16524,39.397243,29.768623,6.022387,7.5473104,5.5250235,7.781034,6.919587,8.025197,1.5414673,1.6025642,1.3490298,1.3050152,1.046735,1.1527072,10.5823765,11.354782,20.148235,33.518463,20.142385,31.216,62.931915,59.19925,46.431896,53.34928,46.174904,44.0972
2025-12-31 17:00:00+00:00,site_1435,278.27798,225.27399,192.4424,209.88216,135.17719,174.23662,388.3554,304.001,274.56793,302.82758,245.85371,318.95218,53.579964,37.434437,30.901752,50.656494,46.85053,39.828556,5.6433535,7.118316,5.138509,7.985531,6.9638762,6.835844,2.0001898,1.4974598,1.2777836,1.7447408,1.0813484,1.5552212,4.236646,6.7328396,15.032662,15.741231,10.135011,20.581825,63.764477,57.612137,48.70232,52.221497,47.24496,44.59891
2025-12-31 18:00:00+00:00,site_1435,312.51636,210.71571,195.16496,225.77219,133.64262,196.27148,435.12558,312.71692,270.58243,334.05887,261.9009,329.95276,52.0995,34.880978,33.20296,56.27351,46.600163,42.80545,6.0465045,7.446221,5.773237,6.8766847,6.5559483,7.0948725,2.2010763,1.5178288,1.4181398,2.8176599,1.7174599,2.3534868,4.357669,8.937823,12.619068,9.1451025,6.4138684,7.9059825,61.354137,55.202694,51.615654,52.617268,49.620876,43.692253
2025-12-31 19:00:00+00:00,site_1435,324.28903,194.45265,202.8994,268.55826,165.92511,235.09482,478.83948,311.90433,271.758,376.9316,271.0052,395.98502,56.47624,33.345104,35.68332,68.60312,52.97129,47.267586,7.1091886,6.8983192,5.914412,7.847427,8.359858,9.502768,2.1123793,1.2180912,1.4770167,3.0892918,1.8992429,3.174934,2.9021828,11.400532,10.274188,4.195314,3.8833635,6.1550713,60.24013,56.16765,51.689503,53.441,47.69857,44.5641
2025-12-31 20:00:00+00:00,site_1435,319.13428,182.83353,221.62094,268.34164,173.64653,283.5246,472.14178,273.51663,287.40726,412.29,331.56714,444.91968,56.876083,33.83509,43.51766,63.352737,49.71855,44.90909,7.546186,7.41534,6.6163473,8.084143,6.7855024,9.152156,2.0862072,1.1900846,1.4750552,3.4019237,2.1118124,3.6167195,3.9607713,10.109716,6.0216312,3.8703036,3.2212296,3.5427155,60.4241,55.640743,53.26461,55.599007,46.782955,42.613125
2025-12-31 21:00:00+00:00,site_1435,325.84018,151.93105,202.90079,274.1687,157.14731,282.24576,450.32544,306.32278,319.50824,447.18762,333.80756,456.42432,57.066444,38.87584,58.052513,63.816555,50.5476,45.627403,7.5389886,7.475039,7.6984353,8.260554,6.430984,10.790656,1.9986274,1.2092066,1.5568373,2.7501538,2.5366797,3.3220096,5.9859447,14.7044325,8.394334,5.118112,2.922423,0.0,61.663464,51.17199,52.184566,53.476707,46.86569,41.535378
2025-12-31 22:00:00+00:00,site_1435,282.07745,172.57199,211.92249,247.99117,170.79399,245.97438,433.21112,315.2567,304.67313,383.35187,320.7215,442.71243,60.30495,42.249725,52.91471,56.954666,54.987896,46.15348,6.246333,6.0502496,7.424034,8.037488,5.975248,10.0919,1.931212,1.5126711,1.7124827,2.4989934,2.5415492,2.587117,4.2265263,9.016886,12.39694,7.8355703,2.1085875,1.250937,60.240852,52.912895,61.11042,54.126663,47.565002,39.641216
2025-12-31 23:00:00+00:00,site_1435,288.41983,163.99628,190.84073,257.55038,181.45294,227.81253,426.77335,331.82095,319.8457,392.31018,318.22543,380.1207,57.323044,45.73117,56.443893,53.335354,46.288395,45.0911,6.794186,8.5246105,11.436521,7.8923907,6.171057,10.297189,1.684761,1.2925254,1.5173405,2.2825737,2.3664994,3.167605,3.8920448,11.686534,19.545185,2.7091446,0.6082364,0.0,58.57522,48.491642,61.541134,53.081226,47.544315,39.375153
2025-12-29 00:00:00+00:00,site_1560,367.92978,269.97668,278.23242,283.85605,190.93083,235.50558,421.89432,369.60986,406.77747,426.93527,316.31876,370.79077,25.261751,29.347116,52.031116,38.69324,38.0209,37.464233,6.760394,6.696656,11.413239,10.648029,10.386782,10.445168,2.3251262,2.1045458,1.7069641,1.964749,1.4893842,1.9081229,6.6949577,7.455824,35.99132,9.7900715,10.351772,7.3134346,47.23124,46.766663,51.414635,43.420155,41.14689,37.735043
2025-12-29 01:00:00+00:00,site_1560,328.1312,276.7801,272.52744,277.11194,187.05959,222.14966,405.66718,348.7588,397.8108,405.63885,303.3347,339.38123,20.343111,30.191635,39.488735,33.206573,31.322466,34.092205,6.530929,5.630932,10.880126,10.4753275,9.235263,8.846336,2.3780475,1.9646051,1.4487973,1.9171493,1.0127774,1.5281248,2.3159826,6.41371,49.647514,6.129109,12.149132,6.200671,44.317936,46.786922,51.534584,49.86193,45.06714,42.766464
2025-12-29 02:00:00+00:00,site_1560,307.81577,277.5108,291.7879,279.65063,192.56169,213.75714,358.28256,329.53235,451.8206,392.38516,275.98157,363.755,34.095108,42.07902,48.53355,47.165493,41.470524,41.11163,7.6339664,6.2316732,11.8347845,11.567121,7.625359,11.697318,1.8911623,1.9961872,1.4462414,1.297403,1.269208,1.2485299,6.3996887,15.879357,47.02614,10.593419,10.717064,8.067845,64.475716,56.558575,64.20338,85.41574,67.49878,66.09665
2025-12-29 03:00:00+00:00,site_1560,250.58539,269.6856,260.53693,243.31464,183.00008,196.68373,292.18222,323.1896,413.19342,376.61963,269.03156,314.77798,17.494488,57.547634,37.429523,26.420307,28.534828,27.676022,5.8782825,6.0326624,12.493341,8.975527,7.9662457,9.34405,1.7866424,1.9721994,1.4118234,1.6739619,1.227785,1.3392949,7.05738,16.572092,41.912235,10.415243,9.195465,6.9006505,44.854362,48.542732,52.416042,44.794704,42.45305,41.00159
2025-12-29 04:00:00+00:00,site_1560,205.40039,227.28159,260.59015,239.07846,198.84935,219.0815,250.45769,320.4737,375.283,370.89627,283.7573,334.62665,16.60627,56.444912,39.40536,27.025667,24.872257,23.837046,5.4879584,6.6788936,11.528259,7.6811495,7.922014,12.159468,1.8175633,2.0789807,1.5678952,1.5016676,1.4239906,1.3632373,6.395012,15.324918,29.927988,11.074366,9.292391,10.160699,43.247265,48.06181,55.23718,43.20271,42.499138,38.066364
2025-12-29 05:00:00+00:00,site_1560,236.66418,303.71814,260.70773,232.59889,197.29565,185.26117,301.87378,379.19272,428.49792,345.76157,284.8396,318.19608,12.047619,57.89119,42.56989,21.520294,22.717005,20.945124,6.4670095,8.296721,11.236697,8.37657,7.8944807,8.611038,2.1741977,2.214078,1.4945077,1.6117563,1.3057355,1.2024902,5.635109,16.836517,15.311823,8.963049,9.504281,9.416235,42.462494,50.972115,59.203945,44.630753,40.895813,36.982674
2025-12-29 06:00:00+00:00,site_1560,233.60852,321.66382,243.92146,213.81009,198.0774,194.11714,323.0509,400.72775,404.3878,340.73743,297.32056,307.2243,15.202782,58.902824,49.815083,28.439083,28.81969,29.082544,6.9542427,8.976445,10.1197815,7.95912,8.3377285,8.987098,2.3446362,2.0988793,1.4391676,1.5607013,1.3868887,1.3685744,5.8551483,20.03398,8.223382,8.198013,8.665129,9.389358,43.199574,49.88742,55.867023,41.402054,39.289986,37.36383
2025-12-29 07:00:00+00:00,site_1560,229.30367,323.45392,226.12468,192.13307,186.77722,210.98372,302.88077,384.74234,408.86987,324.0726,305.63287,316.3108,30.519896,53.28083,52.507465,30.178972,38.774906,33.04151,6.257562,9.380378,9.322234,8.17084,7.4288425,8.602799,2.2613006,1.9852043,1.8140286,1.5197328,1.5231956,1.5434076,6.0629873,38.90068,12.305994,8.571506,11.307933,9.682977,43.550087,51.699627,47.829937,39.14852,38.98913,36.152233
2025-12-29 08:00:00+00:00,site_1560,177.75461,271.3877,241.54701,204.80093,180.80173,209.10765,249.82442,332.9617,398.49854,302.0087,296.46814,350.23322,32.216316,47.432804,53.751175,35.25679,37.076008,34.177277,7.246417,10.53729,10.269243,8.079878,8.799956,12.305239,2.114766,1.878112,2.3155,1.5777601,1.5734577,1.4731997,6.8822227,51.4681,9.773043,7.5295725,12.360255,9.815726,43.839424,46.85845,49.632107,40.8687,40.241165,38.647182
2025-12-29 09:00:00+00:00,site_1560,180.5582,237.44485,270.49576,205.52238,193.94543,204.39346,242.72322,322.97852,440.11697,295.94156,307.4452,324.65762,29.111538,37.07605,42.545784,36.375107,34.414886,31.330652,7.2627263,10.857215,11.232588,7.6715684,8.92592,9.123814,1.9189746,1.6555184,2.1071296,1.5906528,1.4502386,1.4456019,9.652515,55.521004,9.489254,8.9277725,13.833729,11.29374,40.052,45.484665,45.85144,37.95619,37.174404,35.980515
2025-12-29 10:00:00+00:00,site_1560,168.9939,217.93152,256.83902,201.01299,219.57841,197.53493,227.6764,281.2595,450.82166,304.02008,321.63416,322.26218,29.66962,30.353432,41.03739,38.41276,33.66124,28.75334,7.3958054,9.624455,10.606941,8.319102,9.367705,9.135859,1.8424052,1.6455761,1.9189686,1.8246359,1.4411124,1.5026951,14.093623,44.58682,8.719186,14.6793585,14.488721,13.794809,37.86075,44.623077,47.511692,37.257553,36.61507,36.296974
2025-12-29 11:00:00+00:00,site_1560,214.00331,226.72359,252.89894,241.05629,218.29666,218.12386,320.36188,318.4816,408.80142,358.5106,327.61844,316.23306,31.104681,39.588436,40.983738,39.196236,33.97117,36.135616,7.7201395,7.960582,8.839014,9.960163,10.401194,9.9618,1.9039172,1.767467,1.8081073,1.6313056,1.5817524,1.4165435,18.032122,33.6077,9.320086,17.879667,20.398045,19.753849,38.037655,45.345608,44.817574,35.210945,34.27855,35.146255
2025-12-29 12:00:00+00:00,site_1560,202.63914,211.94583,263.24222,237.95128,239.67674,213.19029,290.7078,376.08057,436.54147,353.16373,393.77087,334.25436,35.54488,44.95974,35.527084,43.489582,41.671387,38.07177,8.170784,7.649221,8.623932,9.30312,11.038606,10.021735,1.6133397,1.7353495,1.7894046,1.4444543,1.3676457,1.336891,23.539207,11.921688,7.813706,23.682802,24.901674,22.422447,38.65838,42.671883,42.163666,37.81898,32.269123,33.5743
2025-12-29 13:00:00+00:00,site_1560,192.79051,228.39983,266.79483,270.34293,260.43137,229.8395,278.72604,434.86548,431.48102,413.92123,397.20374,362.9795,25.979782,44.586533,33.88388,42.93636,36.48857,35.3947,7.734414,8.456994,11.529229,9.698723,10.661869,10.654315,1.4812565,2.0239668,1.7041615,1.5360526,1.392832,1.3183224,28.237041,10.076002,8.989603,29.392256,34.733845,30.93543,38.24916,42.888775,43.555458,38.05422,33.405743,32.225666
2025-12-29 14:00:00+00:00,site_1560,252.64195,267.38013,267.85422,256.39487,245.98726,221.80486,297.94778,453.22705,406.45978,372.97418,366.83286,344.04138,24.921213,40.29555,33.55188,41.1415,33.90582,33.447884,8.033453,8.253941,9.461185,10.7509,10.165973,9.33924,1.456859,2.4065814,1.7504616,1.4689275,1.3011123,1.1986835,31.993244,11.329978,10.839638,35.375378,31.915686,38.106182,38.861103,44.24203,40.669544,36.854614,32.557568,31.823235
2025-12-29 15:00:00+00:00,site_1560,246.6388,306.36343,239.95831,225.18495,230.00768,216.36098,280.9665,467.4745,391.8502,368.836,352.65717,313.12115,29.754025,37.928673,34.707737,37.324593,33.23581,32.062572,7.60709,9.35616,8.702362,9.463463,10.224268,9.143368,1.516946,2.4814582,1.929753,1.5515587,1.4319534,1.1734724,21.852879,10.155967,12.098672,46.400196,38.16301,45.610767,38.79079,43.058674,39.85089,38.184017,32.86881,33.47581
2025-12-29 16:00:00+00:00,site_1560,266.82062,300.43665,221.43236,226.45032,235.39412,177.47234,315.10333,458.97784,371.84116,368.765,363.84357,254.44171,35.500572,35.32795,33.428875,41.496685,34.63306,33.301857,6.989199,9.293652,8.86724,10.350437,9.310388,9.516411,1.6672952,2.329711,1.9325596,1.4572387,1.4795557,1.2180759,16.511019,8.805676,12.376786,38.96308,35.49279,37.85099,39.01414,43.444805,39.167507,38.861267,35.281178,33.683414
2025-12-29 17:00:00+00:00,site_1560,282.81943,302.47955,235.62846,246.5889,207.98314,182.84836,343.19397,469.31805,352.55234,376.9151,348.22745,283.29456,39.236267,31.865908,31.909178,45.98011,39.055107,33.83191,6.6490035,8.790608,7.0943155,9.360187,9.326321,7.6784024,1.9643724,2.1570492,1.8432525,1.6930449,1.4359114,1.1578315,8.497783,8.204142,12.151207,21.32246,19.835142,16.947887,42.982616,44.181595,39.53934,39.03289,37.71686,33.14944
2025-12-29 18:00:00+00:00,site_1560,304.82834,292.96112,238.72197,224.52596,201.72995,207.92653,409.6584,467.88077,354.76892,396.12646,343.9444,301.6809,32.090725,31.850058,29.7593,43.7484,38.496647,37.520542,7.2230945,8.635163,7.1567955,8.100704,8.607417,8.133469,2.6092644,2.3890374,1.8689485,1.7545519,1.7101892,1.5430521,5.534531,6.9823246,13.425536,11.029383,8.907744,9.266366,47.08727,46.44299,44.082287,44.89257,40.584213,36.203747
2025-12-29 19:00:00+00:00,site_1560,347.33914,297.7004,220.01695,258.7255,223.00514,234.32996,461.41763,445.872,378.97708,432.8818,348.81873,361.85336,27.848291,26.406895,30.811789,39.565453,37.166477,38.57822,7.3760824,6.969145,6.054961,8.425244,9.372427,8.052763,3.2165327,2.5348694,2.0969515,2.2049139,1.8708848,1.5567228,6.5778284,6.828068,10.921956,7.3823504,5.6294684,6.388135,52.595768,55.491444,48.105232,49.543983,44.055897,37.11772
2025-12-29 20:00:00+00:00,site_1560,372.80237,239.98347,235.99298,278.639,235.82019,287.59393,472.60083,404.05734,373.4906,434.18503,378.38507,402.8533,31.0656,25.688429,37.352783,43.41795,38.284874,38.495243,7.198887,7.299522,8.929624,7.9309072,9.84698,8.384874,3.0294855,1.7385275,2.1030488,2.0870585,2.2266502,1.7415882,5.4588556,7.3485146,12.795727,7.213926,5.4436364,5.7586894,53.04459,52.1657,49.58005,53.999996,43.654915,36.013397
2025-12-29 21:00:00+00:00,site_1560,359.2732,309.33774,298.37518,318.43726,240.99464,292.16156,549.8153,404.1365,387.15482,457.04062,378.43628,391.34665,22.851492,29.589972,48.03159,43.186226,35.9541,27.69842,8.61047,7.022779,9.878548,10.030059,10.788257,8.393939,3.2883153,1.794596,1.9777439,1.9744539,2.1573176,1.7496681,5.0240245,8.349221,15.622116,5.722155,6.0317087,6.4061465,49.205482,48.77103,47.185852,49.9393,45.123505,41.32532
2025-12-29 22:00:00+00:00,site_1560,385.24927,282.2856,320.5387,304.34738,259.5669,305.34967,492.36945,395.00598,401.495,459.05624,383.82962,407.48398,20.030914,36.380302,68.10006,43.86824,36.476936,32.416946,8.830103,8.368701,11.102393,11.200863,11.403082,8.941535,4.1897254,2.4572186,2.2292995,2.7595723,2.1413903,2.0773768,6.315977,8.59566,12.658471,5.6912804,7.1649175,8.751179,51.671345,47.014065,50.465515,54.900223,51.705296,49.060123
2025-12-29 23:00:00+00:00,site_1560,366.66412,272.6439,298.15192,343.4854,302.4272,283.32217,542.9407,390.83856,422.7006,446.38345,414.04587,396.8191,11.013893,30.780848,58.500175,39.45701,27.456104,30.977451,9.546534,7.0650287,14.547077,12.6727085,9.632824,9.256011,2.6253135,1.6579247,1.8507392,2.7666469,2.2516162,2.3746257,4.6666155,6.4162726,18.118614,6.157397,6.2745066,6.6651926,45.974884,45.572372,48.245934,49.689983,45.050724,44.021893
2025-12-30 00:00:00+00:00,site_1560,258.74423,214.1284,306.79193,274.1009,211.39378,277.17697,273.52374,304.71176,399.95798,418.35715,362.4095,390.62418,14.282645,18.347673,43.354416,44.15002,32.144066,30.711916,6.680036,7.9195704,11.55728,9.503322,8.655276,10.519595,2.171422,1.8688735,1.6225775,2.2590225,1.8892133,1.980569,5.213038,5.2536054,17.612965,6.2069836,6.1575685,3.2733893,48.042175,44.905956,48.335842,44.988712,38.44451,37.51131
2025-12-30 01:00:00+00:00,site_1560,255.64987,214.00146,306.01566,254.77913,208.01839,252.24274,330.59235,337.56042,413.84198,369.89926,358.2009,367.8973,24.664417,32.23796,45.437927,44.72688,35.93999,32.545944,6.825086,6.675449,12.448278,8.264854,8.681317,10.821937,2.210679,2.0744991,1.549827,1.9958829,1.4230962,1.8909461,3.2499802,5.785054,30.590946,11.070562,7.9765306,4.4574437,39.252716,41.391888,46.236572,40.24223,34.552925,36.966255
2025-12-30 02:00:00+00:00,site_1560,205.896,208.91096,284.28833,254.94617,208.63959,233.44383,284.3783,345.4808,430.5365,379.5969,317.10498,402.7543,26.08826,46.268444,41.668903,45.146507,42.182148,32.828102,8.32469,8.315286,12.368939,9.156683,8.636518,10.015734,1.616039,1.7390997,1.4576033,1.3082594,1.1862391,1.363962,6.143185,12.992231,39.059635,10.164217,9.745074,8.116582,53.50596,52.94376,54.95148,63.22963,45.284607,65.047455
2025-12-30 03:00:00+00:00,site_1560,154.68068,177.71935,239.33772,211.82959,196.25725,227.60497,229.95575,299.8976,391.0068,348.1539,316.54926,399.33084,20.828299,52.86321,40.07341,39.573997,32.4626,30.16144,6.9714327,9.600267,12.34632,9.1433735,8.78978,9.8861,2.0184994,2.0791354,1.6070638,1.6062763,1.4412358,1.3167677,5.791788,14.653433,27.961645,9.622865,7.7980514,5.4124784,38.11598,45.744225,47.9243,33.926544,31.414965,36.989067
2025-12-30 04:00:00+00:00,site_1560,156.17947,186.81268,242.51152,198.33167,184.56676,227.53929,237.41187,305.18634,383.95285,339.75076,309.69226,378.2513,26.271269,60.895573,52.810295,34.235294,25.66557,24.471724,7.5143566,9.958842,12.790273,8.124392,8.388225,11.448046,1.8082423,1.9200941,1.5396805,1.3339614,1.326117,1.2650123,6.5678663,21.609173,28.334942,12.518116,9.195252,6.2496743,35.649704,43.21369,42.997524,31.816664,25.72376,30.752623
2025-12-30 05:00:00+00:00,site_1560,120.2117,181.63683,203.5595,192.24394,173.54976,209.66522,203.26778,325.0094,335.62402,294.211,296.84238,339.2325,32.644173,55.902348,57.458797,44.152164,32.552418,37.237476,6.1221247,9.724474,16.50591,8.350767,8.175821,14.088927,1.5877703,1.8021257,1.3688079,1.4099871,1.220659,1.1837944,3.9401984,25.964636,21.36173,12.363884,9.246149,7.2792816,34.76464,40.425804,42.005688,29.5599,24.674303,27.824308
2025-12-30 06:00:00+00:00,site_1560,110.400345,211.3826,182.55618,156.32648,169.666,215.3647,185.41118,322.74356,279.31317,279.12537,283.75497,292.70993,28.52753,47.55142,60.35795,39.22184,29.18031,32.146496,6.210541,9.332412,10.455178,7.1832604,7.435335,10.689388,1.7512437,1.7704246,1.411713,1.4033823,1.1664329,1.1907411,4.7496214,34.33716,11.439569,10.296655,8.536416,7.916302,36.45678,42.157043,40.57409,30.89375,25.411818,29.333294
2025-12-30 07:00:00+00:00,site_1560,110.08209,218.58672,198.9351,157.51027,172.628,204.9776,236.13548,345.57944,312.4345,298.93396,294.2563,305.3976,28.585258,40.268173,44.704075,27.725328,27.212992,28.453123,6.627646,9.310616,11.41185,8.387344,7.051122,8.617058,1.7625334,1.4474689,1.8568501,1.3518693,1.1930603,1.138267,4.090835,39.046135,11.401028,8.881479,8.099926,8.6617985,34.595657,38.411026,40.529354,32.920418,24.854994,29.204033
2025-12-30 08:00:00+00:00,site_1560,118.95881,192.25816,196.22372,155.52637,178.04344,180.82533,265.62878,326.4793,368.12753,283.78098,290.1361,310.78247,29.447784,38.76675,41.911613,24.64345,24.48447,26.652864,6.9351563,9.657364,11.5031395,7.6691427,8.133824,8.987151,1.8276646,1.6085509,2.1142325,1.4230263,1.3527583,1.3019425,5.9513884,48.09956,7.0921607,11.139966,9.444488,9.065097,33.741367,39.37687,40.657745,31.87813,27.153637,31.418663
2025-12-30 09:00:00+00:00,site_1560,115.795525,172.25356,215.2603,158.41235,196.66826,181.56987,217.51442,270.83453,386.47458,277.67227,295.8455,295.44748,27.211737,31.141878,41.242523,24.428545,27.57754,25.673988,6.8197017,8.9614105,10.62329,7.532354,7.3364263,8.733031,1.6983008,1.3894656,2.235639,1.5583668,1.3347614,1.3568226,7.2762218,47.632633,6.051832,11.137513,11.399119,11.504047,34.597126,41.554893,42.627132,33.229095,27.669792,33.9013
2025-12-30 10:00:00+00:00,site_1560,133.8723,149.622,248.49146,134.07669,215.5729,205.07365,236.35779,253.10306,404.88162,259.92474,325.37134,317.89093,30.65417,26.960758,42.43597,26.143978,27.12241,27.42862,7.060176,7.941941,11.462076,7.8616157,8.4529295,9.390151,1.6325326,1.2906054,1.9436039,1.4766246,1.2287327,1.2964729,10.367428,41.663876,5.41202,13.968942,14.806797,11.488543,38.018185,43.853947,48.36543,37.004642,33.161892,35.057247
2025-12-30 11:00:00+00:00,site_1560,112.066,128.98248,221.89044,142.4914,220.12909,231.43393,215.09306,224.14241,392.95456,278.6381,324.93228,303.39502,32.516342,40.522762,42.851925,26.325079,31.53461,27.634087,6.5701885,7.7465906,8.478464,7.3527684,8.22273,9.977703,1.6253284,1.4277979,2.1720214,1.4799508,1.281376,1.3230046,13.05086,27.799461,6.2220936,16.131054,18.285484,15.739605,39.300194,45.61048,49.9624,37.494637,35.733063,37.677467
2025-12-30 12:00:00+00:00,site_1560,116.52842,171.34724,242.14447,125.094795,220.43214,236.014,235.91275,310.44922,347.86218,262.92453,322.72256,328.24698,39.553085,46.817577,44.7735,35.649242,37.260418,32.598164,6.6967244,7.1848445,7.276046,8.0383415,8.680772,9.815014,1.6654239,1.5884279,1.9091381,1.3660318,1.3073447,1.3926076,17.756079,21.08384,7.010369,21.537895,26.705542,19.610052,41.214375,46.41455,48.28232,40.296288,34.416443,38.898758
2025-12-30 13:00:00+00:00,site_1560,163.84377,228.85573,248.59026,183.51741,215.14404,227.24136,301.64737,417.60614,348.06757,311.98868,361.19797,351.66342,35.314293,48.402645,45.042694,35.40232,34.649403,31.023912,7.2017097,10.798472,8.759061,8.403029,9.278232,9.858518,1.5311478,2.5696352,2.1846545,1.5039673,1.42401,1.3544642,24.400225,9.253762,9.518418,32.6732,29.925453,36.38603,43.74855,47.80626,50.82368,45.046574,33.965176,37.627056
2025-12-30 14:00:00+00:00,site_1560,182.95168,234.83356,248.21187,225.64366,222.78099,213.23093,254.23589,443.4308,352.15167,304.17593,347.51758,339.1365,27.647106,47.29871,32.79515,31.810005,32.019077,31.352798,7.2991886,7.6583977,8.623957,9.579261,10.249366,9.867697,1.3562958,2.3505108,1.7391592,1.3915738,1.2639339,1.1808532,34.84705,8.582153,10.214785,41.895103,43.570713,40.626835,45.762196,43.755524,48.393772,45.876556,33.05626,36.314056
2025-12-30 15:00:00+00:00,site_1560,195.64093,268.56223,260.54517,208.72678,227.45763,219.84415,257.066,447.8041,394.77588,308.51337,344.00378,334.43597,27.082436,42.994884,38.0472,33.471382,35.86269,37.365807,8.153136,8.592441,7.6084495,9.812553,9.65689,10.561119,1.2103344,2.515464,1.6700693,1.4741242,1.2383174,1.2165614,35.87664,6.9996877,11.005811,49.361,44.99922,51.177837,46.012882,44.798473,44.132618,46.269444,33.4597,36.559326
2025-12-30 16:00:00+00:00,site_1560,167.65144,291.2336,223.84505,229.25887,213.64545,197.56363,240.64578,466.19672,352.55225,291.57657,354.5349,317.9851,30.879135,41.4837,31.639193,37.730515,34.179153,33.122658,6.3907514,8.335749,7.404153,11.14128,8.475052,8.968817,1.4207666,2.7122133,1.6925985,1.4664181,1.1696358,1.1582313,25.825672,6.212282,12.154791,44.573437,38.02594,45.11799,44.05024,47.763348,44.176422,46.69424,42.308117,38.74241
2025-12-30 17:00:00+00:00,site_1560,166.3379,298.63168,236.08295,238.15068,208.47281,191.83278,268.46683,480.81305,352.15366,323.05136,340.05038,313.38815,33.94012,39.55614,29.45875,40.540794,41.611416,36.68708,6.1078844,7.5650754,6.614402,7.7178097,8.310597,8.816226,1.7561188,3.1278577,1.6589253,1.6179674,1.2893507,1.3196234,12.450229,5.7726274,12.068889,21.201946,24.77426,23.80166,46.450726,47.44531,42.62627,45.18665,34.668896,34.939857
2025-12-30 18:00:00+00:00,site_1560,274.45837,317.83762,219.42427,238.76202,214.0298,171.35756,377.78256,487.872,313.23126,379.9093,355.27045,305.4101,39.57037,33.430386,29.227371,55.926292,49.07541,41.473522,7.707177,9.591561,7.043748,9.180959,9.446531,9.422738,3.6136203,4.326991,2.3301423,2.2798,1.8552715,1.9837328,6.33955,9.047433,15.037999,10.789885,8.122109,6.232778,42.25132,44.46273,38.75177,42.599842,35.21501,33.053234
2025-12-30 19:00:00+00:00,site_1560,363.48517,319.72067,249.30336,257.44836,238.33124,247.59286,513.68427,471.16653,403.8678,395.29962,367.85587,337.30646,33.29071,24.9311,30.862564,41.687923,43.129604,46.665596,8.620563,10.594933,8.907418,11.886281,13.492809,11.264251,2.9688365,3.5291514,2.373867,2.5564408,2.1723504,2.2722268,6.3048997,8.984493,8.900309,10.33354,8.81865,8.301865,42.985996,42.31959,41.344448,44.460857,36.55849,38.862392
2025-12-30 20:00:00+00:00,site_1560,343.3671,349.06967,276.7786,285.25735,249.25691,270.27457,492.63556,441.03943,391.40436,413.04858,389.12042,325.0101,27.533068,23.542307,37.589275,42.37503,42.637558,38.951187,9.017988,10.962809,9.042466,10.085048,14.759457,13.809765,3.1954129,2.8433914,2.2278218,2.825762,2.3352985,2.1669366,6.4036145,8.1406355,13.672135,11.526307,8.39409,9.211423,41.154453,42.599483,40.03521,46.39754,37.354443,41.012978
2025-12-30 21:00:00+00:00,site_1560,381.56454,304.37482,305.93317,318.41235,240.06976,290.73285,531.37354,470.9946,401.50656,461.14572,435.26306,348.5353,20.055983,19.79506,31.45612,31.000042,33.51743,32.004776,8.582348,6.9311943,9.8716,10.376323,14.259066,10.904578,3.8134422,2.6246362,2.3356109,3.01435,2.7098808,2.0416408,6.576718,7.617333,13.671268,8.450059,10.107413,8.87632,40.91654,41.560802,41.237267,44.07048,35.852585,41.26672
2025-12-30 22:00:00+00:00,site_1560,339.95383,350.69626,327.83847,348.6314,280.02457,243.30037,522.4216,466.76138,445.18073,461.54147,422.7223,361.98172,22.961922,32.634205,57.81527,38.769375,36.175312,31.772177,9.023398,6.9217935,13.540759,9.825324,9.755198,8.5213,3.4927943,2.1313884,1.7986708,2.4877708,2.340762,1.7014686,6.504735,7.4533906,15.615767,9.243374,8.679981,10.722677,39.9755,40.949993,41.666344,46.08071,37.09761,43.535664
2025-12-30 23:00:00+00:00,site_1560,325.39563,272.38214,323.37125,319.3304,229.76418,267.78268,433.80215,382.04904,449.27438,385.47314,404.73962,318.36295,21.369884,28.619444,60.17826,38.96748,35.485996,31.437582,8.780102,7.849273,16.339739,10.420567,10.069921,8.215266,3.2575421,1.975781,1.91647,2.2303147,2.3118496,1.9068302,8.740127,11.347395,21.985807,8.549015,11.093004,10.418953,41.603825,36.379375,48.7747,45.497498,36.55725,38.866802
2025-12-31 00:00:00+00:00,site_1560,300.0371,293.63513,302.73227,324.47122,260.4105,223.31325,419.4186,434.58218,414.65887,382.50793,413.66718,298.17386,23.85484,43.09849,54.908566,39.38015,36.427002,30.322853,9.3527775,8.336208,16.375628,11.208587,10.241296,9.518975,2.3100107,1.5068585,1.7034878,2.223485,1.9687946,1.7044902,6.3940372,10.963889,26.914415,10.290387,15.521717,10.615121,43.479176,44.751415,52.670162,45.01284,39.189014,40.094563
2025-12-31 01:00:00+00:00,site_1560,211.57874,206.98366,257.7298,240.4951,224.56612,180.45537,288.90335,331.84442,368.84222,348.45447,361.26974,322.48105,24.67095,36.35332,43.47731,35.230907,33.828636,25.440279,7.01915,7.423367,14.446549,10.115158,11.280556,8.904317,2.0824018,1.937119,1.6282912,2.161385,1.8380669,1.3005484,7.4481416,7.508442,41.615883,14.175684,13.67364,10.324549,39.528816,42.527695,54.185207,47.547993,39.823418,36.532055
2025-12-31 02:00:00+00:00,site_1560,122.39408,180.52907,243.5024,214.10349,194.69865,198.27818,177.04356,302.48047,382.8462,302.06442,357.12656,312.3587,31.82877,48.289562,49.590954,39.7828,40.73849,29.711937,8.701749,11.345806,11.13536,7.1954203,6.680274,13.697369,1.5159372,1.8428102,1.3469907,1.1630491,1.552551,1.1356261,7.3680716,11.189431,51.01637,14.718941,8.847153,14.518138,64.5677,56.552406,62.33349,78.10359,53.38709,62.715565
2025-12-31 03:00:00+00:00,site_1560,109.86621,206.6676,190.56615,198.0566,189.13185,211.07697,175.02565,346.40936,331.36383,270.69485,293.56793,293.16763,23.325153,53.817036,43.164886,31.76081,29.57783,22.831377,5.812169,7.9785748,10.294693,6.7201667,6.283735,10.94673,1.4061639,1.6921659,1.4332223,1.3440223,1.6385831,1.2559979,5.738111,12.607549,33.35263,11.463616,11.546546,12.693003,43.2229,49.203842,52.863617,44.075283,35.850616,36.431385
2025-12-31 04:00:00+00:00,site_1560,99.90429,189.70827,178.49142,192.58348,187.24547,203.73468,160.0638,358.68814,311.93384,260.06757,287.4508,317.86957,23.020857,48.186527,44.354877,28.578648,31.323437,26.960728,5.8139796,7.870494,10.300799,6.6105137,6.2556014,12.683844,1.3588574,1.6969703,1.3958838,1.2640277,1.3760426,1.1123165,5.6920195,16.900187,29.93439,11.327625,10.911657,9.633401,41.5095,47.543343,54.288937,42.5126,36.07483,36.713196
2025-12-31 05:00:00+00:00,site_1560,79.68776,202.28941,196.01857,148.48633,178.63515,199.31606,144.10046,298.19397,358.54514,238.0234,262.7516,290.97754,21.304367,43.016415,49.902557,30.209259,36.42152,30.254745,5.6796236,8.510632,9.5235815,6.975898,5.539328,10.187661,1.4053426,1.5018924,1.3483412,1.44483,1.3398614,1.1008385,6.0540676,15.761447,19.379822,10.474089,9.94121,9.150334,42.594334,46.923565,54.13601,38.83559,40.088245,36.97287
2025-12-31 06:00:00+00:00,site_1560,88.33028,223.66676,191.0516,149.46388,148.62997,211.40445,146.14131,287.912,374.1084,222.16043,247.72835,270.5642,18.453344,29.19161,40.138783,22.897898,29.067638,20.082014,5.396751,8.531855,8.386812,6.2114334,5.487251,11.086224,1.5607811,1.4599792,1.7545125,1.5388517,1.3639265,1.3485444,5.657811,20.374092,3.8651547,9.599428,11.527254,8.546331,43.81085,48.05326,58.88966,40.69694,42.237514,39.163754
2025-12-31 07:00:00+00:00,site_1560,117.19116,243.90056,238.88196,170.87509,154.96713,209.92287,190.6458,311.89374,365.88162,255.77104,266.45963,283.06027,20.590181,30.85783,40.16063,24.045544,27.855005,17.361826,5.8633285,7.5552373,7.277677,6.60658,6.1612244,8.930253,1.5703822,1.5253794,1.7840997,1.5758543,1.5758322,1.2208977,5.398674,25.69759,11.520291,8.55186,8.994684,10.909463,44.445972,48.115993,55.174316,42.637737,37.400867,36.510395
2025-12-31 08:00:00+00:00,site_1560,132.80847,233.60301,261.01453,165.53493,159.68701,198.57365,215.32997,317.6297,376.2172,276.7881,284.80637,300.62213,22.44358,29.84493,40.61217,27.038433,25.155548,20.14911,6.3536,8.012702,8.52084,7.047102,6.7136693,9.290414,1.8862895,1.7611526,1.8761674,1.6229225,1.6318969,1.3903879,7.483649,33.72237,13.302517,10.411193,6.9529567,10.208125,44.79338,49.52194,53.08438,45.016426,39.03957,34.519955
2025-12-31 09:00:00+00:00,site_1560,175.68169,249.11076,301.09766,188.80803,175.98508,211.00249,280.21985,344.89758,402.5726,293.70612,290.35187,254.8473,21.263756,28.099861,30.459444,20.170862,21.342426,18.241222,6.143078,8.24083,8.375116,6.5207796,6.4795966,8.0456085,2.2471752,1.6693203,1.9529572,1.7024564,1.6444546,1.4839929,8.780621,28.874556,6.6050587,13.318892,8.471114,8.614067,46.412537,54.144936,54.944347,49.07996,36.549023,34.424965
2025-12-31 10:00:00+00:00,site_1560,219.94043,237.32178,345.55054,211.98329,186.48746,177.94142,333.45654,364.9762,414.5558,344.18036,278.65198,263.95303,28.214834,35.237766,39.99056,34.13585,30.029638,29.020416,7.638565,9.30533,9.065007,7.8999047,8.514136,15.3971195,1.848192,1.6701332,2.0835953,1.453855,1.385277,1.1480647,14.8944,36.97128,10.458386,22.497705,11.816929,12.692425,44.255806,52.354572,54.65971,44.92545,34.13282,34.240574
2025-12-31 11:00:00+00:00,site_1560,171.44302,225.57263,279.89294,192.69781,179.49338,204.02472,286.1534,331.05304,377.8704,340.88242,313.37015,264.496,37.942112,50.14288,46.22782,40.591736,40.14127,36.742313,6.885256,8.094483,9.372143,9.454505,8.482643,9.218463,1.5834981,1.6661128,2.1038437,1.3043134,1.3572834,1.1769136,15.327195,19.62305,11.547257,23.781237,14.550057,20.166368,42.76785,46.692333,46.829643,43.78906,33.571262,34.27213
2025-12-31 12:00:00+00:00,site_1560,159.78674,209.01842,262.8146,191.289,183.1021,190.50616,268.90692,326.04834,397.32867,306.3891,317.81,257.0949,41.83911,48.672955,36.259567,36.756405,38.005497,34.97238,6.7017407,8.258106,10.432929,8.621997,8.173483,9.305702,1.7675166,2.0254734,1.6997087,1.4608938,1.3786476,1.3171661,16.40066,18.100008,11.297438,24.783592,21.873182,29.41013,44.386406,46.36088,48.18292,42.924877,33.765705,34.198208
2025-12-31 13:00:00+00:00,site_1560,238.99152,240.80118,239.17639,175.22978,157.02061,175.91716,371.14304,397.73892,329.08453,282.10977,312.8399,289.88034,39.361435,41.333828,30.6054,35.85933,33.077435,27.234364,6.8431096,7.766892,9.359309,8.338904,7.777268,9.428227,1.8158708,2.195093,1.7489095,1.4149276,1.2660068,1.2821136,15.99894,13.525883,13.691003,30.710716,27.805727,35.55192,43.167507,44.765423,45.68961,40.102856,31.788212,34.892197
2025-12-31 14:00:00+00:00,site_1560,259.80203,242.15643,220.0627,147.91167,130.43317,172.39384,353.21106,372.48413,312.93185,269.33527,267.97757,291.75342,34.989864,33.667736,29.691296,32.36162,27.799807,26.38393,7.0615892,10.372899,7.8759513,7.8915,8.176652,8.542396,1.8253931,2.0698664,1.7095889,1.3821499,1.1450729,1.3928055,15.117771,15.404704,15.254795,40.523716,33.0965,39.760403,43.887737,45.107883,42.92499,40.15455,31.559565,33.259113
2025-12-31 15:00:00+00:00,site_1560,276.70853,256.84183,212.63814,146.89793,148.34515,188.47229,382.22464,349.4604,293.5344,227.70903,246.54745,310.22708,30.985151,31.271967,29.045265,34.290905,30.368233,24.008528,6.865973,9.248905,8.407652,9.642377,8.040502,8.432634,1.7393603,1.8093247,1.7296752,1.3914262,1.2357677,1.4007152,17.241653,16.228947,18.629519,36.203053,33.44547,40.878582,44.51698,46.65756,40.21373,39.184605,31.06473,33.43516
2025-12-31 16:00:00+00:00,site_1560,247.77371,232.23476,211.24284,149.1871,142.97153,186.81953,362.58008,325.22913,291.0378,274.33768,231.61432,323.20715,35.326996,34.69087,26.8647,35.138687,30.200567,26.705343,6.855139,8.107729,7.5089817,9.503773,8.631127,8.563846,1.8459893,1.7997649,2.048632,1.6182219,1.370666,1.5321766,13.070035,13.881569,16.681524,38.978153,28.695477,37.7726,43.74051,45.756153,39.5414,38.50267,33.724743,32.729416
2025-12-31 17:00:00+00:00,site_1560,253.01315,232.78844,185.74005,130.13771,130.45206,178.66998,399.6451,323.73123,293.51086,302.26172,230.16322,351.45306,34.961422,31.517324,25.604313,41.344463,30.736355,28.73296,7.0136304,7.333369,7.1284943,7.9942203,7.0651555,9.085073,2.0104425,1.4656887,1.5360268,1.5373453,1.26792,1.4765886,9.589104,14.352869,22.501387,27.631933,19.583656,20.60835,46.044975,44.19618,38.73566,38.768364,33.728367,27.082499
2025-12-31 18:00:00+00:00,site_1560,256.35742,174.81674,180.65132,188.07205,125.354836,157.6911,398.8229,296.53015,290.72498,353.1836,228.7323,359.03534,36.731617,31.130945,26.840496,46.171932,41.597115,44.22354,7.0416136,7.0366206,7.980253,8.179542,7.7583222,8.243168,2.0844114,1.6243825,1.5440873,2.1306534,1.0660712,1.8543229,7.917755,16.215134,13.945469,15.419742,7.2294264,10.876337,48.88906,45.755222,40.63831,39.363865,36.67119,26.343952
2025-12-31 19:00:00+00:00,site_1560,271.007,198.09042,211.2271,210.3958,142.49052,210.87706,418.18408,295.39767,298.31,404.09335,298.57925,392.85422,36.087986,23.826166,34.161316,44.34495,39.531883,39.063663,7.78611,8.497611,9.0606785,8.592205,7.7454815,10.05141,2.218593,1.3592893,1.7523326,2.823891,1.416552,2.504497,6.35287,13.816395,9.549616,7.632713,4.6358066,7.2800026,52.881016,50.92523,45.26684,45.392025,38.69869,30.602083
2025-12-31 20:00:00+00:00,site_1560,282.0646,196.89107,219.84853,245.22455,165.22476,235.64609,456.73718,271.53683,313.47073,451.11563,309.5693,418.31378,36.53219,25.053446,38.136063,50.170643,33.849304,31.879738,7.3306427,8.656983,8.289184,9.13318,7.6945224,7.776406,2.2635427,1.4218694,1.833403,2.9185927,1.6189296,2.6343458,7.057382,13.408495,10.200592,8.495327,5.4523263,5.5521107,57.062088,54.23865,49.42218,50.945503,42.66416,33.88371
2025-12-31 21:00:00+00:00,site_1560,260.70074,177.94527,216.38118,224.04195,158.14183,246.77287,433.21252,285.47772,341.6568,426.38693,294.08566,418.5413,35.33591,27.181004,43.418655,48.0925,42.402042,36.667355,7.1830096,7.8487997,9.060214,9.493183,7.9039803,8.318959,2.0276673,1.4760926,1.9008709,2.776819,1.9357357,2.6094732,7.4786167,11.927027,13.601265,9.142949,4.978111,4.9346113,57.32399,51.002094,51.6313,51.047752,45.097343,34.710022
2025-12-31 22:00:00+00:00,site_1560,229.0462,167.85884,193.9991,212.6278,168.80907,233.3499,370.33145,276.32132,311.5613,358.15778,294.595,406.94785,33.34184,28.85772,42.51965,39.56653,38.46074,44.15963,6.778289,7.766126,10.055309,10.6899,7.1206465,8.626565,2.010895,1.5493236,1.7607926,2.4535425,2.082503,2.3400903,7.7126617,12.98452,14.8184395,6.7081113,5.469039,4.024051,56.43099,49.895218,54.523254,51.065662,44.318638,31.760845
2025-12-31 23:00:00+00:00,site_1560,214.76198,176.06577,179.24199,215.53304,177.12721,213.3129,364.04697,279.88123,322.5244,345.59467,280.8553,368.4648,33.343323,31.157059,50.51252,37.539646,37.053413,44.773357,6.4186206,7.6442804,10.464974,8.542573,6.877067,9.305171,1.7351221,1.647807,1.7154592,1.9076403,1.9244759,2.7954574,8.017297,13.684844,17.284645,10.098021,6.244396,3.2637746,56.011303,49.524025,54.339897,48.1208,42.27609,31.230715
2025-12-29 00:00:00+00:00,site_1561,471.42917,332.78787,288.26346,374.275,256.75775,267.00223,608.23126,442.1685,380.65665,529.1327,362.18622,343.5791,52.69438,53.21887,69.209564,58.11734,52.59865,51.155956,23.115177,16.4013,13.509998,18.715761,17.580252,19.383656,3.440278,1.9053003,1.479202,2.973883,1.4354228,1.9542603,18.787651,13.366905,34.88257,13.034692,13.164549,23.6724,88.3566,67.51255,69.87245,78.66427,56.4581,49.901543
2025-12-29 01:00:00+00:00,site_1561,484.96304,329.54486,270.49838,382.7355,274.78812,262.56525,650.7154,433.46225,363.65378,456.07663,392.19574,328.32394,54.438473,58.594402,65.95112,56.827194,50.97053,46.399384,22.929916,16.059284,11.588342,19.400734,17.068054,16.84561,3.253527,2.070818,1.6105247,2.707035,1.3183299,1.6641772,10.316504,14.682303,53.785793,13.751118,27.538227,29.391535,86.4312,85.04653,80.595634,92.848656,76.906906,77.82266
2025-12-29 02:00:00+00:00,site_1561,470.98376,339.80106,288.56622,350.5868,251.25491,238.35445,666.9194,456.71045,454.2782,449.06323,347.7415,313.44226,45.45074,80.70657,57.72188,53.147068,41.488335,37.48087,24.293835,15.113124,13.817582,18.780344,13.397331,15.171984,2.4152796,1.6556259,1.4278783,2.2756388,0.9649479,1.2968056,21.133875,22.628653,42.95155,11.826765,13.351875,21.87905,72.40019,68.42935,68.03515,72.65593,55.699898,56.930786
2025-12-29 03:00:00+00:00,site_1561,332.97324,305.42563,296.7191,286.0402,219.55988,213.93118,427.69672,400.64883,471.60117,405.26746,274.86002,297.47278,39.316338,100.05816,57.836494,47.218273,44.189384,36.552208,18.232758,12.278655,14.703688,14.959966,13.908654,10.947175,2.5859725,1.8463312,1.6264466,1.9120159,1.0438471,1.4145596,11.391871,16.917677,43.997993,11.327242,12.916589,12.164104,60.06504,65.879036,64.08884,59.35442,52.379013,47.95376
2025-12-29 04:00:00+00:00,site_1561,333.5241,290.08408,302.83795,271.37122,207.08228,209.98904,387.13498,385.5905,445.3065,371.45654,260.16577,280.349,51.58531,100.72571,68.69106,50.5696,47.640633,43.20644,17.539083,12.8679905,13.385681,14.832196,12.928155,11.307517,2.7489624,2.1192284,1.7713344,2.1592357,1.3146003,1.3532937,15.062816,16.18855,38.253265,11.322001,14.94799,14.023381,67.135796,74.08946,71.41703,66.97154,55.45872,50.672745
2025-12-29 05:00:00+00:00,site_1561,284.06424,296.66388,295.23447,255.94786,197.5766,190.79929,370.60757,430.0381,453.8668,331.35648,285.63925,277.45148,54.74589,88.61674,84.21199,50.272285,46.728928,42.213173,16.801779,14.241397,13.345337,14.279311,14.414946,10.663352,2.8517306,2.1585388,2.0099666,1.8421849,1.2984747,1.254141,11.090336,17.888992,19.61035,15.035242,15.7960205,11.328371,75.5164,81.26842,74.708755,75.34788,63.46379,57.50419
2025-12-29 06:00:00+00:00,site_1561,262.41907,308.402,284.9348,231.32126,215.17516,192.10736,368.47955,403.95755,439.88654,340.70532,293.11972,300.0674,61.46451,81.524284,94.84784,56.860573,52.81647,47.457077,15.637568,13.624788,12.968449,13.087733,12.052966,12.202483,2.402635,2.1143644,2.0173361,1.5425203,1.3872663,1.4481653,9.3413925,25.939255,12.62304,14.911037,16.202093,13.992292,76.85844,83.92593,72.40396,75.21429,61.201534,57.997074
2025-12-29 07:00:00+00:00,site_1561,216.7483,315.799,272.7818,212.72734,198.20654,197.45847,297.70038,382.8092,437.9809,340.28485,298.4907,316.39252,52.448013,65.69418,79.458405,48.1442,51.76087,47.218704,13.660535,14.937389,16.409365,16.015158,14.133762,15.347007,2.2400234,1.7413256,2.2097003,1.4725612,1.5826643,1.171643,10.956594,39.275814,8.293953,14.875617,16.395702,13.954213,68.853676,69.156136,64.62046,69.24097,60.517624,54.067814
2025-12-29 08:00:00+00:00,site_1561,180.84271,272.7878,301.7591,236.99158,209.8738,213.04037,276.20294,362.43112,413.7056,327.25253,298.02023,358.2131,49.941593,53.065754,63.943695,43.42345,50.342117,41.86201,11.115892,12.2547865,16.252335,11.921497,12.703227,13.244394,2.0748181,1.6645781,2.4417398,1.4867512,1.4730716,1.1367272,10.451846,52.418472,7.6374726,10.40312,13.954451,12.56683,64.988396,65.78243,52.883125,65.54154,60.158825,55.163578
2025-12-29 09:00:00+00:00,site_1561,190.70198,247.91377,330.91138,231.9944,224.09953,213.54694,290.04773,379.21524,422.64423,325.81915,301.758,320.59232,50.52946,50.90923,67.164696,43.080868,49.390823,42.88813,10.508652,10.881267,16.04909,12.262912,12.22673,10.081717,1.9344903,1.5245091,2.7482939,1.3995196,1.37017,1.0722028,12.632071,57.51962,8.559899,11.507287,15.218826,10.933132,66.11495,65.31934,54.105415,68.24767,62.30233,53.93764
2025-12-29 10:00:00+00:00,site_1561,202.8047,239.62985,329.0748,236.07385,248.24947,210.10626,309.49802,358.92688,469.03778,337.9281,332.92072,316.37073,63.9547,56.00308,62.93312,57.39495,57.17903,53.364616,10.702848,11.109918,15.411966,12.328771,12.0325365,11.202667,1.8281263,1.4269085,2.1884105,1.4561231,1.243309,1.0671641,18.89098,45.30795,8.797324,17.669239,19.50459,18.937546,67.095116,64.80573,57.273968,67.17072,64.50952,54.39428
2025-12-29 11:00:00+00:00,site_1561,225.88739,234.94905,264.38242,254.20769,238.5522,219.93706,362.15988,369.80325,439.0849,362.172,329.75983,335.49347,55.998604,58.939064,54.099953,50.519863,50.617393,51.846394,9.63177,8.98075,10.490816,10.763611,11.135364,10.357294,1.476812,1.4541186,1.5546938,1.2638384,1.2074436,1.1089704,27.256948,19.98662,7.1372213,25.515512,21.218632,27.56807,69.63348,68.71768,67.152565,67.28321,60.766006,51.481087
2025-12-29 12:00:00+00:00,site_1561,208.36078,240.72092,259.36655,259.35016,253.16998,225.48918,322.8379,416.5588,451.295,380.20523,409.4354,345.87933,54.391228,68.605095,49.426926,54.945663,52.68312,47.290142,9.50105,8.765907,8.633777,10.85998,10.62117,10.889695,1.346031,1.935749,1.6881,1.3420959,1.2279551,1.2692267,35.08201,7.6794887,7.3818183,33.839767,30.909946,29.276167,71.712326,70.393524,68.9798,68.72752,62.18791,51.57235
2025-12-29 13:00:00+00:00,site_1561,273.78387,291.68445,291.84222,282.74362,280.2001,242.99457,362.58655,475.3566,417.12576,429.7904,407.4387,365.56784,55.629402,63.828087,47.517624,56.56266,53.973717,48.171974,9.063075,8.90644,9.650635,10.620692,11.046182,12.007768,1.3204381,1.9901932,1.4261283,1.2885731,1.1868577,1.1521473,41.613983,7.087173,7.9556775,32.912228,32.194843,34.10526,74.80736,76.52703,70.49511,68.67784,60.27202,52.741264
2025-12-29 14:00:00+00:00,site_1561,270.61703,303.01883,261.8224,254.9043,263.38458,213.38348,387.38617,496.4569,429.68927,418.0419,382.15106,346.0714,59.232567,65.083565,46.97538,54.782425,51.365406,42.77004,8.395241,8.410201,8.621396,10.321105,10.511681,10.113084,1.2517328,2.3303926,1.5069845,1.259842,1.1480068,1.1116168,42.86968,5.7249618,10.270735,34.225124,31.791922,44.20366,77.59789,74.1142,65.26046,67.105064,58.428677,51.230713
2025-12-29 15:00:00+00:00,site_1561,282.53564,341.26617,243.76517,233.62445,230.47382,201.01698,388.9019,490.42212,379.85687,398.13925,364.5879,304.66653,61.080738,61.503124,41.78495,49.455784,47.953163,37.253197,8.511226,8.6126795,8.359434,9.795644,10.785448,9.267597,1.2733843,2.4256551,1.5819943,1.3224753,1.1714807,1.0262415,35.123596,6.741259,13.11801,49.317696,41.693703,55.3392,78.3494,81.24614,62.86532,73.57165,58.524364,50.53649
2025-12-29 16:00:00+00:00,site_1561,261.21365,328.4546,246.85225,251.78973,237.13773,173.11508,330.55035,501.05447,357.85852,360.89487,348.57712,260.78815,58.778027,55.365692,39.684944,52.06631,51.153202,33.09191,8.981071,12.537582,10.255907,11.419038,12.821845,9.795983,1.5002863,2.8179967,1.4059012,1.2465633,1.2265688,1.136181,27.10277,7.3851724,13.994658,42.432835,35.509636,45.365833,72.37342,68.76911,61.959797,69.35394,53.28647,45.30778
2025-12-29 17:00:00+00:00,site_1561,261.97244,340.72464,250.95683,272.23224,209.5243,178.69554,352.18854,505.76694,365.41928,356.43454,334.52036,284.69354,57.36353,51.482876,42.52026,55.706135,51.246536,36.438072,8.625773,10.243071,9.081432,11.25366,10.991839,9.977583,1.6147416,2.500026,1.0842998,1.3447123,1.103578,1.052763,16.063389,6.742037,11.541328,29.723581,26.452442,33.31926,71.92071,68.505516,56.864,64.73241,51.734547,45.91421
2025-12-29 18:00:00+00:00,site_1561,287.36526,299.03394,235.75023,268.67722,221.74113,204.55928,350.07217,437.6574,333.54382,390.14325,341.0487,273.17932,56.701527,51.527634,45.89373,64.824036,61.080757,52.61658,9.213364,11.463954,9.454846,10.795226,11.346991,11.821483,1.9887269,2.2259996,1.1398573,1.6114389,1.2451099,1.1297842,15.725561,10.452567,11.57395,16.377754,15.776738,15.7223425,76.56873,72.39185,68.70073,68.85285,55.031384,48.065773
2025-12-29 19:00:00+00:00,site_1561,345.09607,324.56107,246.35178,301.16675,246.92105,258.57843,466.304,453.08258,369.4514,436.77032,377.00922,371.47073,55.584137,49.354675,47.347282,61.779102,54.903664,56.693226,13.357674,11.503915,10.669477,14.376127,12.327721,13.423607,2.0356007,1.5955677,1.0477995,1.8851722,1.5720717,1.1450772,12.1409445,12.253249,10.256163,10.60128,10.233237,11.325454,73.90553,72.90422,64.18795,68.48526,54.227386,44.59154
2025-12-29 20:00:00+00:00,site_1561,335.41736,269.3351,251.3099,312.24725,263.48367,299.12534,443.7324,390.26306,373.1317,449.5229,370.8459,403.7622,52.222744,45.96954,51.573864,65.56228,55.317436,54.60125,12.453737,10.969353,10.708403,14.180193,14.760673,13.489978,1.9977002,1.4110974,1.0296488,1.8173459,1.5946267,1.4233091,13.512076,18.203117,11.517884,13.3824005,10.033148,10.117901,80.89832,77.4931,64.09393,82.42869,63.451824,52.82648
2025-12-29 21:00:00+00:00,site_1561,438.98306,248.76079,263.0528,335.25894,269.76498,281.0665,577.6506,439.3957,377.59335,455.81046,379.12683,418.55194,54.197685,46.8932,69.33785,65.708015,57.429646,53.311844,14.755027,12.17854,13.198474,12.89825,11.626536,11.93025,2.115703,1.4379523,1.2263162,1.8012841,1.7831846,1.3633142,12.729284,16.824528,13.134614,11.142797,9.272402,8.203562,73.50194,65.41639,63.327812,75.50032,62.35362,52.564415
2025-12-29 22:00:00+00:00,site_1561,364.34927,252.26778,282.66858,338.34283,270.5586,311.76297,495.109,420.80072,411.27448,498.99646,359.8504,406.64282,52.064526,45.157146,73.35384,64.94583,62.97732,50.10898,18.601667,14.469667,15.285617,17.866142,14.341654,13.4134,2.9214838,1.9566109,1.4862257,2.7334375,1.9025662,1.8902721,16.275885,18.454939,12.60893,10.217069,10.506504,10.795057,73.2078,59.677193,63.166718,77.66135,62.31891,52.553143
2025-12-29 23:00:00+00:00,site_1561,443.64453,243.6115,279.44827,332.3439,296.60077,302.4097,566.2389,409.62415,429.98215,455.59738,384.88593,427.8896,44.435547,46.60031,73.27499,57.704525,51.118538,44.966522,23.267271,13.6593275,16.18567,24.455307,15.990081,16.103386,2.8320637,1.7420421,1.5061488,2.6792958,1.5398341,1.7388304,19.443548,19.031036,17.123589,9.985418,13.782948,14.071349,74.2816,61.387703,66.86558,74.66876,59.867664,53.462276
2025-12-30 00:00:00+00:00,site_1561,298.7036,265.78354,298.00757,295.99692,262.08945,278.4168,414.70047,363.956,444.5526,414.6256,371.30148,372.42157,39.418095,52.671497,58.261566,56.113255,42.14624,38.76591,22.1264,14.554777,15.325078,20.348513,18.745579,15.683719,1.9826803,1.6767752,1.373223,1.9661627,1.6602464,1.6049054,10.317622,13.842428,26.852077,8.716291,10.152744,14.135391,60.08177,53.22583,52.96467,57.23329,49.835236,45.21377
2025-12-30 01:00:00+00:00,site_1561,217.80452,222.80394,302.46817,264.99265,250.44917,275.78445,294.47974,336.53915,390.7705,380.90714,344.77112,382.27927,37.28132,53.194782,48.262184,45.90566,36.016693,33.050472,18.945957,16.290928,17.261913,18.17477,17.726105,18.053549,2.0620563,1.5917151,1.2030388,1.5182382,1.3314439,1.6277481,7.676233,15.688309,49.925674,10.908868,12.255998,7.7814994,51.77012,48.472706,49.103794,52.5565,45.063187,42.03535
2025-12-30 02:00:00+00:00,site_1561,208.31606,229.99605,302.6156,270.8305,235.45323,267.44928,272.54956,336.03513,409.8099,381.99298,344.73013,376.35992,37.412476,72.58323,50.912224,43.937458,36.02007,35.402332,15.709728,14.054397,16.720316,17.636362,16.868704,19.053059,1.6706402,1.7078521,1.3869662,1.4397111,1.2223105,1.5113904,10.376467,22.254965,39.85415,12.811698,10.124169,12.446445,51.025826,50.0232,50.436127,49.89875,41.402317,39.882103
2025-12-30 03:00:00+00:00,site_1561,214.36394,239.10846,281.44305,248.98184,208.12866,226.87589,297.51297,382.7449,406.15057,362.32355,332.70398,356.8191,35.93604,74.668625,49.134754,37.804546,32.923134,35.412067,13.777255,15.372227,15.7326565,15.502736,16.207747,17.877407,1.8964393,1.7402964,1.4168818,1.3459315,1.055534,1.2436521,9.446164,15.126404,34.94347,10.3771715,9.566278,15.630526,48.493374,52.574394,56.67827,47.734764,37.68366,35.831764
2025-12-30 04:00:00+00:00,site_1561,189.26004,228.11356,289.34473,235.88281,197.83185,215.50363,280.17618,347.3627,416.3601,343.99036,304.94855,324.74677,40.47487,75.95836,61.28381,38.085613,30.901781,33.489166,13.899499,15.813719,13.104089,13.998524,12.8980055,15.894037,1.8733722,1.7484947,1.5353584,1.225128,1.2288642,1.0595661,10.335131,20.818033,36.296673,11.811648,10.635503,11.863189,53.882687,55.67694,55.297047,46.154045,39.810528,36.42886
2025-12-30 05:00:00+00:00,site_1561,178.50294,230.64806,263.91614,224.95367,190.00146,186.52863,268.59674,354.1187,391.23407,338.29553,291.25858,297.84406,50.40219,74.46346,74.58187,47.84965,38.450756,39.54997,18.735676,14.467231,17.15245,15.479129,13.281669,15.973285,1.7004256,1.6788683,1.8942761,1.2412893,1.3221785,1.0746348,8.510552,19.979872,20.961529,13.276348,10.321393,12.496645,57.921288,57.99593,53.82498,48.358006,41.988693,40.728584
2025-12-30 06:00:00+00:00,site_1561,162.74202,235.34317,264.04538,197.59006,188.69928,181.50792,240.6058,334.06366,309.54813,325.35764,282.82684,272.7022,55.797997,66.71903,86.4052,54.87947,44.72024,44.522205,14.106182,14.593014,15.765404,15.2503,13.151131,16.490013,1.5981379,1.5894105,1.9918338,1.20525,1.2607291,1.1771706,7.4639583,34.322586,12.63305,12.796669,10.401102,12.181309,59.598423,61.190365,53.876053,49.098,43.82996,41.4959
2025-12-30 07:00:00+00:00,site_1561,162.27975,238.45346,264.68924,194.2336,197.42729,187.3607,232.04736,318.1358,343.68448,315.70242,285.67444,259.66888,56.622208,56.260292,84.66005,46.90414,47.517815,45.298874,13.724143,14.147168,16.483446,13.979086,12.836071,14.212525,1.6676762,1.5614567,2.4198143,1.2994924,1.2723992,1.1233637,8.343291,61.250225,8.837021,14.05063,12.494849,15.705085,57.85145,58.7765,57.844997,52.771545,48.810223,44.09892
2025-12-30 08:00:00+00:00,site_1561,162.45575,227.34583,287.1665,195.53351,197.71242,185.53618,244.52885,334.0122,403.98843,311.58957,282.58777,281.59418,58.03691,55.26932,76.004776,47.106007,49.051464,43.178925,13.973938,13.584489,16.175606,11.96884,12.733249,14.619913,1.6139762,1.4255949,2.637877,1.2543312,1.2020547,1.2149886,10.828837,50.582317,10.11053,14.700763,13.731036,13.585993,60.35713,59.121746,59.359497,53.659126,51.268158,45.452305
2025-12-30 09:00:00+00:00,site_1561,158.66461,198.20879,291.84174,185.13017,191.43756,187.022,251.05852,318.2727,432.36462,294.37512,296.97406,283.15228,58.69283,48.3571,67.76352,45.360256,43.783047,40.5709,15.254923,15.65054,18.27772,14.47316,14.125483,14.471382,1.6702443,1.145432,2.8441188,1.2905895,1.2241216,1.1257159,13.662513,46.222458,6.5359783,15.860238,13.276793,15.736786,61.54776,58.752377,57.22641,56.178577,51.011124,47.305378
2025-12-30 10:00:00+00:00,site_1561,179.94821,183.20099,307.089,179.58467,219.4506,210.5137,275.8951,290.8798,470.12735,267.66553,308.39465,311.26764,59.777996,53.624153,64.754906,44.95782,47.8915,45.19317,17.35951,12.918216,19.444992,14.313491,14.296557,13.019857,1.9062994,1.2297858,2.968754,1.4329863,1.1792402,1.1358794,16.076948,47.62525,9.764083,24.499142,19.289135,21.231022,60.52195,57.752117,52.42504,55.431507,54.27844,46.72052
2025-12-30 11:00:00+00:00,site_1561,186.95897,196.11218,304.299,196.90773,239.6714,228.15494,275.37155,284.39673,436.56122,319.31567,323.09344,291.46045,52.685833,55.951965,54.86593,41.491447,46.29204,46.611942,13.39505,12.005843,17.09606,13.147702,14.540504,12.691199,1.6468924,1.3593665,2.7998247,1.3115938,1.128361,1.0870306,20.654558,23.403553,7.16074,20.14527,19.368093,24.3704,57.982857,53.887753,52.431477,54.276978,47.581615,46.144726
2025-12-30 12:00:00+00:00,site_1561,172.47263,196.85533,263.52988,183.98703,229.63947,219.45633,263.21606,352.87772,392.4295,289.22375,329.5229,310.3091,42.59819,57.01742,48.58617,40.945084,39.486553,38.7899,12.094437,11.963082,14.830155,14.682398,13.957122,13.130199,1.4189941,1.4792714,2.0455666,1.1351124,1.0660869,1.1899741,25.016733,16.288662,6.5758405,27.588978,27.143677,28.992573,58.911808,53.647194,51.064957,53.236694,44.36006,45.93051
2025-12-30 13:00:00+00:00,site_1561,185.01495,260.5759,280.15787,212.3023,232.64052,223.41635,342.98492,470.82172,405.6283,337.5849,346.4526,342.19275,41.766514,60.118534,48.86897,42.559097,44.328865,44.804825,10.97486,11.098814,13.079871,13.648683,12.906617,11.137898,1.0855252,2.33855,1.7078809,1.0541866,1.0725859,1.1364139,36.414726,6.925711,8.161155,38.807644,40.670788,43.448036,61.52829,60.086426,58.39435,56.869137,49.02427,46.857224
2025-12-30 14:00:00+00:00,site_1561,194.70302,270.63037,273.0591,244.17365,224.43149,215.46445,265.6521,450.54614,392.71118,307.50934,353.55914,313.7175,47.808746,66.1194,53.78678,46.0488,45.442837,44.128716,11.17296,13.407735,10.697982,13.759544,13.074683,14.732652,1.1276438,2.6020203,1.5570955,1.1356902,1.1280208,1.1324794,41.513813,8.288693,9.335313,45.917656,41.705006,47.954723,66.49028,65.544586,60.93019,60.774696,50.485317,47.976097
2025-12-30 15:00:00+00:00,site_1561,218.07889,345.2299,291.6325,232.95547,233.95029,225.47136,326.1406,499.6903,398.6608,350.81125,341.81128,337.0379,63.903133,75.40328,52.392704,53.221584,51.127033,49.13568,10.326787,13.8754425,9.626233,11.231709,13.355256,15.8724,1.1926136,2.6298113,1.373607,1.1371511,1.0633984,1.1155664,39.074745,8.775502,9.491623,52.70534,43.73961,50.61146,67.498184,77.49598,58.549355,64.08904,53.266666,51.379356
2025-12-30 16:00:00+00:00,site_1561,214.7824,364.165,270.35483,244.74834,217.49242,209.85277,345.4023,531.3044,372.96863,368.48038,361.33307,346.2543,80.35698,79.1611,55.871006,60.372272,59.531975,57.05595,10.553997,15.761853,9.280133,12.214764,13.517845,14.761637,1.504128,3.1883705,1.3734982,1.2631234,1.1037589,1.1717874,21.907537,10.316049,9.863061,49.592983,39.96344,44.30599,65.26459,75.00639,55.571453,63.788097,54.122093,51.367123
2025-12-30 17:00:00+00:00,site_1561,270.38013,353.06857,266.9244,244.97894,211.79926,220.92633,396.2628,520.4306,354.79312,351.0098,344.23315,306.05197,75.51167,61.73177,43.62373,65.66226,66.227394,54.5011,10.653599,14.233404,9.23941,11.549787,13.691983,15.575467,1.6001383,2.6275895,1.15809,1.2767624,1.0205004,1.0378844,14.079968,10.107935,11.955433,24.019173,32.361046,27.791716,69.99072,66.52099,49.754692,63.56947,57.44026,51.987904
2025-12-30 18:00:00+00:00,site_1561,268.63602,351.08417,261.64178,274.10577,219.635,177.09966,350.79752,489.07697,321.6222,398.13348,360.2945,303.6572,73.99212,57.001755,46.405033,76.77491,77.66208,74.34997,12.214122,17.576077,11.595873,13.515069,14.667263,15.069914,2.4167495,3.1969426,1.3160195,1.884305,1.2440964,1.5494052,12.1846,12.59717,14.211599,14.335842,13.745961,10.668979,66.69095,58.33946,50.09806,66.626625,53.741673,53.76998
2025-12-30 19:00:00+00:00,site_1561,322.33167,369.49033,286.7433,316.06082,255.7302,260.04065,412.05875,466.33023,368.3537,412.96713,397.16025,325.64206,63.215992,53.782112,50.36434,73.395256,71.6505,67.56737,13.55383,17.710228,10.33184,14.345065,17.459557,17.304428,2.8874784,2.8006725,1.3856649,2.300935,1.6678615,1.7074195,10.565851,16.720531,11.816167,11.553292,11.837341,9.211398,72.08616,62.20386,56.11151,68.05221,58.189934,51.16448
2025-12-30 20:00:00+00:00,site_1561,369.52112,370.7978,296.40906,322.97278,278.70273,315.9641,480.7053,469.14706,397.1204,439.5193,428.87027,377.74133,52.239677,42.606705,52.34838,67.21884,55.0331,53.041695,16.163576,17.68057,11.037635,14.652106,16.575043,18.87742,2.4221601,2.2710924,1.2057824,2.3301244,1.7665865,2.0016243,12.035737,17.729471,18.086277,13.281241,11.459689,8.954668,72.99008,57.815556,56.456898,68.61089,62.811474,54.344185
2025-12-30 21:00:00+00:00,site_1561,387.17575,336.05988,300.77847,372.03876,315.2381,355.41974,487.114,446.0731,392.0893,438.57553,477.63263,383.88977,43.04672,43.765385,54.364315,59.01032,44.780724,43.295475,18.888254,14.465411,16.01383,17.707813,18.953194,18.528782,3.517967,2.408007,1.5537283,2.4156032,1.9848534,2.1944015,15.400878,21.137056,12.90755,12.412466,13.569477,6.0100946,79.02297,64.49561,62.872196,76.15714,60.43423,56.840107
2025-12-30 22:00:00+00:00,site_1561,553.91034,357.24417,377.43732,370.1732,324.46188,320.61514,682.32184,492.4857,447.45837,451.65268,495.8161,434.09448,44.641087,43.41152,57.405155,58.33694,43.646233,41.7932,26.339676,16.778694,14.011141,19.764057,19.231909,17.570942,2.9267771,2.1747186,1.6497275,2.4168103,2.3633785,1.5366123,21.930204,19.635265,16.329275,16.64464,13.586308,17.926704,78.08055,60.04703,72.26347,73.72081,61.385654,58.324802
2025-12-30 23:00:00+00:00,site_1561,475.7638,364.4692,360.86594,373.96844,312.0684,287.1755,607.22363,460.7759,466.49506,401.71622,408.50366,349.77435,36.224087,35.838505,60.52584,46.237404,38.72923,35.134552,27.218195,14.467044,11.336562,28.349884,16.687656,19.14262,2.3200214,1.9132541,1.7897925,2.1464539,1.877089,1.7146574,18.863543,25.501324,23.02321,9.430387,13.309464,18.041208,74.60587,57.40218,70.68807,68.56364,62.453728,56.931988
2025-12-31 00:00:00+00:00,site_1561,362.62592,302.8457,330.9724,352.24045,271.83948,230.52533,448.16977,370.43628,472.03183,384.17242,407.03058,276.88147,30.744614,42.966507,56.251297,34.49889,33.58787,29.824062,29.309538,13.666016,9.8522005,18.41572,15.302285,17.526047,2.4552104,1.9489592,1.9225699,2.065499,1.7777472,1.8869112,16.409872,15.759281,30.136831,11.934521,16.8179,18.772394,67.67382,56.637993,67.10716,67.8908,57.019424,51.74595
2025-12-31 01:00:00+00:00,site_1561,311.12155,244.77959,298.5506,313.47342,238.20631,204.1727,360.60452,335.0207,424.55984,347.47928,373.66577,256.1756,28.816065,43.87366,53.508812,35.97509,33.30005,26.651024,26.449091,13.192003,7.020957,13.308127,14.081156,14.053343,2.588379,1.7432855,1.9600143,2.0565965,1.6016608,1.8386683,21.793375,22.150948,41.269848,17.342815,18.504385,23.278574,56.642227,53.75505,66.05137,64.91442,54.70747,51.020515
2025-12-31 02:00:00+00:00,site_1561,366.39676,293.69275,301.55798,289.73355,237.96558,201.58614,424.07996,372.40475,429.55954,355.03055,336.69174,266.1116,29.998133,57.13955,59.5833,30.77694,30.766594,29.28453,26.546432,16.217096,12.270919,16.50535,14.453239,11.262428,2.686502,1.7097691,1.6989216,1.600149,1.3968933,1.5461075,14.269351,17.233484,40.25733,12.532617,7.7714376,18.981033,58.91734,57.97857,65.699135,60.295773,49.234978,49.187874
2025-12-31 03:00:00+00:00,site_1561,300.5904,246.38374,270.48416,260.07706,211.7325,169.71745,371.27383,371.01218,371.45862,330.8373,325.62747,297.61566,25.931587,57.69773,66.10136,29.452429,29.728968,23.775318,21.049335,12.355891,12.862238,12.104046,14.126893,12.121861,2.716081,1.4162196,1.5051398,1.9273465,1.7694806,1.7594254,12.975562,12.173876,36.51339,15.596875,8.081889,22.709173,52.285217,53.295795,60.59167,51.400124,45.446056,46.162266
2025-12-31 04:00:00+00:00,site_1561,247.67581,211.7803,270.62473,229.3368,221.7939,198.51393,331.41727,353.81903,360.92767,307.52393,329.88043,280.1551,29.583405,56.134098,62.4209,25.228193,28.688028,25.884537,19.974865,12.137753,11.567701,13.187963,16.411272,14.3227215,1.9762979,1.5329401,1.5255387,1.5694609,1.3161304,1.3291713,13.186579,11.750685,36.675083,21.706787,13.390915,17.924559,54.24728,61.29183,61.555145,54.923115,52.798157,45.016754
2025-12-31 05:00:00+00:00,site_1561,230.02142,230.08165,284.45242,226.55325,200.53528,196.7019,303.47046,344.0633,390.11288,282.66626,298.69864,273.4572,30.020521,53.364155,65.306854,25.777786,27.6377,22.206924,20.567295,13.631817,12.548676,11.778462,11.788501,11.151159,2.2444088,1.2596334,1.7622678,1.8301162,1.2789686,1.347139,13.804413,14.806744,15.194871,26.3327,14.970348,22.57291,62.787064,65.35499,61.260834,62.14849,52.03283,49.009796
2025-12-31 06:00:00+00:00,site_1561,324.2888,264.98276,299.45438,242.04512,178.51154,201.17252,428.75415,391.1681,395.8712,309.7809,257.81644,238.77982,38.81432,47.978416,73.557236,32.48429,34.639294,23.489195,21.534386,17.784697,9.838261,11.905632,12.460117,10.73437,2.2330008,1.5816336,2.306342,1.8413484,1.6512626,1.3395963,14.604301,33.268402,8.651345,28.208437,14.299241,26.623192,75.90839,77.67628,78.3243,67.14853,56.365234,56.252743
2025-12-31 07:00:00+00:00,site_1561,339.7581,271.74902,365.63663,259.51505,177.00772,207.341,465.75845,378.44147,427.83685,308.61267,239.29584,245.33974,56.96498,59.019405,76.05768,39.455685,40.66451,34.126865,22.03778,14.977527,12.7272,13.336792,13.844142,12.336648,2.2254193,1.5607638,2.6824713,1.8848009,1.756607,1.3481197,13.316599,48.414528,11.363909,31.85014,13.423382,26.891891,86.863754,92.83025,93.43545,80.3322,71.55726,62.61758
2025-12-31 08:00:00+00:00,site_1561,345.4914,291.7392,400.60312,243.3849,192.746,224.23079,535.99335,420.63162,428.17484,326.60883,271.36893,270.0931,63.54986,57.76321,66.991684,43.442764,40.289333,30.191622,19.598326,14.507212,10.020533,13.070005,11.491597,11.965847,2.0781307,1.4155213,2.742357,1.8769913,1.7368867,1.3161774,13.92051,53.122692,11.605743,39.549995,13.008057,9.815631,89.69999,90.92476,90.02999,82.42821,72.57854,60.75446
2025-12-31 09:00:00+00:00,site_1561,280.72952,247.71725,394.58612,204.23717,173.52676,202.551,424.75314,382.9678,459.0487,318.19144,274.52557,250.75212,57.39282,56.048897,60.663597,42.3692,44.22467,36.991405,17.587685,14.343841,13.132752,13.2861,11.254173,11.42136,1.4714172,1.3234124,2.2602665,1.2699833,1.4021853,1.1454554,15.232322,57.220963,12.661092,37.415905,16.25772,12.206333,79.80651,80.66686,70.72608,72.36205,59.291336,55.826454
2025-12-31 10:00:00+00:00,site_1561,211.88066,251.73741,402.24216,248.15895,209.54025,199.02484,315.4752,356.03564,446.29288,345.70233,292.99057,271.87564,60.523155,62.120945,56.842636,55.72479,55.080093,46.69571,15.88507,12.456301,13.130352,12.971664,12.698927,11.22703,1.3515697,1.4232751,1.9448143,1.1605469,1.2239422,1.0137714,20.955715,29.869387,12.799058,29.309282,19.583683,17.498566,77.87941,76.852745,71.0464,70.71626,56.83613,56.435673
2025-12-31 11:00:00+00:00,site_1561,197.8877,236.20811,337.6129,229.24672,174.97844,200.55937,302.2084,345.82095,391.7606,343.19052,316.14325,297.3655,46.891445,61.713444,51.467876,44.90197,41.948616,31.628561,15.710988,11.654286,12.884566,13.426346,13.557717,12.28482,1.3183098,1.4195349,1.8736161,1.1339964,1.071911,0.98718643,23.265305,11.120106,14.327826,31.497223,18.912806,27.823639,72.58027,71.07543,60.499058,74.573975,55.003754,53.093964
2025-12-31 12:00:00+00:00,site_1561,254.32652,266.80093,327.58273,215.59218,203.71614,197.95769,343.36926,357.5411,401.7567,318.44574,306.46014,274.3394,40.708336,52.09131,41.71401,36.954304,44.26014,36.33829,14.13358,11.675482,12.261658,11.621159,11.987493,11.520162,1.2847224,1.670036,1.4025854,1.0176667,1.1043679,1.0531929,24.778791,11.354058,11.701622,29.144192,28.506332,34.216293,71.58351,61.674324,52.237274,65.610466,52.772797,50.09381
2025-12-31 13:00:00+00:00,site_1561,223.64908,267.53174,251.34146,201.60677,189.17464,209.79846,328.37732,381.47528,356.66223,295.7044,317.389,275.70175,42.83573,53.096317,43.96276,38.862625,42.74508,35.1786,13.331428,10.5287485,11.768049,11.571545,11.303587,11.523329,1.2388217,1.7006242,1.1708896,0.8981123,1.0030719,0.962899,27.077509,10.947906,14.340402,41.50098,34.675217,46.0427,67.91977,61.214592,54.456326,59.2319,49.514717,49.835987
2025-12-31 14:00:00+00:00,site_1561,232.33075,272.53146,234.53156,184.21869,163.62256,192.07442,325.35135,357.2473,321.04855,298.81192,271.86874,261.26697,46.78087,45.98225,36.804398,35.484226,37.870136,31.56421,12.62229,9.359676,11.187253,11.3074875,10.756577,11.507736,1.2880853,1.7280401,1.2653071,0.8888066,0.97014815,1.0856214,23.515985,12.100064,15.608192,45.07462,37.65916,47.799053,68.59535,60.60379,50.03753,56.117897,48.947456,47.844757
2025-12-31 15:00:00+00:00,site_1561,249.34921,289.85684,230.6044,176.79616,149.34653,181.70792,362.2082,362.28488,317.05307,251.2724,252.75748,291.31735,51.653687,48.924183,38.887894,37.127186,36.419895,29.435621,12.21475,10.234284,9.778181,11.363585,13.413242,10.473536,1.2321337,1.5719256,1.3865588,1.0953822,0.9291406,1.1387011,18.166233,12.327313,17.14787,41.2393,42.034298,51.559372,69.047356,68.80147,48.398113,56.892433,47.148952,48.14757
2025-12-31 16:00:00+00:00,site_1561,253.96706,257.4729,218.23611,178.01447,150.5857,198.05774,384.39825,342.01624,277.1576,264.15543,251.60884,325.9177,57.266216,46.374577,35.8376,47.041122,46.959255,34.7818,12.5460825,10.284911,9.371041,10.745,12.537094,11.490008,1.3377726,1.7069192,1.2938635,1.2946393,1.0510952,1.1916692,17.695955,13.83673,17.765833,45.794415,37.54752,51.48332,69.533424,63.39087,48.75739,56.416725,48.889545,46.400208
2025-12-31 17:00:00+00:00,site_1561,271.034,246.61041,216.1267,174.58353,145.00638,201.23643,407.41095,335.9613,264.0791,308.97443,252.03616,325.30237,56.205727,45.444424,35.29596,51.527084,42.84418,45.281822,12.731022,10.812643,8.591665,10.672366,11.018425,11.4564085,1.4993554,1.4796414,1.3291456,1.3791909,0.9968764,1.3837993,14.2850275,14.094768,24.498518,35.597065,28.321062,31.476692,70.33874,59.81544,48.24009,56.655743,51.09418,42.50285
2025-12-31 18:00:00+00:00,site_1561,277.76932,192.26848,210.80722,211.19424,131.3656,190.80145,405.75925,301.65024,278.034,326.23935,261.46356,319.58594,59.179962,42.625217,37.071922,58.88579,44.115154,48.581276,13.612747,9.917787,8.117281,12.141022,11.257547,11.531879,1.6149985,1.3234497,1.3862277,1.7629938,0.96889454,1.6009418,12.755672,15.760713,23.222567,21.842459,14.705243,18.438383,70.97929,61.79235,51.42672,60.08132,54.499146,44.30267
2025-12-31 19:00:00+00:00,site_1561,313.15482,216.53526,222.69492,328.45822,155.87762,239.5143,416.86697,298.17484,260.30386,380.6392,317.708,388.67828,60.215656,46.53717,39.506405,63.288696,53.264835,52.02747,13.631491,10.752425,9.671941,13.344011,12.551917,15.6777725,1.6700444,1.1640656,1.2005384,2.8135104,1.555537,1.6703095,11.929195,14.855726,20.477907,13.678205,11.566083,13.776588,71.976105,64.63509,55.32616,62.798496,53.96221,45.71322
2025-12-31 20:00:00+00:00,site_1561,317.66388,195.00174,221.98027,382.3305,223.94827,325.26346,459.4302,267.26202,283.83273,442.68518,319.62964,450.27582,53.373047,43.15594,46.95957,57.08494,43.043232,47.300385,13.979998,9.738708,9.976227,15.495084,12.59038,13.220442,1.7062504,1.1678655,1.2795471,2.9365766,1.6864463,2.08605,12.228329,15.546312,16.556915,12.311529,11.731887,9.533391,72.376656,60.052742,56.449596,60.832047,53.217503,47.48323
2025-12-31 21:00:00+00:00,site_1561,339.26886,179.30972,217.66977,397.85977,214.40613,364.98788,466.45752,321.57104,315.35284,401.6968,326.63147,460.46066,49.00208,38.750294,52.291286,56.95241,38.438225,50.18327,13.251214,9.948375,10.39665,15.673189,11.158246,13.073749,1.8304023,1.0493524,1.3294894,2.5480294,1.7477925,2.3363647,11.784334,15.094169,17.382467,13.444596,10.838433,11.117051,71.76664,57.901783,53.374393,59.81834,48.06795,42.95853
2025-12-31 22:00:00+00:00,site_1561,298.50793,202.17134,218.00192,350.60754,198.1377,334.51816,456.51047,353.58414,328.1057,395.9954,337.19363,448.7294,47.64466,42.133892,54.244347,55.193382,37.813576,45.20702,13.846059,10.595235,11.834485,14.600283,11.557256,14.267178,1.6166612,1.1603502,1.3575228,1.842247,2.002859,1.9045539,11.77722,16.57622,17.340263,13.858059,11.565697,12.606134,71.175446,55.479984,57.250977,62.67653,47.20959,38.49565
2025-12-31 23:00:00+00:00,site_1561,289.7815,190.40912,200.87576,302.7389,206.93272,299.01675,431.63474,307.42218,326.49207,401.1782,329.96313,404.29868,49.012615,43.42724,59.11539,46.639328,37.048935,41.437466,13.546299,10.38209,12.425257,13.651362,10.408613,15.572414,1.4714323,1.3310635,1.1607361,1.7284905,1.7450657,1.9301275,12.991161,20.97887,25.328691,14.52296,11.474141,12.671324,70.2625,57.436653,57.13863,61.595898,48.496754,41.94052
2025-12-29 00:00:00+00:00,site_1562,438.29727,227.96751,273.7651,263.06042,238.3967,242.95601,561.4957,339.97702,382.4482,409.39465,332.58118,317.7316,14.534631,24.766855,56.03311,27.783854,28.272963,33.59968,11.288618,8.212177,10.336887,10.556092,17.678469,10.592443,3.2063026,1.9308382,1.5525576,2.0454526,1.7766712,1.713224,2.5212796,0.76942986,26.198534,3.824649,5.1658063,3.3055706,34.660534,46.740868,49.46885,40.674747,35.05774,34.07096
2025-12-29 01:00:00+00:00,site_1562,413.0736,219.35745,240.07823,261.46393,240.34369,237.38457,548.0246,369.59576,381.64676,413.63925,357.45383,321.38583,31.242498,38.016476,56.886913,37.71365,36.67109,41.748966,10.08623,10.887885,10.8341055,12.130514,11.002753,9.468618,2.3203197,1.9013189,1.7618197,1.9984165,1.391302,1.4628754,7.7601185,12.388243,52.33415,11.648165,14.208888,15.808207,31.901087,42.460712,45.55723,39.54347,37.416862,33.974686
2025-12-29 02:00:00+00:00,site_1562,254.4446,206.38605,256.29727,254.6479,192.19266,188.34256,352.59677,289.21793,418.6823,371.1525,261.3814,292.61905,37.101357,38.6151,56.57044,42.326385,47.37758,34.501045,5.9870358,6.715871,9.417198,6.8737683,5.4712086,8.852219,1.4556347,1.6063417,1.4778216,1.1482371,1.2425512,0.91512936,2.413972,10.097639,65.19452,6.491169,5.7412934,5.8024106,44.986397,53.31068,54.27463,67.33663,49.423157,49.089592
2025-12-29 03:00:00+00:00,site_1562,210.17934,184.63148,255.38866,245.64352,220.07658,206.04807,311.8156,311.51712,402.57288,366.37808,269.9752,294.62762,27.768044,61.170864,56.47538,35.65272,29.50309,31.409742,9.135423,8.745964,15.192189,10.902166,9.227965,9.94494,1.9523965,1.8510699,1.8388474,1.72781,1.4759365,1.3202627,3.5100892,15.71384,43.263206,9.740431,8.659858,8.398326,37.521736,44.072395,48.160004,36.727703,33.4041,33.847347
2025-12-29 04:00:00+00:00,site_1562,175.83464,198.38298,277.151,226.48161,208.54442,208.86467,255.64754,315.94092,387.85626,348.4306,289.13705,284.9102,28.695997,67.03739,58.62768,37.861214,33.18056,30.985678,5.1937695,7.020443,13.497342,6.134094,6.824698,7.0413637,1.8227162,2.0747724,1.8187319,1.5477811,1.5609475,1.2027984,6.0241256,18.694311,32.09783,9.168491,10.837614,9.668047,42.03199,48.491695,52.989964,40.1865,35.794064,36.033726
2025-12-29 05:00:00+00:00,site_1562,170.76732,237.5928,251.59744,202.91675,214.86691,196.66,240.0574,379.18774,402.65555,322.5494,291.2799,296.99252,29.48381,74.90933,63.137516,35.996162,30.4871,31.228827,5.68329,8.336897,9.946598,6.7092237,6.2396903,9.982565,1.7619151,2.0040085,1.6593792,1.4174205,1.4497548,1.2106656,5.2464,18.100683,14.096141,8.642788,9.692565,7.6011963,43.393604,50.361393,52.24903,40.924362,38.759304,37.63424
2025-12-29 06:00:00+00:00,site_1562,160.1786,249.08875,215.45844,200.78963,209.84958,201.2075,213.05103,338.55038,355.72018,303.38043,290.8753,271.42355,23.922684,59.120827,61.9986,34.611717,31.435232,27.93883,7.492033,10.343533,12.272559,8.168931,8.772787,10.248687,1.8626927,2.039202,1.9191122,1.5540657,1.6372811,1.395199,7.9828877,28.419382,11.667203,10.279731,11.96061,10.217514,46.21021,50.347565,54.895927,41.551815,40.53961,36.73702
2025-12-29 07:00:00+00:00,site_1562,154.46935,258.59702,216.93605,185.09807,181.13612,218.04193,212.9798,349.86688,358.16873,270.57767,303.1768,298.59744,26.976654,49.098465,57.270927,34.422268,36.794235,29.625713,7.836688,12.836713,13.573669,9.027181,9.315683,8.264578,1.9464487,1.7698454,2.2331743,1.7113167,1.4239781,1.4571161,3.7191026,33.174583,7.0908294,5.4333987,8.915372,7.641441,43.172382,44.48316,48.33771,39.788097,38.5799,36.90162
2025-12-29 08:00:00+00:00,site_1562,173.25533,247.67496,256.8773,204.0318,180.53271,220.14401,246.9246,376.9835,400.13824,305.1042,290.38617,324.12912,34.70048,49.388596,51.383495,36.808403,35.300053,36.74847,9.25786,12.720047,12.652501,9.462949,10.055971,8.368675,2.0093343,1.6857295,2.7285595,1.714464,1.4975047,1.5417622,4.066966,45.56715,5.1525793,3.3125806,8.4427,8.807669,37.039913,39.307106,42.73082,34.502506,34.31048,31.691578
2025-12-29 09:00:00+00:00,site_1562,179.4452,251.34077,283.6719,197.42792,194.33856,207.67848,270.87946,348.34027,436.08066,321.90094,299.6991,324.03732,37.444557,42.72916,50.20935,38.246437,37.019516,36.73429,9.668083,13.960914,12.526664,10.575037,11.045641,9.26508,1.934773,1.6438599,2.9958649,1.6353195,1.4366418,1.4937705,8.544974,54.646942,6.9191437,9.668081,12.000255,12.005343,35.225006,38.63382,43.859383,35.748047,35.47503,32.080833
2025-12-29 10:00:00+00:00,site_1562,194.22168,224.16327,256.7111,218.7532,206.78317,219.59286,295.47772,316.6337,452.32053,312.58832,304.26233,339.6187,42.835148,40.5459,46.308075,42.625954,41.262627,39.770077,10.797372,12.796487,12.906437,12.500309,14.30421,10.195749,1.8347849,1.4980637,2.4974675,1.7676564,1.3500645,1.4656059,12.253197,41.80023,6.9855046,12.649726,16.110415,14.056028,35.64996,38.64273,40.248077,34.455887,33.754715,33.020416
2025-12-29 11:00:00+00:00,site_1562,192.81996,214.6947,247.81848,219.4703,219.9208,217.06172,300.98892,297.03195,397.5354,324.2742,313.84827,326.003,42.974113,45.942295,47.30771,43.980816,41.591026,39.675976,10.290433,10.697024,12.585787,11.997692,13.501222,11.392944,1.7281456,1.5855894,2.0122132,1.6441334,1.3744051,1.2631706,18.124819,24.879404,7.6263304,21.057045,22.55573,24.391129,36.83292,39.31408,41.64571,36.18468,35.048046,34.082516
2025-12-29 12:00:00+00:00,site_1562,191.38145,210.5485,243.00572,246.21791,229.50186,211.46613,276.02637,332.89127,437.6591,348.7752,386.19046,334.4677,34.950386,47.838726,38.50334,40.40405,35.68621,31.4149,6.384887,6.9864264,8.428606,9.202707,8.915591,9.302501,1.6269078,1.6197484,1.7238055,1.6181217,1.5127934,1.3978459,33.3364,11.772658,10.262665,31.360874,40.036343,39.38735,44.572807,45.659176,46.27284,43.108276,39.370728,38.370396
2025-12-29 13:00:00+00:00,site_1562,205.13373,242.05133,261.90692,277.54105,257.3347,219.15504,270.05963,392.7608,442.67142,352.5028,377.81195,346.75702,32.760918,38.768642,36.958176,44.08113,35.095764,32.810894,6.9370437,7.72597,10.53931,9.983346,9.7661085,9.953473,1.6388487,1.8210336,1.7573588,1.6057125,1.5172487,1.5010555,39.96481,9.398723,11.112579,34.40837,39.145935,38.28776,49.984573,50.39503,50.07955,48.074757,41.029377,38.519325
2025-12-29 14:00:00+00:00,site_1562,208.32918,265.90634,252.65407,268.91544,241.89954,215.75648,292.10397,427.89587,405.07693,383.6479,373.45956,376.67828,32.39142,42.561886,35.481125,42.828842,39.832108,34.868988,7.605123,8.5872755,9.124626,10.300478,10.772528,10.221132,1.5628548,2.3987467,1.7373229,1.6201713,1.4012142,1.4497479,45.439484,7.177566,11.957118,39.040424,44.015575,48.658375,51.498455,50.96741,46.07239,47.098717,42.616405,35.484776
2025-12-29 15:00:00+00:00,site_1562,198.30182,283.40845,201.2035,275.09897,234.85988,212.64322,278.04236,459.1484,349.06937,377.09903,346.00797,332.49216,41.29924,45.59379,40.66822,47.63188,39.653854,37.077385,6.682659,11.490498,8.054917,9.893914,9.958925,9.443143,1.7108717,2.8295336,2.0043757,1.6011493,1.4586582,1.410585,38.955753,8.923317,13.195976,42.87298,44.13659,50.24549,51.643658,53.6797,44.077995,49.070156,41.830746,34.623375
2025-12-29 16:00:00+00:00,site_1562,204.13881,301.20428,206.33138,246.03308,219.99724,218.5247,308.9462,468.2925,341.74713,376.71246,335.40506,327.91122,46.429703,45.543606,42.48772,51.41461,43.395573,39.40091,9.376249,11.7825575,9.577211,11.791529,11.53104,11.1496725,1.9594762,2.9471095,2.2226446,1.5604267,1.541564,1.4205666,17.251587,12.298525,12.897667,44.525208,43.651287,38.37993,43.04231,44.594208,40.775425,41.480827,37.16286,35.012398
2025-12-29 17:00:00+00:00,site_1562,224.43736,328.70944,214.84717,234.4723,204.3981,187.23528,334.7383,447.01974,352.99606,357.69327,324.9693,301.6677,46.87395,43.986584,37.95082,54.360447,50.84612,42.62067,10.37866,11.810619,9.281266,11.952634,11.727693,12.476017,2.1916702,2.5493371,1.9955386,1.6342067,1.4894159,1.327814,6.783969,10.203835,13.38887,24.047375,25.671318,25.340624,41.110405,45.65727,37.02732,39.74726,37.979233,34.563267
2025-12-29 18:00:00+00:00,site_1562,232.20303,286.16678,206.027,253.4233,206.91081,177.44633,343.7828,429.20532,342.55637,374.82434,331.1686,298.72556,34.620636,35.226135,34.75015,42.965866,41.641212,46.22309,8.501189,9.172736,10.027781,10.60043,10.431889,9.537099,2.4433784,2.150983,1.708674,1.9436312,1.7275796,1.3453754,0.516128,4.576713,5.6540117,8.339697,5.0604444,5.5547647,42.59315,44.96889,37.674225,42.955303,37.29847,33.248554
2025-12-29 19:00:00+00:00,site_1562,247.21397,228.49684,206.98933,260.56888,230.61403,225.11702,344.89883,342.96472,332.90564,406.9404,385.02542,325.36108,21.476625,22.008657,41.721462,34.891598,34.287003,38.118774,8.266897,9.363245,10.40202,9.612448,10.25254,8.683284,2.6129446,2.218977,1.7327124,2.19662,2.0157568,1.8049996,14.523942,13.343003,17.48034,11.1721325,13.904122,12.130714,41.51882,41.35904,40.483715,40.433105,40.059975,34.29823
2025-12-29 20:00:00+00:00,site_1562,257.62863,203.9619,218.65887,274.6913,232.21603,270.58575,344.1081,322.05518,320.59604,425.84204,371.57037,354.96603,16.810719,15.559583,42.020443,32.074505,29.661724,31.999147,5.6043496,5.8886795,7.6506786,6.8558164,7.0914774,6.427852,2.268813,1.8198136,1.7861484,2.5706336,2.1844928,2.2519736,1.2764655,5.136861,5.8387184,5.2794886,2.1323774,0.8865645,48.048992,44.668518,47.79649,47.18454,44.53555,40.709892
2025-12-29 21:00:00+00:00,site_1562,267.61783,206.14546,264.4771,283.7202,249.58936,279.15906,392.9086,308.10382,361.341,423.42184,379.99228,372.75275,23.75488,27.901299,62.512146,40.859005,36.637432,35.333843,8.420232,10.780333,10.428076,9.226497,13.160635,9.265985,2.5611079,1.5946825,1.8128984,2.74807,2.2473435,2.3982828,1.121036,9.985871,6.407297,4.546424,7.8079658,1.8751947,55.204292,45.740036,55.230606,53.593193,47.48931,40.448994
2025-12-29 22:00:00+00:00,site_1562,211.49486,197.15877,235.24026,278.7945,227.11322,252.53223,279.10016,267.39264,407.82516,391.70242,395.2997,382.00104,27.28236,26.138575,59.49793,39.679337,42.095642,38.00095,7.490815,7.1987844,11.466421,8.504649,8.668767,10.068825,2.6392257,1.8694845,1.8432907,2.818525,2.3281772,2.5295491,1.4664961,5.641616,10.020125,2.0782826,3.489394,4.195061,56.670494,46.077045,54.581238,56.816566,48.27143,40.66137
2025-12-29 23:00:00+00:00,site_1562,182.23993,171.42294,252.17577,269.76645,233.4622,248.91408,260.06345,247.08583,428.05225,391.56274,372.77823,388.51663,26.795084,32.238804,71.06954,35.773617,42.277958,37.538654,7.796247,8.05535,12.562322,10.576964,10.351294,10.275539,2.4174316,1.797118,1.786529,3.2073383,1.8359628,2.3948443,2.577387,5.9759355,12.929203,1.227127,3.3312464,3.5937788,52.325214,46.284615,49.578472,51.496582,46.24282,38.055885
2025-12-30 00:00:00+00:00,site_1562,166.24695,163.65906,282.04126,234.99374,221.9668,230.09991,215.36841,221.04077,400.81363,411.29642,333.72244,314.9349,25.955053,34.364525,61.13953,34.017483,37.124153,34.197258,8.984896,11.431987,14.064737,9.637889,9.098641,9.329465,2.0865593,1.9471096,1.7160727,1.7227302,1.5165905,1.6781261,2.5590184,6.2507834,27.49365,5.5167685,4.295486,1.497341,41.881474,54.612408,48.562477,39.181442,35.77894,33.591576
2025-12-30 01:00:00+00:00,site_1562,156.31912,168.2658,278.0799,216.02618,232.54137,241.39923,208.0177,242.2101,357.1769,348.84897,317.4539,282.06662,25.014002,33.51545,55.213955,32.068794,29.68168,30.098076,8.93088,10.389945,13.694608,11.651823,9.7141075,10.41676,1.824215,1.8649846,1.8101826,1.7455103,1.3581488,1.6777287,5.6901455,12.382049,41.0576,13.358608,14.179876,11.764492,39.718643,46.337025,44.067734,39.51723,34.54073,31.830147
2025-12-30 02:00:00+00:00,site_1562,138.13701,188.67659,281.5172,210.01257,203.21338,236.67677,183.9975,225.20493,368.80453,330.53354,311.2213,317.496,29.757174,44.36863,54.51463,41.620087,46.613773,28.968138,5.412273,7.388503,9.1448,5.9015946,8.9063835,11.035245,1.4904361,1.7821518,1.5564128,1.1264539,0.9475953,1.2224913,1.711632,8.638199,41.205235,5.2771606,6.08587,6.9119244,40.838264,49.139507,65.34301,49.05074,36.025906,44.57949
2025-12-30 03:00:00+00:00,site_1562,185.02943,225.33255,278.14612,215.97618,201.43796,219.02618,260.1749,321.20895,423.23593,342.6431,274.73312,297.40768,45.54509,80.71782,62.227028,49.039524,45.53984,41.827766,10.871937,15.240516,12.000446,10.13627,9.190695,11.936956,2.040663,1.926659,1.8708457,1.748574,1.296925,1.482826,1.7220961,10.458662,46.23447,3.8650067,7.1470456,5.373839,41.074898,50.623756,48.655533,37.360058,31.046806,35.460484
2025-12-30 04:00:00+00:00,site_1562,184.57483,209.2624,280.52444,198.47049,206.57298,195.6831,267.80658,308.8684,421.16083,340.66254,264.07486,297.39362,48.41271,81.84589,63.572086,49.007465,42.217686,37.028473,5.7742763,9.337034,12.498013,8.359357,5.549698,8.259438,2.074331,1.9994481,1.7543713,1.6671582,1.3680499,1.595917,2.4016106,10.380917,32.150703,5.904541,5.832996,6.262991,43.844585,49.62821,46.53149,39.298344,29.214388,33.95895
2025-12-30 05:00:00+00:00,site_1562,192.13,232.27109,277.2875,202.27904,204.17677,164.89188,304.85742,381.4609,424.68658,336.8036,279.78696,250.47911,53.434944,78.618256,83.31776,48.344727,42.646618,41.48121,6.5715704,11.975991,15.935864,9.011631,8.490635,9.775076,2.0603948,1.894272,1.6759751,1.2980658,1.1633489,1.1532735,1.5561217,15.298011,15.029023,3.905653,3.5872757,6.859371,47.562183,51.334663,51.596104,44.698128,32.323357,38.515873
2025-12-30 06:00:00+00:00,site_1562,196.22722,274.07858,271.99994,191.70876,169.98341,172.7991,317.0177,422.2462,392.6388,307.78387,261.91498,253.37454,55.98792,78.54613,88.63257,44.55064,40.575676,36.454624,6.3415003,10.653771,15.034799,8.088776,7.208645,9.004564,2.1849883,1.8221823,1.974336,1.3041252,1.2414781,1.2851187,0.5440455,32.73581,6.8024817,3.2066488,4.1900797,7.207684,50.775482,52.592834,52.74393,44.153114,34.070534,35.656013
2025-12-30 07:00:00+00:00,site_1562,204.48984,286.25443,261.42334,192.57861,168.1373,151.15007,341.85007,422.67075,412.1973,303.03278,254.64397,260.12463,59.13772,58.53105,86.60034,50.27537,41.94603,42.065086,6.095598,11.844742,11.376108,6.970625,8.861012,7.815051,2.2174203,1.581517,2.4344087,1.4182221,1.2412544,1.4958395,0.0,47.358635,2.724416,2.7078843,4.770306,5.2195134,49.80842,51.368164,51.597725,44.798573,32.093987,35.66761
2025-12-30 08:00:00+00:00,site_1562,222.95087,250.83377,242.6997,181.53636,181.30238,162.2731,374.44815,394.85367,437.9521,311.62695,268.67377,270.58688,70.451546,58.525925,89.68906,53.83014,46.74488,43.53114,8.806932,14.225503,12.009342,7.866119,10.52283,9.325572,2.2300193,1.5365307,3.0615993,1.6813297,1.3016927,1.4956384,0.36380738,72.10023,4.6770616,3.3677227,4.802371,7.994612,43.424316,47.16996,49.741333,38.2281,33.145927,34.221375
2025-12-30 09:00:00+00:00,site_1562,228.67743,227.38477,263.02078,198.41472,196.14256,165.31229,394.21906,398.01953,418.24045,295.5553,274.06503,279.51083,79.89968,55.16404,72.58402,57.75645,44.19638,48.57147,10.956976,14.554558,13.121587,10.625861,12.316152,9.654584,2.1584072,1.2909204,3.1192307,1.6741325,1.5387086,1.5032318,3.123993,60.456795,7.5421476,6.3240595,8.872282,10.34795,40.62609,43.486546,47.97719,36.464592,32.607838,36.085396
2025-12-30 10:00:00+00:00,site_1562,234.16243,188.55751,268.10468,237.10991,201.51651,208.09583,357.204,325.08014,437.50766,312.1778,281.8886,313.72592,67.52095,54.800446,59.815933,53.061787,44.442272,47.85592,13.802009,12.995213,14.547506,13.021642,14.983927,12.048231,2.1233525,1.419593,2.7879028,1.6872067,1.3647257,1.4304338,10.987015,50.291985,7.813576,16.078053,14.558223,13.303665,40.33613,42.37119,44.931965,37.296787,33.18359,36.19297
2025-12-30 11:00:00+00:00,site_1562,253.65234,201.53323,268.76596,219.64044,213.99971,200.21118,372.15527,287.54257,436.1585,345.90442,315.284,307.50024,50.677223,52.86014,50.497143,48.780697,42.997807,46.825153,13.157446,11.4517765,11.82519,13.7729025,13.332962,12.607477,1.9790308,1.6208341,2.5361798,1.6887984,1.4238715,1.4114683,30.087463,28.197174,11.308405,26.279549,24.142437,26.744444,39.637196,42.318546,42.709732,35.16004,33.34191,34.794735
2025-12-30 12:00:00+00:00,site_1562,283.9987,252.58304,252.08447,217.84676,212.22581,209.7793,376.03412,338.2134,353.63782,339.6303,326.84964,303.86298,45.2045,62.86617,43.6485,42.49657,39.041943,37.770874,9.502003,8.821842,9.213245,10.552813,10.832311,9.940572,1.7842563,1.7225962,2.046385,1.6116586,1.4440043,1.58024,66.625336,11.556701,11.164869,46.29376,37.058952,46.023468,50.72808,50.268562,49.252216,42.23057,35.42101,37.95105
2025-12-30 13:00:00+00:00,site_1562,249.93185,262.60663,237.16545,213.99693,219.59283,211.16696,370.96725,426.35147,390.81342,324.34436,340.63794,321.82233,31.040844,59.366932,44.356827,30.371563,34.831352,29.279251,7.2879586,8.0807295,8.7719965,10.91548,9.686969,9.637023,1.2541226,2.0876637,1.608866,1.2972075,1.2665349,1.224411,80.33918,10.92254,11.959426,65.37303,53.47078,67.71388,52.04575,50.932774,51.319103,42.063328,35.631588,38.624603
2025-12-30 14:00:00+00:00,site_1562,142.18292,262.81787,230.21967,253.24168,223.38632,212.2507,231.56358,452.3725,402.12576,321.43127,333.66248,319.57483,16.004284,39.489136,28.640778,25.877306,23.481024,22.593706,6.642913,9.476202,6.935298,8.60014,7.72685,9.982281,1.0127567,2.6207087,1.8330683,1.364053,1.2408166,1.1520966,66.118126,7.9364123,8.446197,53.184113,56.074574,69.72935,52.207024,52.99692,52.318863,51.575336,38.299744,47.71232
2025-12-30 15:00:00+00:00,site_1562,127.292946,345.85422,246.40146,250.61661,192.20262,204.40384,199.51137,560.51447,410.48715,299.64615,331.85992,300.98526,27.438282,33.33476,11.1356,20.35757,25.559961,15.770946,5.983988,8.097106,7.61171,9.372847,6.397507,9.456603,0.85360014,3.2356791,1.8725777,1.2861888,1.1368856,1.1246796,53.33863,10.030707,11.69331,51.771847,54.280922,51.77711,45.586952,48.6178,42.96556,49.359642,34.139404,42.75718
2025-12-30 16:00:00+00:00,site_1562,98.45711,385.51987,210.86876,171.52847,191.90056,134.47993,177.73924,458.1659,290.52533,251.03952,293.2521,264.7054,68.34638,70.9682,46.635216,53.334816,50.73283,45.93154,7.681865,12.565513,7.8280377,10.172617,9.916771,9.984985,1.280626,4.2809978,1.7253126,1.2674838,1.0675719,0.9696938,14.592993,8.155315,11.367617,49.042038,43.80969,44.062927,23.61254,38.55677,31.47364,31.483137,25.88439,27.049862
2025-12-30 17:00:00+00:00,site_1562,107.52468,323.5095,178.63957,166.9365,201.48035,160.07213,197.49168,429.84744,286.79147,259.9529,283.21155,288.24002,59.504166,52.746723,37.274033,59.989567,53.340626,48.56209,6.5071964,9.2879715,6.2771363,7.515204,7.216313,8.983723,1.3143054,3.571215,1.6884811,1.2116181,1.1071988,1.0965027,9.683336,6.3061213,10.813252,25.092625,29.83034,24.924774,26.503,35.191605,29.664217,32.39086,29.250877,27.238823
2025-12-30 18:00:00+00:00,site_1562,103.376564,298.2599,187.4284,171.0356,187.46751,171.85168,206.85939,404.37933,272.7994,273.89606,285.17474,280.50702,46.707176,32.063553,29.375502,57.027725,54.454178,46.140076,6.4262166,8.434126,7.3675976,7.2906194,7.816397,10.014156,1.7278703,3.5924454,1.9334699,1.5829759,1.3168824,1.4609854,4.05697,4.9192495,7.1526637,11.689957,9.601942,8.632429,30.18285,33.507442,31.773447,30.392488,27.92398,27.720665
2025-12-30 19:00:00+00:00,site_1562,120.1355,245.71922,170.8011,188.77884,206.83226,182.01627,192.44322,342.2186,277.10016,294.55203,260.46637,287.99893,43.70987,28.420578,34.40348,54.998825,47.445362,42.191353,7.063832,7.98221,7.2163563,8.439339,12.312002,9.400427,2.0235157,2.8960063,1.9629797,2.0152707,1.4544808,1.4829445,0.8441465,2.8890352,9.401997,10.888335,4.407553,3.324361,28.503006,33.009155,25.569027,30.462978,27.589003,26.318533
2025-12-30 20:00:00+00:00,site_1562,141.79257,219.86855,182.85501,207.87259,226.18428,236.06808,197.7417,333.59515,299.6768,337.71466,327.9083,373.58713,36.095184,29.113852,39.424988,45.121315,45.53145,38.134323,5.4770885,8.152687,6.7658153,5.7084265,7.6313987,7.8053017,2.3482342,2.5542955,1.7371298,2.4099166,1.8728462,1.8317416,1.4397517,4.7424426,9.633071,6.10447,5.480519,4.246946,29.381653,33.772255,28.795036,33.970345,28.508963,28.356945
2025-12-30 21:00:00+00:00,site_1562,167.74916,235.08875,239.70619,240.34282,207.99321,229.54285,254.28581,293.45743,335.3099,341.90152,410.70914,333.0338,29.419184,27.502478,61.25071,40.078545,38.749886,32.89443,7.389764,6.432262,9.36409,8.363088,9.600698,8.6992235,3.0526028,2.7382886,1.9032772,2.8142335,2.170971,2.4818656,0.6102811,4.7026386,10.86778,9.143016,2.1612394,3.4353557,24.3956,27.329767,31.032911,30.58864,27.247236,31.240494
2025-12-30 22:00:00+00:00,site_1562,198.70291,200.4097,232.25467,255.44478,245.27322,242.80786,300.5032,320.8479,317.01917,345.31467,444.83075,389.79175,26.91955,30.28536,69.413055,42.33292,37.71838,34.681984,8.833664,7.4220324,10.563234,9.118841,12.440508,8.983606,3.0885298,2.4395957,1.595401,2.3683245,2.0877976,2.003066,2.7731724,7.392884,28.512434,10.59057,4.1763434,4.599157,18.411884,26.30017,30.383804,29.324192,21.561415,25.781689
2025-12-30 23:00:00+00:00,site_1562,234.9763,209.36377,264.15607,265.6402,222.95404,209.53348,321.6834,354.52533,332.9413,325.25903,367.70804,307.8996,26.436731,32.440067,77.969185,36.428074,33.418797,28.361639,8.374387,10.983563,9.687923,8.973998,11.87775,10.271266,3.377827,2.1694694,1.6693852,2.2755337,2.200821,1.9116871,2.7026787,4.9457407,34.206207,5.9351563,5.359406,5.494494,17.350193,29.544935,31.9271,29.832941,24.349937,26.22857
2025-12-31 00:00:00+00:00,site_1562,250.47208,210.38913,272.99335,300.05383,228.13496,202.1888,339.41376,332.27365,367.66867,333.81912,351.87982,268.51205,22.023268,43.665535,67.232735,36.259438,31.892239,27.87242,12.817765,14.934396,10.146151,10.227391,18.979065,11.181415,3.5540755,1.604525,1.834181,1.9155204,2.1996527,2.55776,3.074508,8.780061,37.300632,5.8422294,5.388842,9.004634,17.0179,43.779354,44.76697,44.381706,33.50884,43.909107
2025-12-31 01:00:00+00:00,site_1562,269.01205,218.69696,284.66724,238.82298,204.69278,178.5489,372.2547,337.75372,383.82825,326.61725,337.1832,241.75623,20.695396,47.193882,61.847435,30.979147,34.369633,29.253544,12.740575,16.218061,10.201167,10.028661,14.669475,9.2221155,3.3702042,1.8358834,1.6857737,1.8975435,2.0715759,1.4782162,13.898116,14.92478,51.278362,16.823292,22.043076,13.628509,13.6293955,48.45962,57.012436,51.213764,35.09895,49.73152
2025-12-31 02:00:00+00:00,site_1562,278.90506,197.5957,237.01932,239.51355,205.67555,172.2209,371.0004,335.8098,394.16403,332.00372,340.05667,230.68803,43.95237,69.2344,62.912693,34.574326,43.708256,29.14682,9.887722,9.36319,8.556279,5.7761464,12.834888,17.939783,2.102633,1.7947642,1.2204715,0.8468832,1.3900583,0.963378,2.2778516,7.2352753,41.00736,5.072152,2.780067,7.086532,52.15756,62.450623,63.977154,56.973637,36.58373,48.431747
2025-12-31 03:00:00+00:00,site_1562,308.3417,231.16333,266.44107,217.20766,198.57628,183.4903,448.35703,401.5194,376.5366,335.39813,322.341,232.46725,38.856796,72.56207,67.34836,38.295834,42.721535,26.735495,10.584398,11.476099,9.277313,10.104331,11.560615,11.185315,3.281639,2.0606585,1.5697505,1.5949383,1.9281976,1.633218,3.612092,13.078565,45.54451,11.351233,8.274111,10.07209,19.284887,28.217665,28.326403,32.242554,31.320435,34.51415
2025-12-31 04:00:00+00:00,site_1562,310.34628,260.389,263.39502,205.49976,176.19044,171.52768,471.07144,355.41663,363.83853,307.30557,314.6749,236.14757,29.683825,65.078445,59.92261,24.959587,33.90915,21.102154,8.688435,7.9244375,7.610874,8.30924,12.412967,6.235581,3.1256423,2.1001077,1.4724767,1.9810269,1.5903546,1.3736016,2.1774924,13.516518,23.556137,10.0899725,6.953952,8.04241,25.946817,32.504673,39.588284,31.416908,28.491446,28.450031
2025-12-31 05:00:00+00:00,site_1562,347.78714,253.46156,273.49295,244.2528,196.32765,179.86938,497.56305,399.14142,366.1994,319.786,281.9536,233.50381,42.50918,69.400085,73.79207,37.998512,35.84836,24.804895,9.68166,8.88378,8.448534,5.8265753,8.9279995,6.3750978,2.805328,1.9028637,1.8937335,2.2529244,1.4621023,1.6833197,1.6470547,20.160284,9.096804,16.80998,6.8685675,1.1667011,28.12876,32.025883,33.28464,29.928349,29.535614,29.410074
2025-12-31 06:00:00+00:00,site_1562,298.24042,260.09784,252.00662,226.68109,161.26509,185.86476,414.5085,381.69626,358.13983,291.54077,251.91943,225.82445,48.860207,60.583416,77.39569,38.136166,38.097973,26.452345,10.892892,11.497237,9.789683,7.23542,9.402312,7.7169733,2.0371554,1.7969798,2.1969624,1.8093297,1.5788727,1.5157701,4.747685,35.442905,5.4520035,14.705538,6.7458625,6.1632633,36.725864,45.2921,44.493355,33.929157,34.648094,32.832233
2025-12-31 07:00:00+00:00,site_1562,179.9433,252.56494,267.9538,191.82043,178.21751,177.9885,252.76054,336.37152,405.59302,279.75662,252.60153,249.46642,43.295242,53.25659,66.90326,39.81931,40.061794,32.394814,8.369516,11.571243,10.564307,8.719275,8.728185,8.417709,1.694333,1.567309,2.3162925,1.6037252,1.5288271,1.327669,1.6101059,42.472134,11.440562,10.213878,9.03138,5.317495,34.744644,39.398087,39.3079,33.867126,33.409374,32.55224
2025-12-31 08:00:00+00:00,site_1562,157.42361,232.38844,277.00537,179.79602,176.08939,190.18726,222.07494,312.8902,403.11978,250.97687,262.42453,291.4344,42.76682,51.313725,52.481724,37.195793,39.73073,32.194973,11.494512,12.273904,10.131068,9.165684,7.816527,7.153427,1.5197324,1.5262716,2.1025977,1.4711785,1.4891881,1.1944107,5.7618403,46.440773,10.74821,10.128812,8.084208,9.307975,31.12345,35.42055,37.249588,30.521097,28.539692,31.367046
2025-12-31 09:00:00+00:00,site_1562,147.31563,210.23743,257.3087,176.4994,160.47922,204.78148,213.69232,300.44073,416.76428,250.104,256.15424,281.67706,40.997902,46.303753,51.17464,37.181255,41.869297,35.354717,9.903695,13.518663,11.445923,11.7757225,9.936095,9.683857,1.5966979,1.4842993,2.4405994,1.4708878,1.5088392,1.1801957,25.640476,45.407566,15.985567,18.58438,22.755745,16.185633,29.375658,37.223766,36.47211,31.373016,26.851717,29.838644
2025-12-31 10:00:00+00:00,site_1562,169.5883,232.50504,288.21576,206.09799,177.88408,201.48935,231.30038,304.40955,455.48364,260.3619,268.79642,273.7207,47.853184,58.28449,50.47558,41.88869,45.841618,34.048355,13.844957,11.335673,11.62926,11.538454,13.37278,9.4609785,1.6142579,1.6538293,1.9410754,1.4794866,1.3361381,1.1809465,4.8673463,27.35579,10.263387,14.283674,10.97591,10.122648,28.018892,35.645596,34.01607,29.637627,26.664843,28.40645
2025-12-31 11:00:00+00:00,site_1562,166.69783,238.12245,255.22395,211.1319,161.17888,197.59618,233.86545,317.89246,409.65744,253.5489,267.72372,265.6785,48.82374,62.89282,43.4898,39.407856,45.835213,34.40551,13.373596,9.760763,9.5552025,11.465008,10.107553,9.38757,1.608637,1.6526035,1.9473953,1.4136872,1.3078858,1.3944633,5.9078865,14.524251,7.5631986,14.78054,10.398236,9.894861,27.83593,34.43022,35.13251,27.595768,26.31038,26.897924
2025-12-31 12:00:00+00:00,site_1562,166.04088,210.7725,213.7359,203.93668,163.05736,180.91875,240.97267,313.002,370.4465,287.37656,273.00015,241.7859,44.534897,52.984264,37.517574,37.042786,37.433167,31.990332,6.6063414,8.164574,8.414246,7.770354,7.563244,8.956896,1.6963856,1.8768469,2.0428362,1.2696421,1.3544742,1.4271194,6.027695,9.538141,9.364296,14.759874,13.368991,14.508046,35.366817,36.920815,38.132942,36.167194,29.90451,30.134468
2025-12-31 13:00:00+00:00,site_1562,171.98285,234.4275,234.05415,206.34642,156.22275,176.08887,243.07042,307.97662,327.53757,250.7045,263.55774,247.42686,46.44251,48.30482,39.892246,36.71416,39.62231,32.375412,5.1276007,7.5293956,7.5825067,6.3496265,6.322434,7.092145,1.6988995,2.26634,1.9267454,1.3386418,1.3373177,1.249118,12.493977,9.672144,13.52337,28.128487,23.738247,33.592545,39.31448,40.518703,39.886047,38.292107,28.934076,32.081547
2025-12-31 14:00:00+00:00,site_1562,183.4126,232.08665,201.81145,168.91411,143.74736,174.64088,265.73697,317.39914,311.49268,196.15561,219.45868,228.62885,48.21811,44.609455,36.01297,34.46342,40.526066,29.355072,6.5138855,7.545788,7.3330913,8.311281,8.182655,8.4099245,1.7558815,2.0328588,1.8012141,1.2447093,1.2807069,1.3163435,15.224124,11.1989,15.400601,37.462734,26.783167,33.626324,40.24778,42.529137,35.360897,35.243366,31.418427,29.743942
2025-12-31 15:00:00+00:00,site_1562,186.33595,243.43065,204.493,165.26735,162.66644,168.57864,277.92325,291.90512,276.8261,220.73918,230.00835,273.45444,42.100685,41.22615,35.938786,39.854275,40.81346,33.686264,8.007915,8.428817,7.141186,9.7917795,11.538519,9.36282,1.7386,1.910124,1.814204,1.358191,1.2961782,1.3726004,12.754429,12.001804,16.293362,43.125305,28.506443,45.068897,39.669495,42.36936,36.045536,35.457928,30.967144,29.257654
2025-12-31 16:00:00+00:00,site_1562,195.67668,226.81804,193.30942,187.61589,154.0928,185.14482,301.69363,274.61673,273.31262,266.23627,238.92613,263.46402,39.716015,40.615547,31.380281,38.60229,35.137123,33.32278,9.425941,9.87472,8.398412,10.855606,10.357222,9.970178,1.9339896,1.7902243,1.8090372,1.3111266,1.3888317,1.3796651,11.389038,13.016753,15.684839,39.25981,29.72925,40.954586,35.53042,37.9532,35.960598,33.019714,30.395922,28.05635
2025-12-31 17:00:00+00:00,site_1562,222.22514,217.06877,179.73325,182.38028,155.87811,175.11485,321.77917,261.5469,260.68607,309.26382,232.73781,275.86746,42.455418,42.871162,28.69325,46.182323,46.0984,33.18795,8.392903,9.654391,7.089497,9.9095335,9.341437,9.406513,1.95553,1.5762955,1.5366176,1.4965405,1.4187013,1.4335457,8.409748,12.989008,12.247384,23.198723,17.862396,23.020067,33.835724,36.46351,33.489445,32.048676,29.108986,25.542828
2025-12-31 18:00:00+00:00,site_1562,232.84395,191.49706,168.57333,199.1128,150.53409,188.63171,328.61017,272.4347,230.64949,319.46207,218.25336,279.30084,45.25866,38.182934,26.16411,47.68583,42.11895,30.998537,5.772253,5.9589896,4.5795193,6.44888,6.4595065,6.0708604,2.1878085,1.5452921,1.6402453,2.1726677,1.3709543,1.984461,2.9273028,11.624691,14.964733,7.6836357,7.3803825,9.325767,33.488094,34.61013,30.394295,32.433247,25.655071,23.600147
2025-12-31 19:00:00+00:00,site_1562,243.53194,179.9371,162.98543,226.3028,181.89993,201.94763,355.1778,270.23203,214.82259,352.601,329.45236,356.60132,47.278614,32.704548,34.13818,51.579575,44.909847,32.375084,4.6407733,5.295153,3.9000952,7.490447,5.478725,6.0644383,2.4089444,1.3656471,1.746911,2.9635315,1.7256142,2.3034754,7.7714877,19.389347,23.05217,8.822609,14.644098,11.499295,31.53136,30.683786,31.249786,31.99646,27.009735,24.448055
2025-12-31 20:00:00+00:00,site_1562,255.05933,173.69157,172.09198,223.84276,205.12054,235.32948,380.85968,250.88853,242.588,372.2172,388.5441,415.36908,43.40419,33.467823,39.919014,49.001984,35.94815,20.960995,2.1702774,4.6394424,2.1754463,6.869604,5.337603,7.087185,2.2573893,1.4238353,1.8707614,3.2219286,1.7919637,2.4965034,2.651453,10.571905,17.428856,5.380866,6.158988,4.643719,40.534573,36.255596,30.137552,32.87442,30.351343,26.987667
2025-12-31 21:00:00+00:00,site_1562,233.51752,175.33919,183.84158,229.02806,188.6,252.59161,376.6157,263.53204,277.1017,318.55875,377.15985,462.9975,40.293793,34.589886,51.44487,44.093597,33.632114,24.70306,2.5202403,2.8147974,4.0299287,6.338557,4.161201,5.8526525,2.4038377,1.5640969,2.007072,2.6511877,1.968296,3.0504835,3.759817,11.020609,20.059994,8.656751,4.144597,2.315956,42.598183,39.32181,34.07827,34.24691,28.249353,26.610277
2025-12-31 22:00:00+00:00,site_1562,224.11989,127.63577,180.55673,208.90268,205.78244,234.43651,357.9092,222.09808,284.94257,313.55722,365.19012,413.15427,42.175865,33.124794,52.300926,43.544224,35.370552,29.586235,3.0081968,3.8452544,4.9707537,8.526062,4.7599177,7.183778,2.2584047,1.8155472,2.1103063,2.8037636,2.34158,2.3957477,2.2182724,10.632085,24.017122,4.888243,3.2247164,4.4814715,40.856438,36.543022,35.599056,34.912846,30.985016,26.738098
2025-12-31 23:00:00+00:00,site_1562,221.26637,154.24107,175.68471,226.2756,196.40385,230.30217,367.78363,241.80104,301.8034,340.0454,357.51675,387.11188,43.912735,34.90397,49.699696,37.829613,35.710186,26.319405,3.0048714,3.8313146,5.3883357,6.539349,3.8887215,6.225585,1.9874817,1.7536384,1.8505613,2.1206777,2.0991535,2.5987706,3.8071644,12.923587,26.175617,6.9870534,3.3722496,4.5669155,39.979794,33.962845,37.14166,31.786842,28.733395,26.85935
